,,,,value
stated_policies_newcap,r.A,t.elect_coal,1990,0.0
stated_policies_newcap,r.A,t.elect_coal,1991,0.0
stated_policies_newcap,r.A,t.elect_coal,1992,0.0
stated_policies_newcap,r.A,t.elect_coal,1993,0.0
stated_policies_newcap,r.A,t.elect_coal,1994,0.0
stated_policies_newcap,r.A,t.elect_coal,1995,0.0
stated_policies_newcap,r.A,t.elect_coal,1996,0.0
stated_policies_newcap,r.A,t.elect_coal,1997,0.0
stated_policies_newcap,r.A,t.elect_coal,1998,0.0
stated_policies_newcap,r.A,t.elect_coal,1999,0.0
stated_policies_newcap,r.A,t.elect_coal,2000,0.0
stated_policies_newcap,r.A,t.elect_coal,2001,0.0
stated_policies_newcap,r.A,t.elect_coal,2002,0.0
stated_policies_newcap,r.A,t.elect_coal,2003,0.0
stated_policies_newcap,r.A,t.elect_coal,2004,0.0
stated_policies_newcap,r.A,t.elect_coal,2005,0.0
stated_policies_newcap,r.A,t.elect_coal,2006,0.0
stated_policies_newcap,r.A,t.elect_coal,2007,0.0
stated_policies_newcap,r.A,t.elect_coal,2008,0.0
stated_policies_newcap,r.A,t.elect_coal,2009,0.0
stated_policies_newcap,r.A,t.elect_coal,2010,0.0
stated_policies_newcap,r.A,t.elect_coal,2011,0.0
stated_policies_newcap,r.A,t.elect_coal,2012,0.0
stated_policies_newcap,r.A,t.elect_coal,2013,0.0
stated_policies_newcap,r.A,t.elect_coal,2014,0.0
stated_policies_newcap,r.A,t.elect_coal,2015,4.787218507817133e-05
stated_policies_newcap,r.A,t.elect_coal,2016,9.574437015634265e-05
stated_policies_newcap,r.A,t.elect_coal,2017,0.0003829774806253706
stated_policies_newcap,r.A,t.elect_coal,2018,0.0012925489971106258
stated_policies_newcap,r.A,t.elect_coal,2019,0.0023716809147689673
stated_policies_newcap,r.A,t.elect_coal,2020,0.0006263539128152004
stated_policies_newcap,r.A,t.elect_coal,2021,0.00020755076750857853
stated_policies_newcap,r.A,t.elect_coal,2022,0.0007004838403414526
stated_policies_newcap,r.A,t.elect_coal,2023,0.0012712484509900435
stated_policies_newcap,r.A,t.elect_coal,2024,0.0003113261512628678
stated_policies_newcap,r.A,t.elect_coal,2025,0.0
stated_policies_newcap,r.A,t.elect_coal,2026,0.0
stated_policies_newcap,r.A,t.elect_coal,2027,0.0
stated_policies_newcap,r.A,t.elect_coal,2028,0.0
stated_policies_newcap,r.A,t.elect_coal,2029,0.0
stated_policies_newcap,r.A,t.elect_coal,2030,0.0
stated_policies_newcap,r.A,t.elect_coal,2031,0.0
stated_policies_newcap,r.A,t.elect_coal,2032,0.0
stated_policies_newcap,r.A,t.elect_coal,2033,0.0
stated_policies_newcap,r.A,t.elect_coal,2034,0.0
stated_policies_newcap,r.A,t.elect_coal,2035,0.0
stated_policies_newcap,r.A,t.elect_coal,2036,0.0
stated_policies_newcap,r.A,t.elect_coal,2037,0.0
stated_policies_newcap,r.A,t.elect_coal,2038,0.0
stated_policies_newcap,r.A,t.elect_coal,2039,0.0
stated_policies_newcap,r.A,t.elect_coal,2040,0.0
stated_policies_newcap,r.A,t.elect_coal,2041,0.0
stated_policies_newcap,r.A,t.elect_coal,2042,0.0
stated_policies_newcap,r.A,t.elect_coal,2043,0.0
stated_policies_newcap,r.A,t.elect_coal,2044,0.0
stated_policies_newcap,r.A,t.elect_coal,2045,0.0
stated_policies_newcap,r.A,t.elect_coal,2046,0.0
stated_policies_newcap,r.A,t.elect_coal,2047,0.0
stated_policies_newcap,r.A,t.elect_coal,2048,0.0
stated_policies_newcap,r.A,t.elect_coal,2049,0.0
stated_policies_newcap,r.A,t.elect_coal,2050,0.0
stated_policies_newcap,r.A,t.elect_coal,2051,0.0
stated_policies_newcap,r.A,t.elect_coal,2052,0.0
stated_policies_newcap,r.A,t.elect_coal,2053,0.0
stated_policies_newcap,r.A,t.elect_coal,2054,0.0
stated_policies_newcap,r.A,t.elect_coal,2055,0.0
stated_policies_newcap,r.A,t.elect_coal,2056,0.0
stated_policies_newcap,r.A,t.elect_coal,2057,0.0
stated_policies_newcap,r.A,t.elect_coal,2058,0.0
stated_policies_newcap,r.A,t.elect_coal,2059,0.0
stated_policies_newcap,r.A,t.elect_coal,2060,0.0
stated_policies_newcap,r.A,t.elect_coal,2061,0.0
stated_policies_newcap,r.A,t.elect_coal,2062,0.0
stated_policies_newcap,r.A,t.elect_coal,2063,0.0
stated_policies_newcap,r.A,t.elect_coal,2064,0.0
stated_policies_newcap,r.A,t.elect_coal,2065,0.0
stated_policies_newcap,r.A,t.elect_coal,2066,0.0
stated_policies_newcap,r.A,t.elect_coal,2067,0.0
stated_policies_newcap,r.A,t.elect_coal,2068,0.0
stated_policies_newcap,r.A,t.elect_coal,2069,0.0
stated_policies_newcap,r.A,t.elect_coal,2070,0.0
stated_policies_newcap,r.A,t.elect_oil,1990,0.0
stated_policies_newcap,r.A,t.elect_oil,1991,0.0
stated_policies_newcap,r.A,t.elect_oil,1992,0.0
stated_policies_newcap,r.A,t.elect_oil,1993,0.0
stated_policies_newcap,r.A,t.elect_oil,1994,0.0
stated_policies_newcap,r.A,t.elect_oil,1995,0.0
stated_policies_newcap,r.A,t.elect_oil,1996,0.0
stated_policies_newcap,r.A,t.elect_oil,1997,0.0
stated_policies_newcap,r.A,t.elect_oil,1998,0.0
stated_policies_newcap,r.A,t.elect_oil,1999,0.0
stated_policies_newcap,r.A,t.elect_oil,2000,0.0
stated_policies_newcap,r.A,t.elect_oil,2001,0.0
stated_policies_newcap,r.A,t.elect_oil,2002,0.0
stated_policies_newcap,r.A,t.elect_oil,2003,0.0
stated_policies_newcap,r.A,t.elect_oil,2004,0.0
stated_policies_newcap,r.A,t.elect_oil,2005,0.0
stated_policies_newcap,r.A,t.elect_oil,2006,0.0
stated_policies_newcap,r.A,t.elect_oil,2007,0.0
stated_policies_newcap,r.A,t.elect_oil,2008,0.0
stated_policies_newcap,r.A,t.elect_oil,2009,0.0
stated_policies_newcap,r.A,t.elect_oil,2010,0.0
stated_policies_newcap,r.A,t.elect_oil,2011,0.0
stated_policies_newcap,r.A,t.elect_oil,2012,0.0
stated_policies_newcap,r.A,t.elect_oil,2013,0.0
stated_policies_newcap,r.A,t.elect_oil,2014,0.0
stated_policies_newcap,r.A,t.elect_oil,2015,0.00013375103886192116
stated_policies_newcap,r.A,t.elect_oil,2016,0.0002675020777238423
stated_policies_newcap,r.A,t.elect_oil,2017,0.001085057632912674
stated_policies_newcap,r.A,t.elect_oil,2018,0.0036413766933064812
stated_policies_newcap,r.A,t.elect_oil,2019,0.006674750704070702
stated_policies_newcap,r.A,t.elect_oil,2020,0.002018201229416403
stated_policies_newcap,r.A,t.elect_oil,2021,0.0007533518108526758
stated_policies_newcap,r.A,t.elect_oil,2022,0.00024155587373598234
stated_policies_newcap,r.A,t.elect_oil,2023,0.00018236473387452722
stated_policies_newcap,r.A,t.elect_oil,2024,0.0002882471236608801
stated_policies_newcap,r.A,t.elect_oil,2025,6.895945451837534e-05
stated_policies_newcap,r.A,t.elect_oil,2026,0.0
stated_policies_newcap,r.A,t.elect_oil,2027,0.0
stated_policies_newcap,r.A,t.elect_oil,2028,0.0
stated_policies_newcap,r.A,t.elect_oil,2029,0.0
stated_policies_newcap,r.A,t.elect_oil,2030,0.0
stated_policies_newcap,r.A,t.elect_oil,2031,0.0
stated_policies_newcap,r.A,t.elect_oil,2032,0.0
stated_policies_newcap,r.A,t.elect_oil,2033,0.0
stated_policies_newcap,r.A,t.elect_oil,2034,4.656872667868712e-06
stated_policies_newcap,r.A,t.elect_oil,2035,9.313745335737424e-06
stated_policies_newcap,r.A,t.elect_oil,2036,3.72549813429497e-05
stated_policies_newcap,r.A,t.elect_oil,2037,0.00012573556203245525
stated_policies_newcap,r.A,t.elect_oil,2038,0.0002281867607255669
stated_policies_newcap,r.A,t.elect_oil,2039,5.588247201442455e-05
stated_policies_newcap,r.A,t.elect_oil,2040,0.0
stated_policies_newcap,r.A,t.elect_oil,2041,0.0
stated_policies_newcap,r.A,t.elect_oil,2042,0.0
stated_policies_newcap,r.A,t.elect_oil,2043,0.0
stated_policies_newcap,r.A,t.elect_oil,2044,0.0
stated_policies_newcap,r.A,t.elect_oil,2045,0.0
stated_policies_newcap,r.A,t.elect_oil,2046,0.0
stated_policies_newcap,r.A,t.elect_oil,2047,0.0
stated_policies_newcap,r.A,t.elect_oil,2048,0.0
stated_policies_newcap,r.A,t.elect_oil,2049,0.0
stated_policies_newcap,r.A,t.elect_oil,2050,0.0
stated_policies_newcap,r.A,t.elect_oil,2051,0.0
stated_policies_newcap,r.A,t.elect_oil,2052,0.0
stated_policies_newcap,r.A,t.elect_oil,2053,0.0
stated_policies_newcap,r.A,t.elect_oil,2054,0.0
stated_policies_newcap,r.A,t.elect_oil,2055,0.0
stated_policies_newcap,r.A,t.elect_oil,2056,0.0
stated_policies_newcap,r.A,t.elect_oil,2057,0.0
stated_policies_newcap,r.A,t.elect_oil,2058,0.0
stated_policies_newcap,r.A,t.elect_oil,2059,0.0
stated_policies_newcap,r.A,t.elect_oil,2060,0.0
stated_policies_newcap,r.A,t.elect_oil,2061,0.0
stated_policies_newcap,r.A,t.elect_oil,2062,0.0
stated_policies_newcap,r.A,t.elect_oil,2063,0.0
stated_policies_newcap,r.A,t.elect_oil,2064,0.0
stated_policies_newcap,r.A,t.elect_oil,2065,0.0
stated_policies_newcap,r.A,t.elect_oil,2066,0.0
stated_policies_newcap,r.A,t.elect_oil,2067,0.0
stated_policies_newcap,r.A,t.elect_oil,2068,0.0
stated_policies_newcap,r.A,t.elect_oil,2069,0.0
stated_policies_newcap,r.A,t.elect_oil,2070,0.0
stated_policies_newcap,r.A,t.elect_natgas,1990,0.0
stated_policies_newcap,r.A,t.elect_natgas,1991,0.0
stated_policies_newcap,r.A,t.elect_natgas,1992,0.0
stated_policies_newcap,r.A,t.elect_natgas,1993,0.0
stated_policies_newcap,r.A,t.elect_natgas,1994,0.0
stated_policies_newcap,r.A,t.elect_natgas,1995,0.0
stated_policies_newcap,r.A,t.elect_natgas,1996,0.0
stated_policies_newcap,r.A,t.elect_natgas,1997,0.0
stated_policies_newcap,r.A,t.elect_natgas,1998,0.0
stated_policies_newcap,r.A,t.elect_natgas,1999,0.0
stated_policies_newcap,r.A,t.elect_natgas,2000,0.0
stated_policies_newcap,r.A,t.elect_natgas,2001,0.0
stated_policies_newcap,r.A,t.elect_natgas,2002,0.0
stated_policies_newcap,r.A,t.elect_natgas,2003,0.0
stated_policies_newcap,r.A,t.elect_natgas,2004,0.0
stated_policies_newcap,r.A,t.elect_natgas,2005,0.0
stated_policies_newcap,r.A,t.elect_natgas,2006,0.0
stated_policies_newcap,r.A,t.elect_natgas,2007,0.0
stated_policies_newcap,r.A,t.elect_natgas,2008,0.0
stated_policies_newcap,r.A,t.elect_natgas,2009,0.0
stated_policies_newcap,r.A,t.elect_natgas,2010,0.0
stated_policies_newcap,r.A,t.elect_natgas,2011,0.0
stated_policies_newcap,r.A,t.elect_natgas,2012,0.0
stated_policies_newcap,r.A,t.elect_natgas,2013,0.0
stated_policies_newcap,r.A,t.elect_natgas,2014,0.0
stated_policies_newcap,r.A,t.elect_natgas,2015,9.125096840697951e-05
stated_policies_newcap,r.A,t.elect_natgas,2016,0.00018250193681395901
stated_policies_newcap,r.A,t.elect_natgas,2017,0.0007300077472558361
stated_policies_newcap,r.A,t.elect_natgas,2018,0.002463776146988447
stated_policies_newcap,r.A,t.elect_natgas,2019,0.004471297451941996
stated_policies_newcap,r.A,t.elect_natgas,2020,0.001095011620883754
stated_policies_newcap,r.A,t.elect_natgas,2021,0.0
stated_policies_newcap,r.A,t.elect_natgas,2022,0.0
stated_policies_newcap,r.A,t.elect_natgas,2023,0.0
stated_policies_newcap,r.A,t.elect_natgas,2024,3.956237350418804e-05
stated_policies_newcap,r.A,t.elect_natgas,2025,7.912474700837608e-05
stated_policies_newcap,r.A,t.elect_natgas,2026,0.00032064700223259277
stated_policies_newcap,r.A,t.elect_natgas,2027,0.0010764801130112539
stated_policies_newcap,r.A,t.elect_natgas,2028,0.0020091141526716585
stated_policies_newcap,r.A,t.elect_natgas,2029,0.0007099771886579677
stated_policies_newcap,r.A,t.elect_natgas,2030,0.0006426466351492732
stated_policies_newcap,r.A,t.elect_natgas,2031,0.001582099402712294
stated_policies_newcap,r.A,t.elect_natgas,2032,0.0036131313131313133
stated_policies_newcap,r.A,t.elect_natgas,2033,0.004485858585858586
stated_policies_newcap,r.A,t.elect_natgas,2034,0.0043343434343434345
stated_policies_newcap,r.A,t.elect_natgas,2035,0.004045454545454546
stated_policies_newcap,r.A,t.elect_natgas,2036,0.003240404040404041
stated_policies_newcap,r.A,t.elect_natgas,2037,0.00277979797979798
stated_policies_newcap,r.A,t.elect_natgas,2038,0.0014373737373737374
stated_policies_newcap,r.A,t.elect_natgas,2039,0.0018171717171717172
stated_policies_newcap,r.A,t.elect_natgas,2040,0.0010444444444444444
stated_policies_newcap,r.A,t.elect_natgas,2041,0.0001696969696969697
stated_policies_newcap,r.A,t.elect_natgas,2042,0.0
stated_policies_newcap,r.A,t.elect_natgas,2043,2.0202020202020206e-06
stated_policies_newcap,r.A,t.elect_natgas,2044,4.040404040404041e-06
stated_policies_newcap,r.A,t.elect_natgas,2045,1.6161616161616165e-05
stated_policies_newcap,r.A,t.elect_natgas,2046,5.454545454545455e-05
stated_policies_newcap,r.A,t.elect_natgas,2047,9.8989898989899e-05
stated_policies_newcap,r.A,t.elect_natgas,2048,2.424242424240076e-05
stated_policies_newcap,r.A,t.elect_natgas,2049,0.0
stated_policies_newcap,r.A,t.elect_natgas,2050,0.0
stated_policies_newcap,r.A,t.elect_natgas,2051,0.0
stated_policies_newcap,r.A,t.elect_natgas,2052,0.0
stated_policies_newcap,r.A,t.elect_natgas,2053,0.0
stated_policies_newcap,r.A,t.elect_natgas,2054,0.0
stated_policies_newcap,r.A,t.elect_natgas,2055,0.0
stated_policies_newcap,r.A,t.elect_natgas,2056,0.0
stated_policies_newcap,r.A,t.elect_natgas,2057,0.0
stated_policies_newcap,r.A,t.elect_natgas,2058,0.0
stated_policies_newcap,r.A,t.elect_natgas,2059,0.0
stated_policies_newcap,r.A,t.elect_natgas,2060,0.0
stated_policies_newcap,r.A,t.elect_natgas,2061,0.0
stated_policies_newcap,r.A,t.elect_natgas,2062,0.0
stated_policies_newcap,r.A,t.elect_natgas,2063,0.0
stated_policies_newcap,r.A,t.elect_natgas,2064,0.0
stated_policies_newcap,r.A,t.elect_natgas,2065,0.0
stated_policies_newcap,r.A,t.elect_natgas,2066,0.0
stated_policies_newcap,r.A,t.elect_natgas,2067,0.0
stated_policies_newcap,r.A,t.elect_natgas,2068,0.0
stated_policies_newcap,r.A,t.elect_natgas,2069,0.0
stated_policies_newcap,r.A,t.elect_natgas,2070,0.0
stated_policies_newcap,r.A,t.elect_natgas_ccs,1990,0.0
stated_policies_newcap,r.A,t.elect_natgas_ccs,1991,0.0
stated_policies_newcap,r.A,t.elect_natgas_ccs,1992,0.0
stated_policies_newcap,r.A,t.elect_natgas_ccs,1993,0.0
stated_policies_newcap,r.A,t.elect_natgas_ccs,1994,0.0
stated_policies_newcap,r.A,t.elect_natgas_ccs,1995,0.0
stated_policies_newcap,r.A,t.elect_natgas_ccs,1996,0.0
stated_policies_newcap,r.A,t.elect_natgas_ccs,1997,0.0
stated_policies_newcap,r.A,t.elect_natgas_ccs,1998,0.0
stated_policies_newcap,r.A,t.elect_natgas_ccs,1999,0.0
stated_policies_newcap,r.A,t.elect_natgas_ccs,2000,0.0
stated_policies_newcap,r.A,t.elect_natgas_ccs,2001,0.0
stated_policies_newcap,r.A,t.elect_natgas_ccs,2002,0.0
stated_policies_newcap,r.A,t.elect_natgas_ccs,2003,0.0
stated_policies_newcap,r.A,t.elect_natgas_ccs,2004,0.0
stated_policies_newcap,r.A,t.elect_natgas_ccs,2005,0.0
stated_policies_newcap,r.A,t.elect_natgas_ccs,2006,0.0
stated_policies_newcap,r.A,t.elect_natgas_ccs,2007,0.0
stated_policies_newcap,r.A,t.elect_natgas_ccs,2008,0.0
stated_policies_newcap,r.A,t.elect_natgas_ccs,2009,0.0
stated_policies_newcap,r.A,t.elect_natgas_ccs,2010,0.0
stated_policies_newcap,r.A,t.elect_natgas_ccs,2011,0.0
stated_policies_newcap,r.A,t.elect_natgas_ccs,2012,0.0
stated_policies_newcap,r.A,t.elect_natgas_ccs,2013,0.0
stated_policies_newcap,r.A,t.elect_natgas_ccs,2014,0.0
stated_policies_newcap,r.A,t.elect_natgas_ccs,2015,0.0
stated_policies_newcap,r.A,t.elect_natgas_ccs,2016,0.0
stated_policies_newcap,r.A,t.elect_natgas_ccs,2017,0.0
stated_policies_newcap,r.A,t.elect_natgas_ccs,2018,0.0
stated_policies_newcap,r.A,t.elect_natgas_ccs,2019,0.0
stated_policies_newcap,r.A,t.elect_natgas_ccs,2020,0.0
stated_policies_newcap,r.A,t.elect_natgas_ccs,2021,0.0
stated_policies_newcap,r.A,t.elect_natgas_ccs,2022,0.0
stated_policies_newcap,r.A,t.elect_natgas_ccs,2023,0.0
stated_policies_newcap,r.A,t.elect_natgas_ccs,2024,0.0
stated_policies_newcap,r.A,t.elect_natgas_ccs,2025,0.0
stated_policies_newcap,r.A,t.elect_natgas_ccs,2026,0.0
stated_policies_newcap,r.A,t.elect_natgas_ccs,2027,0.0
stated_policies_newcap,r.A,t.elect_natgas_ccs,2028,0.0
stated_policies_newcap,r.A,t.elect_natgas_ccs,2029,0.0
stated_policies_newcap,r.A,t.elect_natgas_ccs,2030,0.0
stated_policies_newcap,r.A,t.elect_natgas_ccs,2031,0.0
stated_policies_newcap,r.A,t.elect_natgas_ccs,2032,0.0
stated_policies_newcap,r.A,t.elect_natgas_ccs,2033,0.0
stated_policies_newcap,r.A,t.elect_natgas_ccs,2034,0.0
stated_policies_newcap,r.A,t.elect_natgas_ccs,2035,0.0
stated_policies_newcap,r.A,t.elect_natgas_ccs,2036,0.0
stated_policies_newcap,r.A,t.elect_natgas_ccs,2037,0.0
stated_policies_newcap,r.A,t.elect_natgas_ccs,2038,0.0
stated_policies_newcap,r.A,t.elect_natgas_ccs,2039,0.0
stated_policies_newcap,r.A,t.elect_natgas_ccs,2040,0.0
stated_policies_newcap,r.A,t.elect_natgas_ccs,2041,0.0
stated_policies_newcap,r.A,t.elect_natgas_ccs,2042,0.0
stated_policies_newcap,r.A,t.elect_natgas_ccs,2043,0.0
stated_policies_newcap,r.A,t.elect_natgas_ccs,2044,0.0
stated_policies_newcap,r.A,t.elect_natgas_ccs,2045,0.0
stated_policies_newcap,r.A,t.elect_natgas_ccs,2046,0.0
stated_policies_newcap,r.A,t.elect_natgas_ccs,2047,0.0
stated_policies_newcap,r.A,t.elect_natgas_ccs,2048,0.0
stated_policies_newcap,r.A,t.elect_natgas_ccs,2049,0.0
stated_policies_newcap,r.A,t.elect_natgas_ccs,2050,0.0
stated_policies_newcap,r.A,t.elect_natgas_ccs,2051,0.0
stated_policies_newcap,r.A,t.elect_natgas_ccs,2052,9.090909090909091e-06
stated_policies_newcap,r.A,t.elect_natgas_ccs,2053,1.8181818181818182e-05
stated_policies_newcap,r.A,t.elect_natgas_ccs,2054,7.272727272727273e-05
stated_policies_newcap,r.A,t.elect_natgas_ccs,2055,0.0002454545454545455
stated_policies_newcap,r.A,t.elect_natgas_ccs,2056,0.0004454545454545455
stated_policies_newcap,r.A,t.elect_natgas_ccs,2057,0.00010909090909090909
stated_policies_newcap,r.A,t.elect_natgas_ccs,2058,0.0
stated_policies_newcap,r.A,t.elect_natgas_ccs,2059,0.0
stated_policies_newcap,r.A,t.elect_natgas_ccs,2060,0.0
stated_policies_newcap,r.A,t.elect_natgas_ccs,2061,0.0
stated_policies_newcap,r.A,t.elect_natgas_ccs,2062,0.0
stated_policies_newcap,r.A,t.elect_natgas_ccs,2063,0.0
stated_policies_newcap,r.A,t.elect_natgas_ccs,2064,0.0
stated_policies_newcap,r.A,t.elect_natgas_ccs,2065,0.0
stated_policies_newcap,r.A,t.elect_natgas_ccs,2066,0.0
stated_policies_newcap,r.A,t.elect_natgas_ccs,2067,0.0
stated_policies_newcap,r.A,t.elect_natgas_ccs,2068,0.0
stated_policies_newcap,r.A,t.elect_natgas_ccs,2069,3.170638296506651e-06
stated_policies_newcap,r.A,t.elect_natgas_ccs,2070,2.3758478150651646e-05
stated_policies_newcap,r.A,t.elect_nuclear,1990,0.0
stated_policies_newcap,r.A,t.elect_nuclear,1991,0.0
stated_policies_newcap,r.A,t.elect_nuclear,1992,0.0
stated_policies_newcap,r.A,t.elect_nuclear,1993,0.0
stated_policies_newcap,r.A,t.elect_nuclear,1994,0.0
stated_policies_newcap,r.A,t.elect_nuclear,1995,0.0
stated_policies_newcap,r.A,t.elect_nuclear,1996,0.0
stated_policies_newcap,r.A,t.elect_nuclear,1997,0.0
stated_policies_newcap,r.A,t.elect_nuclear,1998,0.0
stated_policies_newcap,r.A,t.elect_nuclear,1999,0.0
stated_policies_newcap,r.A,t.elect_nuclear,2000,0.0
stated_policies_newcap,r.A,t.elect_nuclear,2001,0.0
stated_policies_newcap,r.A,t.elect_nuclear,2002,0.0
stated_policies_newcap,r.A,t.elect_nuclear,2003,0.0
stated_policies_newcap,r.A,t.elect_nuclear,2004,0.0
stated_policies_newcap,r.A,t.elect_nuclear,2005,0.0
stated_policies_newcap,r.A,t.elect_nuclear,2006,0.0
stated_policies_newcap,r.A,t.elect_nuclear,2007,0.0
stated_policies_newcap,r.A,t.elect_nuclear,2008,0.0
stated_policies_newcap,r.A,t.elect_nuclear,2009,0.0
stated_policies_newcap,r.A,t.elect_nuclear,2010,0.0
stated_policies_newcap,r.A,t.elect_nuclear,2011,0.0
stated_policies_newcap,r.A,t.elect_nuclear,2012,0.0
stated_policies_newcap,r.A,t.elect_nuclear,2013,0.0
stated_policies_newcap,r.A,t.elect_nuclear,2014,0.0
stated_policies_newcap,r.A,t.elect_nuclear,2015,0.0
stated_policies_newcap,r.A,t.elect_nuclear,2016,0.0
stated_policies_newcap,r.A,t.elect_nuclear,2017,0.0
stated_policies_newcap,r.A,t.elect_nuclear,2018,0.0
stated_policies_newcap,r.A,t.elect_nuclear,2019,0.0
stated_policies_newcap,r.A,t.elect_nuclear,2020,0.0
stated_policies_newcap,r.A,t.elect_nuclear,2021,0.0
stated_policies_newcap,r.A,t.elect_nuclear,2022,0.0
stated_policies_newcap,r.A,t.elect_nuclear,2023,0.0
stated_policies_newcap,r.A,t.elect_nuclear,2024,0.0
stated_policies_newcap,r.A,t.elect_nuclear,2025,0.0
stated_policies_newcap,r.A,t.elect_nuclear,2026,0.0
stated_policies_newcap,r.A,t.elect_nuclear,2027,0.0
stated_policies_newcap,r.A,t.elect_nuclear,2028,0.0
stated_policies_newcap,r.A,t.elect_nuclear,2029,0.0
stated_policies_newcap,r.A,t.elect_nuclear,2030,0.0
stated_policies_newcap,r.A,t.elect_nuclear,2031,0.0
stated_policies_newcap,r.A,t.elect_nuclear,2032,0.0
stated_policies_newcap,r.A,t.elect_nuclear,2033,0.0
stated_policies_newcap,r.A,t.elect_nuclear,2034,0.0
stated_policies_newcap,r.A,t.elect_nuclear,2035,0.0
stated_policies_newcap,r.A,t.elect_nuclear,2036,0.0
stated_policies_newcap,r.A,t.elect_nuclear,2037,0.0
stated_policies_newcap,r.A,t.elect_nuclear,2038,0.0
stated_policies_newcap,r.A,t.elect_nuclear,2039,0.0
stated_policies_newcap,r.A,t.elect_nuclear,2040,0.0
stated_policies_newcap,r.A,t.elect_nuclear,2041,0.0
stated_policies_newcap,r.A,t.elect_nuclear,2042,0.0
stated_policies_newcap,r.A,t.elect_nuclear,2043,0.0
stated_policies_newcap,r.A,t.elect_nuclear,2044,0.0
stated_policies_newcap,r.A,t.elect_nuclear,2045,0.0
stated_policies_newcap,r.A,t.elect_nuclear,2046,0.0
stated_policies_newcap,r.A,t.elect_nuclear,2047,0.0
stated_policies_newcap,r.A,t.elect_nuclear,2048,0.0
stated_policies_newcap,r.A,t.elect_nuclear,2049,0.0
stated_policies_newcap,r.A,t.elect_nuclear,2050,0.0
stated_policies_newcap,r.A,t.elect_nuclear,2051,0.0
stated_policies_newcap,r.A,t.elect_nuclear,2052,0.0
stated_policies_newcap,r.A,t.elect_nuclear,2053,0.0
stated_policies_newcap,r.A,t.elect_nuclear,2054,0.0
stated_policies_newcap,r.A,t.elect_nuclear,2055,0.0
stated_policies_newcap,r.A,t.elect_nuclear,2056,0.0
stated_policies_newcap,r.A,t.elect_nuclear,2057,0.0
stated_policies_newcap,r.A,t.elect_nuclear,2058,0.0
stated_policies_newcap,r.A,t.elect_nuclear,2059,0.0
stated_policies_newcap,r.A,t.elect_nuclear,2060,0.0
stated_policies_newcap,r.A,t.elect_nuclear,2061,0.0
stated_policies_newcap,r.A,t.elect_nuclear,2062,0.0
stated_policies_newcap,r.A,t.elect_nuclear,2063,0.0
stated_policies_newcap,r.A,t.elect_nuclear,2064,0.0
stated_policies_newcap,r.A,t.elect_nuclear,2065,0.0
stated_policies_newcap,r.A,t.elect_nuclear,2066,0.0
stated_policies_newcap,r.A,t.elect_nuclear,2067,0.0
stated_policies_newcap,r.A,t.elect_nuclear,2068,0.0
stated_policies_newcap,r.A,t.elect_nuclear,2069,0.0
stated_policies_newcap,r.A,t.elect_nuclear,2070,0.0
stated_policies_newcap,r.A,t.elect_pv,1990,0.0
stated_policies_newcap,r.A,t.elect_pv,1991,0.0
stated_policies_newcap,r.A,t.elect_pv,1992,0.0
stated_policies_newcap,r.A,t.elect_pv,1993,0.0
stated_policies_newcap,r.A,t.elect_pv,1994,0.0
stated_policies_newcap,r.A,t.elect_pv,1995,0.0
stated_policies_newcap,r.A,t.elect_pv,1996,0.0
stated_policies_newcap,r.A,t.elect_pv,1997,0.0
stated_policies_newcap,r.A,t.elect_pv,1998,0.0
stated_policies_newcap,r.A,t.elect_pv,1999,0.0
stated_policies_newcap,r.A,t.elect_pv,2000,0.0
stated_policies_newcap,r.A,t.elect_pv,2001,0.0
stated_policies_newcap,r.A,t.elect_pv,2002,0.0
stated_policies_newcap,r.A,t.elect_pv,2003,0.0
stated_policies_newcap,r.A,t.elect_pv,2004,0.0
stated_policies_newcap,r.A,t.elect_pv,2005,0.0
stated_policies_newcap,r.A,t.elect_pv,2006,0.0
stated_policies_newcap,r.A,t.elect_pv,2007,0.0
stated_policies_newcap,r.A,t.elect_pv,2008,0.0
stated_policies_newcap,r.A,t.elect_pv,2009,0.0
stated_policies_newcap,r.A,t.elect_pv,2010,0.0
stated_policies_newcap,r.A,t.elect_pv,2011,0.0
stated_policies_newcap,r.A,t.elect_pv,2012,0.0
stated_policies_newcap,r.A,t.elect_pv,2013,0.0
stated_policies_newcap,r.A,t.elect_pv,2014,0.0
stated_policies_newcap,r.A,t.elect_pv,2015,0.0
stated_policies_newcap,r.A,t.elect_pv,2016,0.0
stated_policies_newcap,r.A,t.elect_pv,2017,0.0
stated_policies_newcap,r.A,t.elect_pv,2018,0.0
stated_policies_newcap,r.A,t.elect_pv,2019,0.0
stated_policies_newcap,r.A,t.elect_pv,2020,0.0
stated_policies_newcap,r.A,t.elect_pv,2021,0.0
stated_policies_newcap,r.A,t.elect_pv,2022,8.331259344001232e-05
stated_policies_newcap,r.A,t.elect_pv,2023,0.00014565356965151252
stated_policies_newcap,r.A,t.elect_pv,2024,0.0002502480440058283
stated_policies_newcap,r.A,t.elect_pv,2025,0.0004853441383200034
stated_policies_newcap,r.A,t.elect_pv,2026,0.0008027267349513534
stated_policies_newcap,r.A,t.elect_pv,2027,0.0013093527541856512
stated_policies_newcap,r.A,t.elect_pv,2028,0.001962204727003064
stated_policies_newcap,r.A,t.elect_pv,2029,0.0025684809510996484
stated_policies_newcap,r.A,t.elect_pv,2030,0.0029686713680733973
stated_policies_newcap,r.A,t.elect_pv,2031,0.002951692997940028
stated_policies_newcap,r.A,t.elect_pv,2032,0.002354993088144819
stated_policies_newcap,r.A,t.elect_pv,2033,0.001522056435689978
stated_policies_newcap,r.A,t.elect_pv,2034,0.0009763670223665866
stated_policies_newcap,r.A,t.elect_pv,2035,0.0007252811266759279
stated_policies_newcap,r.A,t.elect_pv,2036,0.0008153339403051533
stated_policies_newcap,r.A,t.elect_pv,2037,0.0010279767022128017
stated_policies_newcap,r.A,t.elect_pv,2038,0.0012758101127271389
stated_policies_newcap,r.A,t.elect_pv,2039,0.001602093557419307
stated_policies_newcap,r.A,t.elect_pv,2040,0.001986098035656303
stated_policies_newcap,r.A,t.elect_pv,2041,0.0026364005107394617
stated_policies_newcap,r.A,t.elect_pv,2042,0.003564018345733805
stated_policies_newcap,r.A,t.elect_pv,2043,0.00509173299521079
stated_policies_newcap,r.A,t.elect_pv,2044,0.006973163901018233
stated_policies_newcap,r.A,t.elect_pv,2045,0.008736536973359969
stated_policies_newcap,r.A,t.elect_pv,2046,0.010224100401837763
stated_policies_newcap,r.A,t.elect_pv,2047,0.011097802444176944
stated_policies_newcap,r.A,t.elect_pv,2048,0.011488046359280104
stated_policies_newcap,r.A,t.elect_pv,2049,0.011504950495049505
stated_policies_newcap,r.A,t.elect_pv,2050,0.011009900990099013
stated_policies_newcap,r.A,t.elect_pv,2051,0.010138613861386139
stated_policies_newcap,r.A,t.elect_pv,2052,0.00920792079207921
stated_policies_newcap,r.A,t.elect_pv,2053,0.008653465346534654
stated_policies_newcap,r.A,t.elect_pv,2054,0.008257425742574258
stated_policies_newcap,r.A,t.elect_pv,2055,0.00807920792079208
stated_policies_newcap,r.A,t.elect_pv,2056,0.00801980198019802
stated_policies_newcap,r.A,t.elect_pv,2057,0.008
stated_policies_newcap,r.A,t.elect_pv,2058,0.008
stated_policies_newcap,r.A,t.elect_pv,2059,0.008
stated_policies_newcap,r.A,t.elect_pv,2060,0.008
stated_policies_newcap,r.A,t.elect_pv,2061,0.008
stated_policies_newcap,r.A,t.elect_pv,2062,0.007920792079207921
stated_policies_newcap,r.A,t.elect_pv,2063,0.007841584158415842
stated_policies_newcap,r.A,t.elect_pv,2064,0.007683168316831683
stated_policies_newcap,r.A,t.elect_pv,2065,0.007492672601311004
stated_policies_newcap,r.A,t.elect_pv,2066,0.007158031774552178
stated_policies_newcap,r.A,t.elect_pv,2067,0.006492288534279021
stated_policies_newcap,r.A,t.elect_pv,2068,0.005839214220513869
stated_policies_newcap,r.A,t.elect_pv,2069,0.0051860076100858025
stated_policies_newcap,r.A,t.elect_pv,2070,0.00477470710778708
stated_policies_newcap,r.A,t.elect_wind_on,1990,0.0
stated_policies_newcap,r.A,t.elect_wind_on,1991,0.0
stated_policies_newcap,r.A,t.elect_wind_on,1992,0.0
stated_policies_newcap,r.A,t.elect_wind_on,1993,0.0
stated_policies_newcap,r.A,t.elect_wind_on,1994,0.0
stated_policies_newcap,r.A,t.elect_wind_on,1995,0.0
stated_policies_newcap,r.A,t.elect_wind_on,1996,0.0
stated_policies_newcap,r.A,t.elect_wind_on,1997,0.0
stated_policies_newcap,r.A,t.elect_wind_on,1998,0.0
stated_policies_newcap,r.A,t.elect_wind_on,1999,0.0
stated_policies_newcap,r.A,t.elect_wind_on,2000,0.0
stated_policies_newcap,r.A,t.elect_wind_on,2001,0.0
stated_policies_newcap,r.A,t.elect_wind_on,2002,0.0
stated_policies_newcap,r.A,t.elect_wind_on,2003,0.0
stated_policies_newcap,r.A,t.elect_wind_on,2004,0.0
stated_policies_newcap,r.A,t.elect_wind_on,2005,0.0
stated_policies_newcap,r.A,t.elect_wind_on,2006,0.0
stated_policies_newcap,r.A,t.elect_wind_on,2007,0.0
stated_policies_newcap,r.A,t.elect_wind_on,2008,0.0
stated_policies_newcap,r.A,t.elect_wind_on,2009,0.0
stated_policies_newcap,r.A,t.elect_wind_on,2010,0.0
stated_policies_newcap,r.A,t.elect_wind_on,2011,0.0
stated_policies_newcap,r.A,t.elect_wind_on,2012,0.0
stated_policies_newcap,r.A,t.elect_wind_on,2013,0.0
stated_policies_newcap,r.A,t.elect_wind_on,2014,0.0
stated_policies_newcap,r.A,t.elect_wind_on,2015,0.0
stated_policies_newcap,r.A,t.elect_wind_on,2016,0.0
stated_policies_newcap,r.A,t.elect_wind_on,2017,0.0
stated_policies_newcap,r.A,t.elect_wind_on,2018,2.661652018242822e-05
stated_policies_newcap,r.A,t.elect_wind_on,2019,2.661652018242822e-05
stated_policies_newcap,r.A,t.elect_wind_on,2020,5.323304036485644e-05
stated_policies_newcap,r.A,t.elect_wind_on,2021,0.00010646608072971288
stated_policies_newcap,r.A,t.elect_wind_on,2022,0.0001596991210945693
stated_policies_newcap,r.A,t.elect_wind_on,2023,0.00026616520182428223
stated_policies_newcap,r.A,t.elect_wind_on,2024,0.0003726312825539951
stated_policies_newcap,r.A,t.elect_wind_on,2025,0.00045248084310127977
stated_policies_newcap,r.A,t.elect_wind_on,2026,0.00047909736328370796
stated_policies_newcap,r.A,t.elect_wind_on,2027,0.00039924780273642327
stated_policies_newcap,r.A,t.elect_wind_on,2028,0.00023954868164185398
stated_policies_newcap,r.A,t.elect_wind_on,2029,7.984956054728466e-05
stated_policies_newcap,r.A,t.elect_wind_on,2030,2.661652018242822e-05
stated_policies_newcap,r.A,t.elect_wind_on,2031,3.9603960396039605e-05
stated_policies_newcap,r.A,t.elect_wind_on,2032,7.920792079207921e-05
stated_policies_newcap,r.A,t.elect_wind_on,2033,0.00011881188118811881
stated_policies_newcap,r.A,t.elect_wind_on,2034,0.00023762376237623762
stated_policies_newcap,r.A,t.elect_wind_on,2035,0.00039603960396039607
stated_policies_newcap,r.A,t.elect_wind_on,2036,0.0006397107870767592
stated_policies_newcap,r.A,t.elect_wind_on,2037,0.0009961464306411155
stated_policies_newcap,r.A,t.elect_wind_on,2038,0.001319025534549558
stated_policies_newcap,r.A,t.elect_wind_on,2039,0.0015687441384060466
stated_policies_newcap,r.A,t.elect_wind_on,2040,0.0016600469006783768
stated_policies_newcap,r.A,t.elect_wind_on,2041,0.0015654247024507596
stated_policies_newcap,r.A,t.elect_wind_on,2042,0.0014955549794706674
stated_policies_newcap,r.A,t.elect_wind_on,2043,0.0017364695189187667
stated_policies_newcap,r.A,t.elect_wind_on,2044,0.002267269414906417
stated_policies_newcap,r.A,t.elect_wind_on,2045,0.002862988538824654
stated_policies_newcap,r.A,t.elect_wind_on,2046,0.0033316545094334063
stated_policies_newcap,r.A,t.elect_wind_on,2047,0.003503290777071862
stated_policies_newcap,r.A,t.elect_wind_on,2048,0.003402087024700522
stated_policies_newcap,r.A,t.elect_wind_on,2049,0.0031831683168316834
stated_policies_newcap,r.A,t.elect_wind_on,2050,0.002915841584158416
stated_policies_newcap,r.A,t.elect_wind_on,2051,0.002693069306930693
stated_policies_newcap,r.A,t.elect_wind_on,2052,0.002559405940594059
stated_policies_newcap,r.A,t.elect_wind_on,2053,0.0025148514851485145
stated_policies_newcap,r.A,t.elect_wind_on,2054,0.0024999999999999996
stated_policies_newcap,r.A,t.elect_wind_on,2055,0.0024999999999999996
stated_policies_newcap,r.A,t.elect_wind_on,2056,0.0024999999999999996
stated_policies_newcap,r.A,t.elect_wind_on,2057,0.0024999999999999996
stated_policies_newcap,r.A,t.elect_wind_on,2058,0.0024999999999999996
stated_policies_newcap,r.A,t.elect_wind_on,2059,0.0024999999999999996
stated_policies_newcap,r.A,t.elect_wind_on,2060,0.0024999999999999996
stated_policies_newcap,r.A,t.elect_wind_on,2061,0.0024999999999999996
stated_policies_newcap,r.A,t.elect_wind_on,2062,0.0034334245565951823
stated_policies_newcap,r.A,t.elect_wind_on,2063,0.003564454152549433
stated_policies_newcap,r.A,t.elect_wind_on,2064,0.00463038103612673
stated_policies_newcap,r.A,t.elect_wind_on,2065,0.0066488799739056635
stated_policies_newcap,r.A,t.elect_wind_on,2066,0.008910290605986642
stated_policies_newcap,r.A,t.elect_wind_on,2067,0.013191672906874423
stated_policies_newcap,r.A,t.elect_wind_on,2068,0.017755734628305018
stated_policies_newcap,r.A,t.elect_wind_on,2069,0.021651376447104666
stated_policies_newcap,r.A,t.elect_wind_on,2070,0.023590380014028335
stated_policies_newcap,r.A,t.elect_wind_off,1990,0.0
stated_policies_newcap,r.A,t.elect_wind_off,1991,0.0
stated_policies_newcap,r.A,t.elect_wind_off,1992,0.0
stated_policies_newcap,r.A,t.elect_wind_off,1993,0.0
stated_policies_newcap,r.A,t.elect_wind_off,1994,0.0
stated_policies_newcap,r.A,t.elect_wind_off,1995,0.0
stated_policies_newcap,r.A,t.elect_wind_off,1996,0.0
stated_policies_newcap,r.A,t.elect_wind_off,1997,0.0
stated_policies_newcap,r.A,t.elect_wind_off,1998,0.0
stated_policies_newcap,r.A,t.elect_wind_off,1999,0.0
stated_policies_newcap,r.A,t.elect_wind_off,2000,0.0
stated_policies_newcap,r.A,t.elect_wind_off,2001,0.0
stated_policies_newcap,r.A,t.elect_wind_off,2002,0.0
stated_policies_newcap,r.A,t.elect_wind_off,2003,0.0
stated_policies_newcap,r.A,t.elect_wind_off,2004,0.0
stated_policies_newcap,r.A,t.elect_wind_off,2005,0.0
stated_policies_newcap,r.A,t.elect_wind_off,2006,0.0
stated_policies_newcap,r.A,t.elect_wind_off,2007,0.0
stated_policies_newcap,r.A,t.elect_wind_off,2008,0.0
stated_policies_newcap,r.A,t.elect_wind_off,2009,0.0
stated_policies_newcap,r.A,t.elect_wind_off,2010,0.0
stated_policies_newcap,r.A,t.elect_wind_off,2011,0.0
stated_policies_newcap,r.A,t.elect_wind_off,2012,0.0
stated_policies_newcap,r.A,t.elect_wind_off,2013,0.0
stated_policies_newcap,r.A,t.elect_wind_off,2014,0.0
stated_policies_newcap,r.A,t.elect_wind_off,2015,0.0
stated_policies_newcap,r.A,t.elect_wind_off,2016,0.0
stated_policies_newcap,r.A,t.elect_wind_off,2017,0.0
stated_policies_newcap,r.A,t.elect_wind_off,2018,0.0
stated_policies_newcap,r.A,t.elect_wind_off,2019,0.0
stated_policies_newcap,r.A,t.elect_wind_off,2020,0.0
stated_policies_newcap,r.A,t.elect_wind_off,2021,0.0
stated_policies_newcap,r.A,t.elect_wind_off,2022,0.0
stated_policies_newcap,r.A,t.elect_wind_off,2023,0.0
stated_policies_newcap,r.A,t.elect_wind_off,2024,0.0
stated_policies_newcap,r.A,t.elect_wind_off,2025,0.0
stated_policies_newcap,r.A,t.elect_wind_off,2026,0.0
stated_policies_newcap,r.A,t.elect_wind_off,2027,0.0
stated_policies_newcap,r.A,t.elect_wind_off,2028,0.0
stated_policies_newcap,r.A,t.elect_wind_off,2029,0.0
stated_policies_newcap,r.A,t.elect_wind_off,2030,0.0
stated_policies_newcap,r.A,t.elect_wind_off,2031,0.0
stated_policies_newcap,r.A,t.elect_wind_off,2032,0.0
stated_policies_newcap,r.A,t.elect_wind_off,2033,0.0
stated_policies_newcap,r.A,t.elect_wind_off,2034,0.0
stated_policies_newcap,r.A,t.elect_wind_off,2035,0.0
stated_policies_newcap,r.A,t.elect_wind_off,2036,0.0
stated_policies_newcap,r.A,t.elect_wind_off,2037,0.0
stated_policies_newcap,r.A,t.elect_wind_off,2038,0.0
stated_policies_newcap,r.A,t.elect_wind_off,2039,0.0
stated_policies_newcap,r.A,t.elect_wind_off,2040,0.0
stated_policies_newcap,r.A,t.elect_wind_off,2041,0.0
stated_policies_newcap,r.A,t.elect_wind_off,2042,0.0
stated_policies_newcap,r.A,t.elect_wind_off,2043,0.0
stated_policies_newcap,r.A,t.elect_wind_off,2044,0.0
stated_policies_newcap,r.A,t.elect_wind_off,2045,1.01010101010101e-05
stated_policies_newcap,r.A,t.elect_wind_off,2046,2.02020202020202e-05
stated_policies_newcap,r.A,t.elect_wind_off,2047,4.04040404040404e-05
stated_policies_newcap,r.A,t.elect_wind_off,2048,7.07070707070707e-05
stated_policies_newcap,r.A,t.elect_wind_off,2049,0.00012121212121212121
stated_policies_newcap,r.A,t.elect_wind_off,2050,0.00019191919191919191
stated_policies_newcap,r.A,t.elect_wind_off,2051,0.00029292929292929295
stated_policies_newcap,r.A,t.elect_wind_off,2052,0.0004141414141414142
stated_policies_newcap,r.A,t.elect_wind_off,2053,0.0005555555555555556
stated_policies_newcap,r.A,t.elect_wind_off,2054,0.0007070707070707071
stated_policies_newcap,r.A,t.elect_wind_off,2055,0.0008383838383838383
stated_policies_newcap,r.A,t.elect_wind_off,2056,0.0009292929292929292
stated_policies_newcap,r.A,t.elect_wind_off,2057,0.0009797979797979799
stated_policies_newcap,r.A,t.elect_wind_off,2058,0.001
stated_policies_newcap,r.A,t.elect_wind_off,2059,0.001
stated_policies_newcap,r.A,t.elect_wind_off,2060,0.00101010101010101
stated_policies_newcap,r.A,t.elect_wind_off,2061,0.0010202020202020202
stated_policies_newcap,r.A,t.elect_wind_off,2062,0.0010404040404040403
stated_policies_newcap,r.A,t.elect_wind_off,2063,0.0010707070707070706
stated_policies_newcap,r.A,t.elect_wind_off,2064,0.001121212121212121
stated_policies_newcap,r.A,t.elect_wind_off,2065,0.001191919191919192
stated_policies_newcap,r.A,t.elect_wind_off,2066,0.0012727272727272726
stated_policies_newcap,r.A,t.elect_wind_off,2067,0.0013737373737373738
stated_policies_newcap,r.A,t.elect_wind_off,2068,0.0014747474747474746
stated_policies_newcap,r.A,t.elect_wind_off,2069,0.0015656565656565658
stated_policies_newcap,r.A,t.elect_wind_off,2070,0.001595959595959596
stated_policies_newcap,r.A,t.elect_geothermal,1990,0.0
stated_policies_newcap,r.A,t.elect_geothermal,1991,0.0
stated_policies_newcap,r.A,t.elect_geothermal,1992,0.0
stated_policies_newcap,r.A,t.elect_geothermal,1993,0.0
stated_policies_newcap,r.A,t.elect_geothermal,1994,0.0
stated_policies_newcap,r.A,t.elect_geothermal,1995,0.0
stated_policies_newcap,r.A,t.elect_geothermal,1996,0.0
stated_policies_newcap,r.A,t.elect_geothermal,1997,0.0
stated_policies_newcap,r.A,t.elect_geothermal,1998,0.0
stated_policies_newcap,r.A,t.elect_geothermal,1999,0.0
stated_policies_newcap,r.A,t.elect_geothermal,2000,0.0
stated_policies_newcap,r.A,t.elect_geothermal,2001,0.0
stated_policies_newcap,r.A,t.elect_geothermal,2002,0.0
stated_policies_newcap,r.A,t.elect_geothermal,2003,0.0
stated_policies_newcap,r.A,t.elect_geothermal,2004,0.0
stated_policies_newcap,r.A,t.elect_geothermal,2005,0.0
stated_policies_newcap,r.A,t.elect_geothermal,2006,0.0
stated_policies_newcap,r.A,t.elect_geothermal,2007,0.0
stated_policies_newcap,r.A,t.elect_geothermal,2008,0.0
stated_policies_newcap,r.A,t.elect_geothermal,2009,0.0
stated_policies_newcap,r.A,t.elect_geothermal,2010,0.0
stated_policies_newcap,r.A,t.elect_geothermal,2011,0.0
stated_policies_newcap,r.A,t.elect_geothermal,2012,0.0
stated_policies_newcap,r.A,t.elect_geothermal,2013,0.0
stated_policies_newcap,r.A,t.elect_geothermal,2014,0.0
stated_policies_newcap,r.A,t.elect_geothermal,2015,0.0
stated_policies_newcap,r.A,t.elect_geothermal,2016,0.0
stated_policies_newcap,r.A,t.elect_geothermal,2017,0.0
stated_policies_newcap,r.A,t.elect_geothermal,2018,0.0
stated_policies_newcap,r.A,t.elect_geothermal,2019,0.0
stated_policies_newcap,r.A,t.elect_geothermal,2020,0.0
stated_policies_newcap,r.A,t.elect_geothermal,2021,0.0
stated_policies_newcap,r.A,t.elect_geothermal,2022,0.0
stated_policies_newcap,r.A,t.elect_geothermal,2023,0.0
stated_policies_newcap,r.A,t.elect_geothermal,2024,0.0
stated_policies_newcap,r.A,t.elect_geothermal,2025,0.0
stated_policies_newcap,r.A,t.elect_geothermal,2026,0.0
stated_policies_newcap,r.A,t.elect_geothermal,2027,0.0
stated_policies_newcap,r.A,t.elect_geothermal,2028,0.0
stated_policies_newcap,r.A,t.elect_geothermal,2029,0.0
stated_policies_newcap,r.A,t.elect_geothermal,2030,0.0
stated_policies_newcap,r.A,t.elect_geothermal,2031,0.0
stated_policies_newcap,r.A,t.elect_geothermal,2032,0.0
stated_policies_newcap,r.A,t.elect_geothermal,2033,5.596009682865625e-06
stated_policies_newcap,r.A,t.elect_geothermal,2034,5.596009682865625e-06
stated_policies_newcap,r.A,t.elect_geothermal,2035,1.6788029048596874e-05
stated_policies_newcap,r.A,t.elect_geothermal,2036,3.917206778005938e-05
stated_policies_newcap,r.A,t.elect_geothermal,2037,7.274812587725312e-05
stated_policies_newcap,r.A,t.elect_geothermal,2038,0.00012870822270590938
stated_policies_newcap,r.A,t.elect_geothermal,2039,0.0001622842808031031
stated_policies_newcap,r.A,t.elect_geothermal,2040,0.00010632418397444688
stated_policies_newcap,r.A,t.elect_geothermal,2041,1.6788029048596874e-05
stated_policies_newcap,r.A,t.elect_geothermal,2042,1.5658758713436434e-07
stated_policies_newcap,r.A,t.elect_geothermal,2043,1.5658758713436434e-07
stated_policies_newcap,r.A,t.elect_geothermal,2044,4.69762761403093e-07
stated_policies_newcap,r.A,t.elect_geothermal,2045,1.0961131099405505e-06
stated_policies_newcap,r.A,t.elect_geothermal,2046,3.390587819628425e-06
stated_policies_newcap,r.A,t.elect_geothermal,2047,4.956463690972068e-06
stated_policies_newcap,r.A,t.elect_geothermal,2048,8.605887587541628e-06
stated_policies_newcap,r.A,t.elect_geothermal,2049,1.2459808463724739e-05
stated_policies_newcap,r.A,t.elect_geothermal,2050,1.8084102190865038e-05
stated_policies_newcap,r.A,t.elect_geothermal,2051,3.116383129827883e-05
stated_policies_newcap,r.A,t.elect_geothermal,2052,3.929352641956895e-05
stated_policies_newcap,r.A,t.elect_geothermal,2053,2.5744034550752073e-05
stated_policies_newcap,r.A,t.elect_geothermal,2054,4.6393194561052846e-06
stated_policies_newcap,r.A,t.elect_geothermal,2055,5.744718954602205e-07
stated_policies_newcap,r.A,t.elect_geothermal,2056,1.7234156863806615e-06
stated_policies_newcap,r.A,t.elect_geothermal,2057,4.021303268221544e-06
stated_policies_newcap,r.A,t.elect_geothermal,2058,7.811075631353006e-06
stated_policies_newcap,r.A,t.elect_geothermal,2059,1.3682116522845904e-05
stated_policies_newcap,r.A,t.elect_geothermal,2060,1.7814829876347504e-05
stated_policies_newcap,r.A,t.elect_geothermal,2061,1.3694518757007245e-05
stated_policies_newcap,r.A,t.elect_geothermal,2062,7.065902119427325e-06
stated_policies_newcap,r.A,t.elect_geothermal,2063,1.3196728496671304e-05
stated_policies_newcap,r.A,t.elect_geothermal,2064,1.6820624110829377e-05
stated_policies_newcap,r.A,t.elect_geothermal,2065,2.1900919737396263e-05
stated_policies_newcap,r.A,t.elect_geothermal,2066,3.084228011470999e-05
stated_policies_newcap,r.A,t.elect_geothermal,2067,5.2259749092242014e-05
stated_policies_newcap,r.A,t.elect_geothermal,2068,9.329378030790418e-05
stated_policies_newcap,r.A,t.elect_geothermal,2069,0.00012375913338263887
stated_policies_newcap,r.A,t.elect_geothermal,2070,9.852168494564636e-05
stated_policies_newcap,r.A,t.elect_hydro,1990,0.0
stated_policies_newcap,r.A,t.elect_hydro,1991,0.0
stated_policies_newcap,r.A,t.elect_hydro,1992,0.0
stated_policies_newcap,r.A,t.elect_hydro,1993,0.0
stated_policies_newcap,r.A,t.elect_hydro,1994,0.0
stated_policies_newcap,r.A,t.elect_hydro,1995,0.0
stated_policies_newcap,r.A,t.elect_hydro,1996,0.0
stated_policies_newcap,r.A,t.elect_hydro,1997,0.0
stated_policies_newcap,r.A,t.elect_hydro,1998,0.0
stated_policies_newcap,r.A,t.elect_hydro,1999,0.0
stated_policies_newcap,r.A,t.elect_hydro,2000,0.0
stated_policies_newcap,r.A,t.elect_hydro,2001,0.0
stated_policies_newcap,r.A,t.elect_hydro,2002,0.0
stated_policies_newcap,r.A,t.elect_hydro,2003,0.0
stated_policies_newcap,r.A,t.elect_hydro,2004,0.0
stated_policies_newcap,r.A,t.elect_hydro,2005,0.0
stated_policies_newcap,r.A,t.elect_hydro,2006,0.0
stated_policies_newcap,r.A,t.elect_hydro,2007,0.0
stated_policies_newcap,r.A,t.elect_hydro,2008,0.0
stated_policies_newcap,r.A,t.elect_hydro,2009,0.0
stated_policies_newcap,r.A,t.elect_hydro,2010,0.0
stated_policies_newcap,r.A,t.elect_hydro,2011,0.0
stated_policies_newcap,r.A,t.elect_hydro,2012,0.0
stated_policies_newcap,r.A,t.elect_hydro,2013,0.0
stated_policies_newcap,r.A,t.elect_hydro,2014,0.0
stated_policies_newcap,r.A,t.elect_hydro,2015,0.0
stated_policies_newcap,r.A,t.elect_hydro,2016,0.0
stated_policies_newcap,r.A,t.elect_hydro,2017,0.0
stated_policies_newcap,r.A,t.elect_hydro,2018,0.0
stated_policies_newcap,r.A,t.elect_hydro,2019,0.0
stated_policies_newcap,r.A,t.elect_hydro,2020,0.0
stated_policies_newcap,r.A,t.elect_hydro,2021,0.0
stated_policies_newcap,r.A,t.elect_hydro,2022,0.0
stated_policies_newcap,r.A,t.elect_hydro,2023,0.0
stated_policies_newcap,r.A,t.elect_hydro,2024,0.0
stated_policies_newcap,r.A,t.elect_hydro,2025,0.0
stated_policies_newcap,r.A,t.elect_hydro,2026,0.0
stated_policies_newcap,r.A,t.elect_hydro,2027,0.0
stated_policies_newcap,r.A,t.elect_hydro,2028,0.0
stated_policies_newcap,r.A,t.elect_hydro,2029,0.0
stated_policies_newcap,r.A,t.elect_hydro,2030,0.0
stated_policies_newcap,r.A,t.elect_hydro,2031,0.0
stated_policies_newcap,r.A,t.elect_hydro,2032,0.0
stated_policies_newcap,r.A,t.elect_hydro,2033,0.0
stated_policies_newcap,r.A,t.elect_hydro,2034,0.0
stated_policies_newcap,r.A,t.elect_hydro,2035,0.0
stated_policies_newcap,r.A,t.elect_hydro,2036,0.0
stated_policies_newcap,r.A,t.elect_hydro,2037,0.0
stated_policies_newcap,r.A,t.elect_hydro,2038,0.0
stated_policies_newcap,r.A,t.elect_hydro,2039,0.0
stated_policies_newcap,r.A,t.elect_hydro,2040,0.0
stated_policies_newcap,r.A,t.elect_hydro,2041,0.0
stated_policies_newcap,r.A,t.elect_hydro,2042,0.0
stated_policies_newcap,r.A,t.elect_hydro,2043,0.0
stated_policies_newcap,r.A,t.elect_hydro,2044,0.0
stated_policies_newcap,r.A,t.elect_hydro,2045,0.0
stated_policies_newcap,r.A,t.elect_hydro,2046,0.0
stated_policies_newcap,r.A,t.elect_hydro,2047,0.0
stated_policies_newcap,r.A,t.elect_hydro,2048,0.0
stated_policies_newcap,r.A,t.elect_hydro,2049,0.0
stated_policies_newcap,r.A,t.elect_hydro,2050,0.0
stated_policies_newcap,r.A,t.elect_hydro,2051,0.0
stated_policies_newcap,r.A,t.elect_hydro,2052,0.0
stated_policies_newcap,r.A,t.elect_hydro,2053,0.0
stated_policies_newcap,r.A,t.elect_hydro,2054,0.0
stated_policies_newcap,r.A,t.elect_hydro,2055,0.0
stated_policies_newcap,r.A,t.elect_hydro,2056,0.0
stated_policies_newcap,r.A,t.elect_hydro,2057,0.0
stated_policies_newcap,r.A,t.elect_hydro,2058,0.0
stated_policies_newcap,r.A,t.elect_hydro,2059,0.0
stated_policies_newcap,r.A,t.elect_hydro,2060,0.0
stated_policies_newcap,r.A,t.elect_hydro,2061,0.00013790499404006966
stated_policies_newcap,r.A,t.elect_hydro,2062,0.00013790499404006966
stated_policies_newcap,r.A,t.elect_hydro,2063,0.0002758099880801393
stated_policies_newcap,r.A,t.elect_hydro,2064,0.0005516199761602786
stated_policies_newcap,r.A,t.elect_hydro,2065,0.000827429964240418
stated_policies_newcap,r.A,t.elect_hydro,2066,0.001241144946360627
stated_policies_newcap,r.A,t.elect_hydro,2067,0.0017927649225209057
stated_policies_newcap,r.A,t.elect_hydro,2068,0.0023443848986811843
stated_policies_newcap,r.A,t.elect_hydro,2069,0.002482289892721254
stated_policies_newcap,r.A,t.elect_hydro,2070,0.0022187263686527037
stated_policies_newcap,r.A,t.elect_waste_biomass,1990,0.0
stated_policies_newcap,r.A,t.elect_waste_biomass,1991,0.0
stated_policies_newcap,r.A,t.elect_waste_biomass,1992,0.0
stated_policies_newcap,r.A,t.elect_waste_biomass,1993,0.0
stated_policies_newcap,r.A,t.elect_waste_biomass,1994,0.0
stated_policies_newcap,r.A,t.elect_waste_biomass,1995,0.0
stated_policies_newcap,r.A,t.elect_waste_biomass,1996,0.0
stated_policies_newcap,r.A,t.elect_waste_biomass,1997,0.0
stated_policies_newcap,r.A,t.elect_waste_biomass,1998,0.0
stated_policies_newcap,r.A,t.elect_waste_biomass,1999,0.0
stated_policies_newcap,r.A,t.elect_waste_biomass,2000,0.0
stated_policies_newcap,r.A,t.elect_waste_biomass,2001,0.0
stated_policies_newcap,r.A,t.elect_waste_biomass,2002,0.0
stated_policies_newcap,r.A,t.elect_waste_biomass,2003,0.0
stated_policies_newcap,r.A,t.elect_waste_biomass,2004,0.0
stated_policies_newcap,r.A,t.elect_waste_biomass,2005,0.0
stated_policies_newcap,r.A,t.elect_waste_biomass,2006,0.0
stated_policies_newcap,r.A,t.elect_waste_biomass,2007,0.0
stated_policies_newcap,r.A,t.elect_waste_biomass,2008,0.0
stated_policies_newcap,r.A,t.elect_waste_biomass,2009,0.0
stated_policies_newcap,r.A,t.elect_waste_biomass,2010,0.0
stated_policies_newcap,r.A,t.elect_waste_biomass,2011,0.0
stated_policies_newcap,r.A,t.elect_waste_biomass,2012,0.0
stated_policies_newcap,r.A,t.elect_waste_biomass,2013,0.0
stated_policies_newcap,r.A,t.elect_waste_biomass,2014,0.0
stated_policies_newcap,r.A,t.elect_waste_biomass,2015,0.0
stated_policies_newcap,r.A,t.elect_waste_biomass,2016,0.0
stated_policies_newcap,r.A,t.elect_waste_biomass,2017,0.0
stated_policies_newcap,r.A,t.elect_waste_biomass,2018,0.0
stated_policies_newcap,r.A,t.elect_waste_biomass,2019,0.0
stated_policies_newcap,r.A,t.elect_waste_biomass,2020,4.018870823908601e-06
stated_policies_newcap,r.A,t.elect_waste_biomass,2021,2.4113224943451603e-05
stated_policies_newcap,r.A,t.elect_waste_biomass,2022,0.00010850951224553222
stated_policies_newcap,r.A,t.elect_waste_biomass,2023,0.0002371133786106074
stated_policies_newcap,r.A,t.elect_waste_biomass,2024,2.4113224943451603e-05
stated_policies_newcap,r.A,t.elect_waste_biomass,2025,1.0449541734772695e-05
stated_policies_newcap,r.A,t.elect_waste_biomass,2026,6.269725040863617e-05
stated_policies_newcap,r.A,t.elect_waste_biomass,2027,0.0002821376268388628
stated_policies_newcap,r.A,t.elect_waste_biomass,2028,0.0006165229623515889
stated_policies_newcap,r.A,t.elect_waste_biomass,2029,6.269725040863617e-05
stated_policies_newcap,r.A,t.elect_waste_biomass,2030,0.0
stated_policies_newcap,r.A,t.elect_waste_biomass,2031,0.0
stated_policies_newcap,r.A,t.elect_waste_biomass,2032,0.0
stated_policies_newcap,r.A,t.elect_waste_biomass,2033,1.0101010101010101e-05
stated_policies_newcap,r.A,t.elect_waste_biomass,2034,6.060606060606061e-05
stated_policies_newcap,r.A,t.elect_waste_biomass,2035,0.0002727272727272728
stated_policies_newcap,r.A,t.elect_waste_biomass,2036,0.0005959595959595959
stated_policies_newcap,r.A,t.elect_waste_biomass,2037,6.0606060606060754e-05
stated_policies_newcap,r.A,t.elect_waste_biomass,2038,0.0
stated_policies_newcap,r.A,t.elect_waste_biomass,2039,0.0
stated_policies_newcap,r.A,t.elect_waste_biomass,2040,1.5126569775629544e-05
stated_policies_newcap,r.A,t.elect_waste_biomass,2041,9.075941865377726e-05
stated_policies_newcap,r.A,t.elect_waste_biomass,2042,0.0004084173839419977
stated_policies_newcap,r.A,t.elect_waste_biomass,2043,0.000892467616762143
stated_policies_newcap,r.A,t.elect_waste_biomass,2044,9.075941865377726e-05
stated_policies_newcap,r.A,t.elect_waste_biomass,2045,0.0
stated_policies_newcap,r.A,t.elect_waste_biomass,2046,0.0
stated_policies_newcap,r.A,t.elect_waste_biomass,2047,0.0
stated_policies_newcap,r.A,t.elect_waste_biomass,2048,0.0
stated_policies_newcap,r.A,t.elect_waste_biomass,2049,0.0
stated_policies_newcap,r.A,t.elect_waste_biomass,2050,0.0
stated_policies_newcap,r.A,t.elect_waste_biomass,2051,5.075450426390656e-06
stated_policies_newcap,r.A,t.elect_waste_biomass,2052,3.0452702558343935e-05
stated_policies_newcap,r.A,t.elect_waste_biomass,2053,0.00013703716151254773
stated_policies_newcap,r.A,t.elect_waste_biomass,2054,0.0002995536055621094
stated_policies_newcap,r.A,t.elect_waste_biomass,2055,3.167706741907243e-05
stated_policies_newcap,r.A,t.elect_waste_biomass,2056,9.18273645546373e-06
stated_policies_newcap,r.A,t.elect_waste_biomass,2057,4.5097439036832977e-05
stated_policies_newcap,r.A,t.elect_waste_biomass,2058,0.00014784205693296607
stated_policies_newcap,r.A,t.elect_waste_biomass,2059,0.000332415059687787
stated_policies_newcap,r.A,t.elect_waste_biomass,2060,0.00038822569125599425
stated_policies_newcap,r.A,t.elect_waste_biomass,2061,7.239032041707868e-05
stated_policies_newcap,r.A,t.elect_waste_biomass,2062,5.506618191352718e-06
stated_policies_newcap,r.A,t.elect_waste_biomass,2063,1.3751427068754131e-05
stated_policies_newcap,r.A,t.elect_waste_biomass,2064,6.753478627099251e-05
stated_policies_newcap,r.A,t.elect_waste_biomass,2065,0.0002213979758069415
stated_policies_newcap,r.A,t.elect_waste_biomass,2066,0.0004978016598888996
stated_policies_newcap,r.A,t.elect_waste_biomass,2067,0.0005813797777401052
stated_policies_newcap,r.A,t.elect_waste_biomass,2068,0.00010817789294086627
stated_policies_newcap,r.A,t.elect_waste_biomass,2069,5.500570827501699e-06
stated_policies_newcap,r.A,t.elect_waste_biomass,2070,0.0
stated_policies_newcap,r.A,t.elect_waste_biomass_ccs,1990,0.0
stated_policies_newcap,r.A,t.elect_waste_biomass_ccs,1991,0.0
stated_policies_newcap,r.A,t.elect_waste_biomass_ccs,1992,0.0
stated_policies_newcap,r.A,t.elect_waste_biomass_ccs,1993,0.0
stated_policies_newcap,r.A,t.elect_waste_biomass_ccs,1994,0.0
stated_policies_newcap,r.A,t.elect_waste_biomass_ccs,1995,0.0
stated_policies_newcap,r.A,t.elect_waste_biomass_ccs,1996,0.0
stated_policies_newcap,r.A,t.elect_waste_biomass_ccs,1997,0.0
stated_policies_newcap,r.A,t.elect_waste_biomass_ccs,1998,0.0
stated_policies_newcap,r.A,t.elect_waste_biomass_ccs,1999,0.0
stated_policies_newcap,r.A,t.elect_waste_biomass_ccs,2000,0.0
stated_policies_newcap,r.A,t.elect_waste_biomass_ccs,2001,0.0
stated_policies_newcap,r.A,t.elect_waste_biomass_ccs,2002,0.0
stated_policies_newcap,r.A,t.elect_waste_biomass_ccs,2003,0.0
stated_policies_newcap,r.A,t.elect_waste_biomass_ccs,2004,0.0
stated_policies_newcap,r.A,t.elect_waste_biomass_ccs,2005,0.0
stated_policies_newcap,r.A,t.elect_waste_biomass_ccs,2006,0.0
stated_policies_newcap,r.A,t.elect_waste_biomass_ccs,2007,0.0
stated_policies_newcap,r.A,t.elect_waste_biomass_ccs,2008,0.0
stated_policies_newcap,r.A,t.elect_waste_biomass_ccs,2009,0.0
stated_policies_newcap,r.A,t.elect_waste_biomass_ccs,2010,0.0
stated_policies_newcap,r.A,t.elect_waste_biomass_ccs,2011,0.0
stated_policies_newcap,r.A,t.elect_waste_biomass_ccs,2012,0.0
stated_policies_newcap,r.A,t.elect_waste_biomass_ccs,2013,0.0
stated_policies_newcap,r.A,t.elect_waste_biomass_ccs,2014,0.0
stated_policies_newcap,r.A,t.elect_waste_biomass_ccs,2015,0.0
stated_policies_newcap,r.A,t.elect_waste_biomass_ccs,2016,0.0
stated_policies_newcap,r.A,t.elect_waste_biomass_ccs,2017,0.0
stated_policies_newcap,r.A,t.elect_waste_biomass_ccs,2018,0.0
stated_policies_newcap,r.A,t.elect_waste_biomass_ccs,2019,0.0
stated_policies_newcap,r.A,t.elect_waste_biomass_ccs,2020,0.0
stated_policies_newcap,r.A,t.elect_waste_biomass_ccs,2021,0.0
stated_policies_newcap,r.A,t.elect_waste_biomass_ccs,2022,0.0
stated_policies_newcap,r.A,t.elect_waste_biomass_ccs,2023,0.0
stated_policies_newcap,r.A,t.elect_waste_biomass_ccs,2024,0.0
stated_policies_newcap,r.A,t.elect_waste_biomass_ccs,2025,0.0
stated_policies_newcap,r.A,t.elect_waste_biomass_ccs,2026,0.0
stated_policies_newcap,r.A,t.elect_waste_biomass_ccs,2027,0.0
stated_policies_newcap,r.A,t.elect_waste_biomass_ccs,2028,0.0
stated_policies_newcap,r.A,t.elect_waste_biomass_ccs,2029,0.0
stated_policies_newcap,r.A,t.elect_waste_biomass_ccs,2030,0.0
stated_policies_newcap,r.A,t.elect_waste_biomass_ccs,2031,0.0
stated_policies_newcap,r.A,t.elect_waste_biomass_ccs,2032,0.0
stated_policies_newcap,r.A,t.elect_waste_biomass_ccs,2033,0.0
stated_policies_newcap,r.A,t.elect_waste_biomass_ccs,2034,0.0
stated_policies_newcap,r.A,t.elect_waste_biomass_ccs,2035,0.0
stated_policies_newcap,r.A,t.elect_waste_biomass_ccs,2036,0.0
stated_policies_newcap,r.A,t.elect_waste_biomass_ccs,2037,0.0
stated_policies_newcap,r.A,t.elect_waste_biomass_ccs,2038,0.0
stated_policies_newcap,r.A,t.elect_waste_biomass_ccs,2039,0.0
stated_policies_newcap,r.A,t.elect_waste_biomass_ccs,2040,0.0
stated_policies_newcap,r.A,t.elect_waste_biomass_ccs,2041,0.0
stated_policies_newcap,r.A,t.elect_waste_biomass_ccs,2042,0.0
stated_policies_newcap,r.A,t.elect_waste_biomass_ccs,2043,0.0
stated_policies_newcap,r.A,t.elect_waste_biomass_ccs,2044,0.0
stated_policies_newcap,r.A,t.elect_waste_biomass_ccs,2045,0.0
stated_policies_newcap,r.A,t.elect_waste_biomass_ccs,2046,0.0
stated_policies_newcap,r.A,t.elect_waste_biomass_ccs,2047,0.0
stated_policies_newcap,r.A,t.elect_waste_biomass_ccs,2048,0.0
stated_policies_newcap,r.A,t.elect_waste_biomass_ccs,2049,0.0
stated_policies_newcap,r.A,t.elect_waste_biomass_ccs,2050,0.0
stated_policies_newcap,r.A,t.elect_waste_biomass_ccs,2051,0.0
stated_policies_newcap,r.A,t.elect_waste_biomass_ccs,2052,0.0
stated_policies_newcap,r.A,t.elect_waste_biomass_ccs,2053,0.0
stated_policies_newcap,r.A,t.elect_waste_biomass_ccs,2054,0.0
stated_policies_newcap,r.A,t.elect_waste_biomass_ccs,2055,0.0
stated_policies_newcap,r.A,t.elect_waste_biomass_ccs,2056,0.0
stated_policies_newcap,r.A,t.elect_waste_biomass_ccs,2057,0.0
stated_policies_newcap,r.A,t.elect_waste_biomass_ccs,2058,0.0
stated_policies_newcap,r.A,t.elect_waste_biomass_ccs,2059,0.0
stated_policies_newcap,r.A,t.elect_waste_biomass_ccs,2060,0.0
stated_policies_newcap,r.A,t.elect_waste_biomass_ccs,2061,0.0
stated_policies_newcap,r.A,t.elect_waste_biomass_ccs,2062,0.0
stated_policies_newcap,r.A,t.elect_waste_biomass_ccs,2063,0.0
stated_policies_newcap,r.A,t.elect_waste_biomass_ccs,2064,0.0
stated_policies_newcap,r.A,t.elect_waste_biomass_ccs,2065,0.0
stated_policies_newcap,r.A,t.elect_waste_biomass_ccs,2066,0.0
stated_policies_newcap,r.A,t.elect_waste_biomass_ccs,2067,0.0
stated_policies_newcap,r.A,t.elect_waste_biomass_ccs,2068,0.0
stated_policies_newcap,r.A,t.elect_waste_biomass_ccs,2069,0.0
stated_policies_newcap,r.A,t.elect_waste_biomass_ccs,2070,0.0
stated_policies_newcap,r.A,t.elect_import,1990,0.0
stated_policies_newcap,r.A,t.elect_import,1991,0.0
stated_policies_newcap,r.A,t.elect_import,1992,0.0
stated_policies_newcap,r.A,t.elect_import,1993,0.0
stated_policies_newcap,r.A,t.elect_import,1994,0.0
stated_policies_newcap,r.A,t.elect_import,1995,0.0
stated_policies_newcap,r.A,t.elect_import,1996,0.0
stated_policies_newcap,r.A,t.elect_import,1997,0.0
stated_policies_newcap,r.A,t.elect_import,1998,0.0
stated_policies_newcap,r.A,t.elect_import,1999,0.0
stated_policies_newcap,r.A,t.elect_import,2000,0.0
stated_policies_newcap,r.A,t.elect_import,2001,0.0
stated_policies_newcap,r.A,t.elect_import,2002,0.0
stated_policies_newcap,r.A,t.elect_import,2003,0.0
stated_policies_newcap,r.A,t.elect_import,2004,0.0
stated_policies_newcap,r.A,t.elect_import,2005,0.0
stated_policies_newcap,r.A,t.elect_import,2006,0.0
stated_policies_newcap,r.A,t.elect_import,2007,0.0
stated_policies_newcap,r.A,t.elect_import,2008,0.0
stated_policies_newcap,r.A,t.elect_import,2009,0.0
stated_policies_newcap,r.A,t.elect_import,2010,0.0
stated_policies_newcap,r.A,t.elect_import,2011,0.0
stated_policies_newcap,r.A,t.elect_import,2012,0.0
stated_policies_newcap,r.A,t.elect_import,2013,0.0
stated_policies_newcap,r.A,t.elect_import,2014,0.0
stated_policies_newcap,r.A,t.elect_import,2015,0.0
stated_policies_newcap,r.A,t.elect_import,2016,0.0
stated_policies_newcap,r.A,t.elect_import,2017,0.0
stated_policies_newcap,r.A,t.elect_import,2018,0.0
stated_policies_newcap,r.A,t.elect_import,2019,0.0
stated_policies_newcap,r.A,t.elect_import,2020,0.0
stated_policies_newcap,r.A,t.elect_import,2021,0.0
stated_policies_newcap,r.A,t.elect_import,2022,0.0
stated_policies_newcap,r.A,t.elect_import,2023,0.0
stated_policies_newcap,r.A,t.elect_import,2024,0.0
stated_policies_newcap,r.A,t.elect_import,2025,0.0
stated_policies_newcap,r.A,t.elect_import,2026,0.0
stated_policies_newcap,r.A,t.elect_import,2027,0.0
stated_policies_newcap,r.A,t.elect_import,2028,0.0
stated_policies_newcap,r.A,t.elect_import,2029,0.0
stated_policies_newcap,r.A,t.elect_import,2030,0.0
stated_policies_newcap,r.A,t.elect_import,2031,0.0
stated_policies_newcap,r.A,t.elect_import,2032,0.0
stated_policies_newcap,r.A,t.elect_import,2033,0.0
stated_policies_newcap,r.A,t.elect_import,2034,0.0
stated_policies_newcap,r.A,t.elect_import,2035,0.0
stated_policies_newcap,r.A,t.elect_import,2036,0.0
stated_policies_newcap,r.A,t.elect_import,2037,0.0
stated_policies_newcap,r.A,t.elect_import,2038,0.0
stated_policies_newcap,r.A,t.elect_import,2039,0.0
stated_policies_newcap,r.A,t.elect_import,2040,0.0
stated_policies_newcap,r.A,t.elect_import,2041,0.0
stated_policies_newcap,r.A,t.elect_import,2042,0.0
stated_policies_newcap,r.A,t.elect_import,2043,0.0
stated_policies_newcap,r.A,t.elect_import,2044,0.0
stated_policies_newcap,r.A,t.elect_import,2045,0.0
stated_policies_newcap,r.A,t.elect_import,2046,8.291918126548214e-05
stated_policies_newcap,r.A,t.elect_import,2047,8.291918126548214e-05
stated_policies_newcap,r.A,t.elect_import,2048,8.291918126548214e-05
stated_policies_newcap,r.A,t.elect_import,2049,8.291918126548214e-05
stated_policies_newcap,r.A,t.elect_import,2050,8.291918126548214e-05
stated_policies_newcap,r.A,t.elect_import,2051,8.291918126548214e-05
stated_policies_newcap,r.A,t.elect_import,2052,8.291918126548214e-05
stated_policies_newcap,r.A,t.elect_import,2053,0.00016583836253096428
stated_policies_newcap,r.A,t.elect_import,2054,0.00016583836253096428
stated_policies_newcap,r.A,t.elect_import,2055,0.00016583836253096428
stated_policies_newcap,r.A,t.elect_import,2056,0.00016583836253096428
stated_policies_newcap,r.A,t.elect_import,2057,0.00016583836253096428
stated_policies_newcap,r.A,t.elect_import,2058,0.0002487575437964464
stated_policies_newcap,r.A,t.elect_import,2059,0.0002487575437964464
stated_policies_newcap,r.A,t.elect_import,2060,0.0002487575437964464
stated_policies_newcap,r.A,t.elect_import,2061,0.0002487575437964464
stated_policies_newcap,r.A,t.elect_import,2062,0.00033167672506192856
stated_policies_newcap,r.A,t.elect_import,2063,0.00033167672506192856
stated_policies_newcap,r.A,t.elect_import,2064,0.00033167672506192856
stated_policies_newcap,r.A,t.elect_import,2065,0.00033337626093396993
stated_policies_newcap,r.A,t.elect_import,2066,0.00033671771518487735
stated_policies_newcap,r.A,t.elect_import,2067,0.00044188080669454056
stated_policies_newcap,r.A,t.elect_import,2068,0.0004418808066945813
stated_policies_newcap,r.A,t.elect_import,2069,0.0004418808066945816
stated_policies_newcap,r.A,t.elect_import,2070,0.0004418808066945813
stated_policies_newcap,r.A,t.steam_reform,1990,0.0
stated_policies_newcap,r.A,t.steam_reform,1991,0.0
stated_policies_newcap,r.A,t.steam_reform,1992,0.0
stated_policies_newcap,r.A,t.steam_reform,1993,0.0
stated_policies_newcap,r.A,t.steam_reform,1994,0.0
stated_policies_newcap,r.A,t.steam_reform,1995,0.0
stated_policies_newcap,r.A,t.steam_reform,1996,0.0
stated_policies_newcap,r.A,t.steam_reform,1997,0.0
stated_policies_newcap,r.A,t.steam_reform,1998,0.0
stated_policies_newcap,r.A,t.steam_reform,1999,0.0
stated_policies_newcap,r.A,t.steam_reform,2000,0.0
stated_policies_newcap,r.A,t.steam_reform,2001,0.0
stated_policies_newcap,r.A,t.steam_reform,2002,0.0
stated_policies_newcap,r.A,t.steam_reform,2003,0.0
stated_policies_newcap,r.A,t.steam_reform,2004,0.0
stated_policies_newcap,r.A,t.steam_reform,2005,0.0
stated_policies_newcap,r.A,t.steam_reform,2006,8.581644127497851e-10
stated_policies_newcap,r.A,t.steam_reform,2007,4.290822063748925e-09
stated_policies_newcap,r.A,t.steam_reform,2008,1.3816447045271538e-08
stated_policies_newcap,r.A,t.steam_reform,2009,3.355422853851659e-08
stated_policies_newcap,r.A,t.steam_reform,2010,5.809773074316044e-08
stated_policies_newcap,r.A,t.steam_reform,2011,5.904171159718518e-08
stated_policies_newcap,r.A,t.steam_reform,2012,4.230750554856435e-08
stated_policies_newcap,r.A,t.steam_reform,2013,4.024791095796488e-08
stated_policies_newcap,r.A,t.steam_reform,2014,3.338259565596661e-08
stated_policies_newcap,r.A,t.steam_reform,2015,1.3044099073796719e-08
stated_policies_newcap,r.A,t.steam_reform,2016,6.09296733052345e-09
stated_policies_newcap,r.A,t.steam_reform,2017,1.390226348654647e-08
stated_policies_newcap,r.A,t.steam_reform,2018,2.5144217293568646e-08
stated_policies_newcap,r.A,t.steam_reform,2019,2.6860546119068267e-08
stated_policies_newcap,r.A,t.steam_reform,2020,1.1070320924472245e-08
stated_policies_newcap,r.A,t.steam_reform,2021,6.007150889248506e-10
stated_policies_newcap,r.A,t.steam_reform,2022,0.0
stated_policies_newcap,r.A,t.steam_reform,2023,0.0
stated_policies_newcap,r.A,t.steam_reform,2024,4.345701244527908e-09
stated_policies_newcap,r.A,t.steam_reform,2025,1.8798637565910354e-08
stated_policies_newcap,r.A,t.steam_reform,2026,5.918177139742431e-08
stated_policies_newcap,r.A,t.steam_reform,2027,1.434920067036142e-07
stated_policies_newcap,r.A,t.steam_reform,2028,2.471848816959927e-07
stated_policies_newcap,r.A,t.steam_reform,2029,2.676002047970894e-07
stated_policies_newcap,r.A,t.steam_reform,2030,3.059685454213457e-07
stated_policies_newcap,r.A,t.steam_reform,2031,3.643582817755171e-07
stated_policies_newcap,r.A,t.steam_reform,2032,2.198104576248259e-07
stated_policies_newcap,r.A,t.steam_reform,2033,9.16385473204591e-08
stated_policies_newcap,r.A,t.steam_reform,2034,7.527664138286138e-08
stated_policies_newcap,r.A,t.steam_reform,2035,8.062011966303832e-08
stated_policies_newcap,r.A,t.steam_reform,2036,2.5723613930880954e-07
stated_policies_newcap,r.A,t.steam_reform,2037,9.385292445618849e-07
stated_policies_newcap,r.A,t.steam_reform,2038,2.9270354039097798e-06
stated_policies_newcap,r.A,t.steam_reform,2039,7.216452972590853e-06
stated_policies_newcap,r.A,t.steam_reform,2040,1.3582680498834196e-05
stated_policies_newcap,r.A,t.steam_reform,2041,1.8637536410199412e-05
stated_policies_newcap,r.A,t.steam_reform,2042,2.384455448398528e-05
stated_policies_newcap,r.A,t.steam_reform,2043,3.416349016446927e-05
stated_policies_newcap,r.A,t.steam_reform,2044,5.5358752889354276e-05
stated_policies_newcap,r.A,t.steam_reform,2045,9.727372577926746e-05
stated_policies_newcap,r.A,t.steam_reform,2046,0.00017283124213775237
stated_policies_newcap,r.A,t.steam_reform,2047,0.00029452306691568945
stated_policies_newcap,r.A,t.steam_reform,2048,0.00045283407823013184
stated_policies_newcap,r.A,t.steam_reform,2049,0.0005939552062071826
stated_policies_newcap,r.A,t.steam_reform,2050,0.0006418519935480062
stated_policies_newcap,r.A,t.steam_reform,2051,0.0006500312660958785
stated_policies_newcap,r.A,t.steam_reform,2052,0.0006646258903673037
stated_policies_newcap,r.A,t.steam_reform,2053,0.0006645760443628208
stated_policies_newcap,r.A,t.steam_reform,2054,0.0006178432178453389
stated_policies_newcap,r.A,t.steam_reform,2055,0.0005762186639010293
stated_policies_newcap,r.A,t.steam_reform,2056,0.0005723559120403843
stated_policies_newcap,r.A,t.steam_reform,2057,0.0005848960459156409
stated_policies_newcap,r.A,t.steam_reform,2058,0.0005868984375529745
stated_policies_newcap,r.A,t.steam_reform,2059,0.0005744946106549317
stated_policies_newcap,r.A,t.steam_reform,2060,0.0005355926804504346
stated_policies_newcap,r.A,t.steam_reform,2061,0.0004816373989251655
stated_policies_newcap,r.A,t.steam_reform,2062,0.0004193553502475538
stated_policies_newcap,r.A,t.steam_reform,2063,0.0004129435686865872
stated_policies_newcap,r.A,t.steam_reform,2064,0.0005452272411638003
stated_policies_newcap,r.A,t.steam_reform,2065,0.0006887768196820084
stated_policies_newcap,r.A,t.steam_reform,2066,0.0008131058289964285
stated_policies_newcap,r.A,t.steam_reform,2067,0.0009154662479682616
stated_policies_newcap,r.A,t.steam_reform,2068,0.0008909787267453867
stated_policies_newcap,r.A,t.steam_reform,2069,0.0006466685661569542
stated_policies_newcap,r.A,t.steam_reform,2070,0.00022478151741265392
stated_policies_newcap,r.A,t.electrolyzer,1990,0.0
stated_policies_newcap,r.A,t.electrolyzer,1991,0.0
stated_policies_newcap,r.A,t.electrolyzer,1992,0.0
stated_policies_newcap,r.A,t.electrolyzer,1993,0.0
stated_policies_newcap,r.A,t.electrolyzer,1994,0.0
stated_policies_newcap,r.A,t.electrolyzer,1995,0.0
stated_policies_newcap,r.A,t.electrolyzer,1996,0.0
stated_policies_newcap,r.A,t.electrolyzer,1997,0.0
stated_policies_newcap,r.A,t.electrolyzer,1998,0.0
stated_policies_newcap,r.A,t.electrolyzer,1999,0.0
stated_policies_newcap,r.A,t.electrolyzer,2000,0.0
stated_policies_newcap,r.A,t.electrolyzer,2001,0.0
stated_policies_newcap,r.A,t.electrolyzer,2002,-2.548748305866863e-07
stated_policies_newcap,r.A,t.electrolyzer,2003,0.0
stated_policies_newcap,r.A,t.electrolyzer,2004,0.0
stated_policies_newcap,r.A,t.electrolyzer,2005,0.0
stated_policies_newcap,r.A,t.electrolyzer,2006,8.495827686222873e-10
stated_policies_newcap,r.A,t.electrolyzer,2007,3.398331074489149e-09
stated_policies_newcap,r.A,t.electrolyzer,2008,-7.32872408488315e-08
stated_policies_newcap,r.A,t.electrolyzer,2009,2.293873475280176e-08
stated_policies_newcap,r.A,t.electrolyzer,2010,3.228414520764692e-08
stated_policies_newcap,r.A,t.electrolyzer,2011,2.4457256681162493e-08
stated_policies_newcap,r.A,t.electrolyzer,2012,9.907941518224704e-07
stated_policies_newcap,r.A,t.electrolyzer,2013,9.213596401046787e-08
stated_policies_newcap,r.A,t.electrolyzer,2014,1.8712832826877338e-07
stated_policies_newcap,r.A,t.electrolyzer,2015,2.286506133796717e-07
stated_policies_newcap,r.A,t.electrolyzer,2016,1.0464542665512145e-07
stated_policies_newcap,r.A,t.electrolyzer,2017,5.766435771472176e-09
stated_policies_newcap,r.A,t.electrolyzer,2018,-5.556721843106448e-09
stated_policies_newcap,r.A,t.electrolyzer,2019,5.556721843106448e-09
stated_policies_newcap,r.A,t.electrolyzer,2020,0.0
stated_policies_newcap,r.A,t.electrolyzer,2021,5.752458847681721e-08
stated_policies_newcap,r.A,t.electrolyzer,2022,-5.752458847681721e-08
stated_policies_newcap,r.A,t.electrolyzer,2023,0.0
stated_policies_newcap,r.A,t.electrolyzer,2024,0.0
stated_policies_newcap,r.A,t.electrolyzer,2025,-2.5398341230294213e-08
stated_policies_newcap,r.A,t.electrolyzer,2026,2.3256264167163284e-08
stated_policies_newcap,r.A,t.electrolyzer,2027,2.0844127054162065e-09
stated_policies_newcap,r.A,t.electrolyzer,2028,5.766435771472176e-11
stated_policies_newcap,r.A,t.electrolyzer,2029,0.0
stated_policies_newcap,r.A,t.electrolyzer,2030,0.0
stated_policies_newcap,r.A,t.electrolyzer,2031,0.0
stated_policies_newcap,r.A,t.electrolyzer,2032,0.0
stated_policies_newcap,r.A,t.electrolyzer,2033,0.0
stated_policies_newcap,r.A,t.electrolyzer,2034,0.0
stated_policies_newcap,r.A,t.electrolyzer,2035,1.1992807119520677e-08
stated_policies_newcap,r.A,t.electrolyzer,2036,4.7971228478082706e-08
stated_policies_newcap,r.A,t.electrolyzer,2037,1.439136854342481e-07
stated_policies_newcap,r.A,t.electrolyzer,2038,3.238057922270583e-07
stated_policies_newcap,r.A,t.electrolyzer,2039,4.4373386342226504e-07
stated_policies_newcap,r.A,t.electrolyzer,2040,2.1587052815137217e-07
stated_policies_newcap,r.A,t.electrolyzer,2041,1.1992807119520677e-08
stated_policies_newcap,r.A,t.electrolyzer,2042,0.0
stated_policies_newcap,r.A,t.electrolyzer,2043,0.0
stated_policies_newcap,r.A,t.electrolyzer,2044,0.0
stated_policies_newcap,r.A,t.electrolyzer,2045,0.0
stated_policies_newcap,r.A,t.electrolyzer,2046,0.0
stated_policies_newcap,r.A,t.electrolyzer,2047,0.0
stated_policies_newcap,r.A,t.electrolyzer,2048,0.0
stated_policies_newcap,r.A,t.electrolyzer,2049,0.0
stated_policies_newcap,r.A,t.electrolyzer,2050,0.0
stated_policies_newcap,r.A,t.electrolyzer,2051,0.0
stated_policies_newcap,r.A,t.electrolyzer,2052,0.0
stated_policies_newcap,r.A,t.electrolyzer,2053,0.0
stated_policies_newcap,r.A,t.electrolyzer,2054,0.0
stated_policies_newcap,r.A,t.electrolyzer,2055,0.0
stated_policies_newcap,r.A,t.electrolyzer,2056,3.152730586751387e-05
stated_policies_newcap,r.A,t.electrolyzer,2057,0.00013076160470262664
stated_policies_newcap,r.A,t.electrolyzer,2058,0.00040158922765099093
stated_policies_newcap,r.A,t.electrolyzer,2059,0.000929998864980805
stated_policies_newcap,r.A,t.electrolyzer,2060,0.0013692821388508886
stated_policies_newcap,r.A,t.electrolyzer,2061,0.0009332674364931933
stated_policies_newcap,r.A,t.electrolyzer,2062,0.0004525700994842197
stated_policies_newcap,r.A,t.electrolyzer,2063,0.0003573156837215198
stated_policies_newcap,r.A,t.electrolyzer,2064,0.00024315205374247776
stated_policies_newcap,r.A,t.electrolyzer,2065,0.0001416217705017048
stated_policies_newcap,r.A,t.electrolyzer,2066,0.0002313112761702773
stated_policies_newcap,r.A,t.electrolyzer,2067,0.0006020012611228612
stated_policies_newcap,r.A,t.electrolyzer,2068,0.0011488966471981737
stated_policies_newcap,r.A,t.electrolyzer,2069,0.0014355537623127464
stated_policies_newcap,r.A,t.electrolyzer,2070,0.0012454935380267359
stated_policies_newcap,r.A,t.elect_storage,1990,0.0
stated_policies_newcap,r.A,t.elect_storage,1991,0.0
stated_policies_newcap,r.A,t.elect_storage,1992,0.0
stated_policies_newcap,r.A,t.elect_storage,1993,0.0
stated_policies_newcap,r.A,t.elect_storage,1994,0.0
stated_policies_newcap,r.A,t.elect_storage,1995,0.0
stated_policies_newcap,r.A,t.elect_storage,1996,0.0
stated_policies_newcap,r.A,t.elect_storage,1997,0.0
stated_policies_newcap,r.A,t.elect_storage,1998,0.0
stated_policies_newcap,r.A,t.elect_storage,1999,0.0
stated_policies_newcap,r.A,t.elect_storage,2000,0.0
stated_policies_newcap,r.A,t.elect_storage,2001,0.0
stated_policies_newcap,r.A,t.elect_storage,2002,0.0
stated_policies_newcap,r.A,t.elect_storage,2003,0.0
stated_policies_newcap,r.A,t.elect_storage,2004,0.0
stated_policies_newcap,r.A,t.elect_storage,2005,0.0
stated_policies_newcap,r.A,t.elect_storage,2006,0.0
stated_policies_newcap,r.A,t.elect_storage,2007,0.0
stated_policies_newcap,r.A,t.elect_storage,2008,0.0
stated_policies_newcap,r.A,t.elect_storage,2009,0.0
stated_policies_newcap,r.A,t.elect_storage,2010,0.0
stated_policies_newcap,r.A,t.elect_storage,2011,0.0
stated_policies_newcap,r.A,t.elect_storage,2012,0.0
stated_policies_newcap,r.A,t.elect_storage,2013,0.0
stated_policies_newcap,r.A,t.elect_storage,2014,0.0
stated_policies_newcap,r.A,t.elect_storage,2015,0.0
stated_policies_newcap,r.A,t.elect_storage,2016,0.0
stated_policies_newcap,r.A,t.elect_storage,2017,0.0
stated_policies_newcap,r.A,t.elect_storage,2018,0.0
stated_policies_newcap,r.A,t.elect_storage,2019,0.0
stated_policies_newcap,r.A,t.elect_storage,2020,0.0
stated_policies_newcap,r.A,t.elect_storage,2021,0.0
stated_policies_newcap,r.A,t.elect_storage,2022,0.0
stated_policies_newcap,r.A,t.elect_storage,2023,0.0
stated_policies_newcap,r.A,t.elect_storage,2024,0.0
stated_policies_newcap,r.A,t.elect_storage,2025,0.0
stated_policies_newcap,r.A,t.elect_storage,2026,0.0
stated_policies_newcap,r.A,t.elect_storage,2027,0.0
stated_policies_newcap,r.A,t.elect_storage,2028,0.0
stated_policies_newcap,r.A,t.elect_storage,2029,0.0
stated_policies_newcap,r.A,t.elect_storage,2030,0.0
stated_policies_newcap,r.A,t.elect_storage,2031,0.0
stated_policies_newcap,r.A,t.elect_storage,2032,0.00019084714781145612
stated_policies_newcap,r.A,t.elect_storage,2033,0.0006042253979561111
stated_policies_newcap,r.A,t.elect_storage,2034,0.0011053915528039992
stated_policies_newcap,r.A,t.elect_storage,2035,0.0021557728094103736
stated_policies_newcap,r.A,t.elect_storage,2036,0.004241290366870372
stated_policies_newcap,r.A,t.elect_storage,2037,0.00668475998452617
stated_policies_newcap,r.A,t.elect_storage,2038,0.009390379699060895
stated_policies_newcap,r.A,t.elect_storage,2039,0.01283119056392695
stated_policies_newcap,r.A,t.elect_storage,2040,0.016924109444189154
stated_policies_newcap,r.A,t.elect_storage,2041,0.020889495278616974
stated_policies_newcap,r.A,t.elect_storage,2042,0.02484195735649878
stated_policies_newcap,r.A,t.elect_storage,2043,0.027506463206616153
stated_policies_newcap,r.A,t.elect_storage,2044,0.02857591351007279
stated_policies_newcap,r.A,t.elect_storage,2045,0.029122450533245026
stated_policies_newcap,r.A,t.elect_storage,2046,0.028161944426002068
stated_policies_newcap,r.A,t.elect_storage,2047,0.026479508890442937
stated_policies_newcap,r.A,t.elect_storage,2048,0.02490249049193611
stated_policies_newcap,r.A,t.elect_storage,2049,0.023705943477523854
stated_policies_newcap,r.A,t.elect_storage,2050,0.024186051742694874
stated_policies_newcap,r.A,t.elect_storage,2051,0.024608782848411156
stated_policies_newcap,r.A,t.elect_storage,2052,0.025331288879523774
stated_policies_newcap,r.A,t.elect_storage,2053,0.026799600423556807
stated_policies_newcap,r.A,t.elect_storage,2054,0.027842355434448823
stated_policies_newcap,r.A,t.elect_storage,2055,0.028507543952826023
stated_policies_newcap,r.A,t.elect_storage,2056,0.028652825943093596
stated_policies_newcap,r.A,t.elect_storage,2057,0.027724214684802934
stated_policies_newcap,r.A,t.elect_storage,2058,0.02629747570925327
stated_policies_newcap,r.A,t.elect_storage,2059,0.024388589430930675
stated_policies_newcap,r.A,t.elect_storage,2060,0.021689709210468797
stated_policies_newcap,r.A,t.elect_storage,2061,0.018909773219606994
stated_policies_newcap,r.A,t.elect_storage,2062,0.015547680244758461
stated_policies_newcap,r.A,t.elect_storage,2063,0.012323592905308793
stated_policies_newcap,r.A,t.elect_storage,2064,0.009384358639171182
stated_policies_newcap,r.A,t.elect_storage,2065,0.0065427608991403
stated_policies_newcap,r.A,t.elect_storage,2066,0.004154472017078151
stated_policies_newcap,r.A,t.elect_storage,2067,0.002473422083638827
stated_policies_newcap,r.A,t.elect_storage,2068,0.0012238752781833489
stated_policies_newcap,r.A,t.elect_storage,2069,0.0006163970032390022
stated_policies_newcap,r.A,t.elect_storage,2070,0.00021068840069793024
stated_policies_newcap,r.A,t.hydrogen_storage,1990,0.0
stated_policies_newcap,r.A,t.hydrogen_storage,1991,0.0
stated_policies_newcap,r.A,t.hydrogen_storage,1992,0.0
stated_policies_newcap,r.A,t.hydrogen_storage,1993,0.0
stated_policies_newcap,r.A,t.hydrogen_storage,1994,0.0
stated_policies_newcap,r.A,t.hydrogen_storage,1995,0.0
stated_policies_newcap,r.A,t.hydrogen_storage,1996,0.0
stated_policies_newcap,r.A,t.hydrogen_storage,1997,0.0
stated_policies_newcap,r.A,t.hydrogen_storage,1998,0.0
stated_policies_newcap,r.A,t.hydrogen_storage,1999,0.0
stated_policies_newcap,r.A,t.hydrogen_storage,2000,0.0
stated_policies_newcap,r.A,t.hydrogen_storage,2001,0.0
stated_policies_newcap,r.A,t.hydrogen_storage,2002,0.0
stated_policies_newcap,r.A,t.hydrogen_storage,2003,0.0
stated_policies_newcap,r.A,t.hydrogen_storage,2004,0.0
stated_policies_newcap,r.A,t.hydrogen_storage,2005,0.0
stated_policies_newcap,r.A,t.hydrogen_storage,2006,0.0
stated_policies_newcap,r.A,t.hydrogen_storage,2007,0.0
stated_policies_newcap,r.A,t.hydrogen_storage,2008,0.0
stated_policies_newcap,r.A,t.hydrogen_storage,2009,0.0
stated_policies_newcap,r.A,t.hydrogen_storage,2010,0.0
stated_policies_newcap,r.A,t.hydrogen_storage,2011,0.0
stated_policies_newcap,r.A,t.hydrogen_storage,2012,0.0
stated_policies_newcap,r.A,t.hydrogen_storage,2013,0.0
stated_policies_newcap,r.A,t.hydrogen_storage,2014,0.0
stated_policies_newcap,r.A,t.hydrogen_storage,2015,0.0
stated_policies_newcap,r.A,t.hydrogen_storage,2016,0.0
stated_policies_newcap,r.A,t.hydrogen_storage,2017,0.0
stated_policies_newcap,r.A,t.hydrogen_storage,2018,0.0
stated_policies_newcap,r.A,t.hydrogen_storage,2019,0.0
stated_policies_newcap,r.A,t.hydrogen_storage,2020,0.0
stated_policies_newcap,r.A,t.hydrogen_storage,2021,0.0
stated_policies_newcap,r.A,t.hydrogen_storage,2022,0.0
stated_policies_newcap,r.A,t.hydrogen_storage,2023,0.0
stated_policies_newcap,r.A,t.hydrogen_storage,2024,0.0
stated_policies_newcap,r.A,t.hydrogen_storage,2025,0.0
stated_policies_newcap,r.A,t.hydrogen_storage,2026,2.610720666812021e-08
stated_policies_newcap,r.A,t.hydrogen_storage,2027,1.3385127641540732e-07
stated_policies_newcap,r.A,t.hydrogen_storage,2028,4.624743243519369e-07
stated_policies_newcap,r.A,t.hydrogen_storage,2029,1.224081021843884e-06
stated_policies_newcap,r.A,t.hydrogen_storage,2030,2.357424676716947e-06
stated_policies_newcap,r.A,t.hydrogen_storage,2031,3.2194002242550476e-06
stated_policies_newcap,r.A,t.hydrogen_storage,2032,4.0528158574355865e-06
stated_policies_newcap,r.A,t.hydrogen_storage,2033,5.778989259237473e-06
stated_policies_newcap,r.A,t.hydrogen_storage,2034,9.338824267742234e-06
stated_policies_newcap,r.A,t.hydrogen_storage,2035,1.8816159563206456e-05
stated_policies_newcap,r.A,t.hydrogen_storage,2036,3.778535370410787e-05
stated_policies_newcap,r.A,t.hydrogen_storage,2037,7.339238292895304e-05
stated_policies_newcap,r.A,t.hydrogen_storage,2038,0.00012347882120528444
stated_policies_newcap,r.A,t.hydrogen_storage,2039,0.000141732890706535
stated_policies_newcap,r.A,t.hydrogen_storage,2040,6.409373052296108e-05
stated_policies_newcap,r.A,t.hydrogen_storage,2041,8.39029356110694e-06
stated_policies_newcap,r.A,t.hydrogen_storage,2042,2.1082251029010708e-05
stated_policies_newcap,r.A,t.hydrogen_storage,2043,6.712444514123113e-05
stated_policies_newcap,r.A,t.hydrogen_storage,2044,0.00015985263050834452
stated_policies_newcap,r.A,t.hydrogen_storage,2045,0.0002509117987590778
stated_policies_newcap,r.A,t.hydrogen_storage,2046,0.00020852915361511677
stated_policies_newcap,r.A,t.hydrogen_storage,2047,0.00011738048393843299
stated_policies_newcap,r.A,t.hydrogen_storage,2048,4.954687980567984e-05
stated_policies_newcap,r.A,t.hydrogen_storage,2049,8.0770231125433e-05
stated_policies_newcap,r.A,t.hydrogen_storage,2050,0.0002900958491899872
stated_policies_newcap,r.A,t.hydrogen_storage,2051,0.0008138891396703812
stated_policies_newcap,r.A,t.hydrogen_storage,2052,0.0016802224785865813
stated_policies_newcap,r.A,t.hydrogen_storage,2053,0.0021516437662701736
stated_policies_newcap,r.A,t.hydrogen_storage,2054,0.0012295066377380137
stated_policies_newcap,r.A,t.hydrogen_storage,2055,0.00033173972047718394
stated_policies_newcap,r.A,t.hydrogen_storage,2056,9.271452923481214e-05
stated_policies_newcap,r.A,t.hydrogen_storage,2057,4.828763961565675e-06
stated_policies_newcap,r.A,t.hydrogen_storage,2058,0.0
stated_policies_newcap,r.A,t.hydrogen_storage,2059,0.0
stated_policies_newcap,r.A,t.hydrogen_storage,2060,0.0
stated_policies_newcap,r.A,t.hydrogen_storage,2061,0.0
stated_policies_newcap,r.A,t.hydrogen_storage,2062,0.0
stated_policies_newcap,r.A,t.hydrogen_storage,2063,0.0
stated_policies_newcap,r.A,t.hydrogen_storage,2064,0.0
stated_policies_newcap,r.A,t.hydrogen_storage,2065,0.0
stated_policies_newcap,r.A,t.hydrogen_storage,2066,0.0
stated_policies_newcap,r.A,t.hydrogen_storage,2067,0.0
stated_policies_newcap,r.A,t.hydrogen_storage,2068,0.0
stated_policies_newcap,r.A,t.hydrogen_storage,2069,0.0
stated_policies_newcap,r.A,t.hydrogen_storage,2070,0.0
stated_policies_newcap,r.A,t.gas_blender,1990,0.0
stated_policies_newcap,r.A,t.gas_blender,1991,0.0
stated_policies_newcap,r.A,t.gas_blender,1992,0.0
stated_policies_newcap,r.A,t.gas_blender,1993,0.0
stated_policies_newcap,r.A,t.gas_blender,1994,0.0
stated_policies_newcap,r.A,t.gas_blender,1995,0.0
stated_policies_newcap,r.A,t.gas_blender,1996,0.0
stated_policies_newcap,r.A,t.gas_blender,1997,0.0
stated_policies_newcap,r.A,t.gas_blender,1998,0.0
stated_policies_newcap,r.A,t.gas_blender,1999,0.0
stated_policies_newcap,r.A,t.gas_blender,2000,0.0
stated_policies_newcap,r.A,t.gas_blender,2001,0.0
stated_policies_newcap,r.A,t.gas_blender,2002,0.0
stated_policies_newcap,r.A,t.gas_blender,2003,0.0
stated_policies_newcap,r.A,t.gas_blender,2004,0.0
stated_policies_newcap,r.A,t.gas_blender,2005,0.0
stated_policies_newcap,r.A,t.gas_blender,2006,0.0
stated_policies_newcap,r.A,t.gas_blender,2007,0.0
stated_policies_newcap,r.A,t.gas_blender,2008,0.0
stated_policies_newcap,r.A,t.gas_blender,2009,0.0
stated_policies_newcap,r.A,t.gas_blender,2010,0.0
stated_policies_newcap,r.A,t.gas_blender,2011,0.0
stated_policies_newcap,r.A,t.gas_blender,2012,0.0
stated_policies_newcap,r.A,t.gas_blender,2013,0.0
stated_policies_newcap,r.A,t.gas_blender,2014,0.0
stated_policies_newcap,r.A,t.gas_blender,2015,0.0
stated_policies_newcap,r.A,t.gas_blender,2016,0.0
stated_policies_newcap,r.A,t.gas_blender,2017,0.0
stated_policies_newcap,r.A,t.gas_blender,2018,0.0
stated_policies_newcap,r.A,t.gas_blender,2019,0.0
stated_policies_newcap,r.A,t.gas_blender,2020,0.0
stated_policies_newcap,r.A,t.gas_blender,2021,0.0
stated_policies_newcap,r.A,t.gas_blender,2022,0.0
stated_policies_newcap,r.A,t.gas_blender,2023,0.0
stated_policies_newcap,r.A,t.gas_blender,2024,0.0
stated_policies_newcap,r.A,t.gas_blender,2025,0.0
stated_policies_newcap,r.A,t.gas_blender,2026,0.0
stated_policies_newcap,r.A,t.gas_blender,2027,0.0
stated_policies_newcap,r.A,t.gas_blender,2028,0.0
stated_policies_newcap,r.A,t.gas_blender,2029,0.0
stated_policies_newcap,r.A,t.gas_blender,2030,1.318833959672027e-07
stated_policies_newcap,r.A,t.gas_blender,2031,1.5340942196482493e-06
stated_policies_newcap,r.A,t.gas_blender,2032,6.6154039305036245e-06
stated_policies_newcap,r.A,t.gas_blender,2033,2.0672382499364926e-05
stated_policies_newcap,r.A,t.gas_blender,2034,4.9168353625081794e-05
stated_policies_newcap,r.A,t.gas_blender,2035,8.893160402785695e-05
stated_policies_newcap,r.A,t.gas_blender,2036,0.00012275736052475052
stated_policies_newcap,r.A,t.gas_blender,2037,0.00017660893180895638
stated_policies_newcap,r.A,t.gas_blender,2038,0.00029339043615448545
stated_policies_newcap,r.A,t.gas_blender,2039,0.0004450756208569348
stated_policies_newcap,r.A,t.gas_blender,2040,0.0005198962829617378
stated_policies_newcap,r.A,t.gas_blender,2041,0.0006074006333985669
stated_policies_newcap,r.A,t.gas_blender,2042,0.0007549506887207234
stated_policies_newcap,r.A,t.gas_blender,2043,0.0008865761517776005
stated_policies_newcap,r.A,t.gas_blender,2044,0.0009571830625786072
stated_policies_newcap,r.A,t.gas_blender,2045,0.0009197119381312835
stated_policies_newcap,r.A,t.gas_blender,2046,0.0008607956223531986
stated_policies_newcap,r.A,t.gas_blender,2047,0.0009064490241414408
stated_policies_newcap,r.A,t.gas_blender,2048,0.0009944634562059904
stated_policies_newcap,r.A,t.gas_blender,2049,0.0010582506567259938
stated_policies_newcap,r.A,t.gas_blender,2050,0.0011136004696269371
stated_policies_newcap,r.A,t.gas_blender,2051,0.0012046360785391136
stated_policies_newcap,r.A,t.gas_blender,2052,0.0012896810679349222
stated_policies_newcap,r.A,t.gas_blender,2053,0.001298099552903138
stated_policies_newcap,r.A,t.gas_blender,2054,0.0012435751751622565
stated_policies_newcap,r.A,t.gas_blender,2055,0.0012216305663523544
stated_policies_newcap,r.A,t.gas_blender,2056,0.835073949354414
stated_policies_newcap,r.A,t.gas_blender,2057,3.3365621510901073
stated_policies_newcap,r.A,t.gas_blender,2058,10.007064197317398
stated_policies_newcap,r.A,t.gas_blender,2059,22.514168700300914
stated_policies_newcap,r.A,t.gas_blender,2060,30.85219283130767
stated_policies_newcap,r.A,t.gas_blender,2061,15.018156496097955
stated_policies_newcap,r.A,t.gas_blender,2062,0.9017836826367239
stated_policies_newcap,r.A,t.gas_blender,2063,0.33477851973723505
stated_policies_newcap,r.A,t.gas_blender,2064,1.2519705071888183
stated_policies_newcap,r.A,t.gas_blender,2065,3.6200178513123578
stated_policies_newcap,r.A,t.gas_blender,2066,8.17273037861789
stated_policies_newcap,r.A,t.gas_blender,2067,14.702378465205653
stated_policies_newcap,r.A,t.gas_blender,2068,20.336569572627038
stated_policies_newcap,r.A,t.gas_blender,2069,19.75695949733541
stated_policies_newcap,r.A,t.gas_blender,2070,11.705188315675692
stated_policies_newcap,r.A,t.biogas_blender,1990,0.0
stated_policies_newcap,r.A,t.biogas_blender,1991,0.0
stated_policies_newcap,r.A,t.biogas_blender,1992,0.0
stated_policies_newcap,r.A,t.biogas_blender,1993,0.0
stated_policies_newcap,r.A,t.biogas_blender,1994,0.0
stated_policies_newcap,r.A,t.biogas_blender,1995,0.0
stated_policies_newcap,r.A,t.biogas_blender,1996,0.0
stated_policies_newcap,r.A,t.biogas_blender,1997,0.0
stated_policies_newcap,r.A,t.biogas_blender,1998,0.0
stated_policies_newcap,r.A,t.biogas_blender,1999,0.0
stated_policies_newcap,r.A,t.biogas_blender,2000,0.0
stated_policies_newcap,r.A,t.biogas_blender,2001,0.0
stated_policies_newcap,r.A,t.biogas_blender,2002,0.0
stated_policies_newcap,r.A,t.biogas_blender,2003,0.0
stated_policies_newcap,r.A,t.biogas_blender,2004,0.0
stated_policies_newcap,r.A,t.biogas_blender,2005,0.0
stated_policies_newcap,r.A,t.biogas_blender,2006,0.0
stated_policies_newcap,r.A,t.biogas_blender,2007,0.0
stated_policies_newcap,r.A,t.biogas_blender,2008,0.0
stated_policies_newcap,r.A,t.biogas_blender,2009,0.0
stated_policies_newcap,r.A,t.biogas_blender,2010,0.0
stated_policies_newcap,r.A,t.biogas_blender,2011,0.0
stated_policies_newcap,r.A,t.biogas_blender,2012,0.0
stated_policies_newcap,r.A,t.biogas_blender,2013,0.0
stated_policies_newcap,r.A,t.biogas_blender,2014,0.0
stated_policies_newcap,r.A,t.biogas_blender,2015,0.0
stated_policies_newcap,r.A,t.biogas_blender,2016,0.0
stated_policies_newcap,r.A,t.biogas_blender,2017,0.0
stated_policies_newcap,r.A,t.biogas_blender,2018,0.0
stated_policies_newcap,r.A,t.biogas_blender,2019,0.0
stated_policies_newcap,r.A,t.biogas_blender,2020,0.0
stated_policies_newcap,r.A,t.biogas_blender,2021,0.0
stated_policies_newcap,r.A,t.biogas_blender,2022,0.0
stated_policies_newcap,r.A,t.biogas_blender,2023,0.0
stated_policies_newcap,r.A,t.biogas_blender,2024,0.0
stated_policies_newcap,r.A,t.biogas_blender,2025,0.0
stated_policies_newcap,r.A,t.biogas_blender,2026,0.0
stated_policies_newcap,r.A,t.biogas_blender,2027,0.0
stated_policies_newcap,r.A,t.biogas_blender,2028,0.0
stated_policies_newcap,r.A,t.biogas_blender,2029,0.0
stated_policies_newcap,r.A,t.biogas_blender,2030,0.0
stated_policies_newcap,r.A,t.biogas_blender,2031,0.0
stated_policies_newcap,r.A,t.biogas_blender,2032,0.0
stated_policies_newcap,r.A,t.biogas_blender,2033,0.0
stated_policies_newcap,r.A,t.biogas_blender,2034,0.0
stated_policies_newcap,r.A,t.biogas_blender,2035,0.0
stated_policies_newcap,r.A,t.biogas_blender,2036,0.0
stated_policies_newcap,r.A,t.biogas_blender,2037,0.0
stated_policies_newcap,r.A,t.biogas_blender,2038,0.0
stated_policies_newcap,r.A,t.biogas_blender,2039,0.0
stated_policies_newcap,r.A,t.biogas_blender,2040,0.0
stated_policies_newcap,r.A,t.biogas_blender,2041,0.0
stated_policies_newcap,r.A,t.biogas_blender,2042,0.0
stated_policies_newcap,r.A,t.biogas_blender,2043,0.0
stated_policies_newcap,r.A,t.biogas_blender,2044,0.0
stated_policies_newcap,r.A,t.biogas_blender,2045,0.0
stated_policies_newcap,r.A,t.biogas_blender,2046,0.0
stated_policies_newcap,r.A,t.biogas_blender,2047,0.0
stated_policies_newcap,r.A,t.biogas_blender,2048,0.0
stated_policies_newcap,r.A,t.biogas_blender,2049,0.0
stated_policies_newcap,r.A,t.biogas_blender,2050,0.0
stated_policies_newcap,r.A,t.biogas_blender,2051,0.0
stated_policies_newcap,r.A,t.biogas_blender,2052,0.0
stated_policies_newcap,r.A,t.biogas_blender,2053,0.0
stated_policies_newcap,r.A,t.biogas_blender,2054,0.0
stated_policies_newcap,r.A,t.biogas_blender,2055,0.0
stated_policies_newcap,r.A,t.biogas_blender,2056,0.0
stated_policies_newcap,r.A,t.biogas_blender,2057,0.0
stated_policies_newcap,r.A,t.biogas_blender,2058,0.0
stated_policies_newcap,r.A,t.biogas_blender,2059,0.0
stated_policies_newcap,r.A,t.biogas_blender,2060,0.0
stated_policies_newcap,r.A,t.biogas_blender,2061,0.0
stated_policies_newcap,r.A,t.biogas_blender,2062,0.0
stated_policies_newcap,r.A,t.biogas_blender,2063,0.0
stated_policies_newcap,r.A,t.biogas_blender,2064,0.0
stated_policies_newcap,r.A,t.biogas_blender,2065,0.0
stated_policies_newcap,r.A,t.biogas_blender,2066,0.0
stated_policies_newcap,r.A,t.biogas_blender,2067,0.0
stated_policies_newcap,r.A,t.biogas_blender,2068,0.0
stated_policies_newcap,r.A,t.biogas_blender,2069,0.0
stated_policies_newcap,r.A,t.biogas_blender,2070,0.0
stated_policies_newcap,r.A,t.hydrogen_blender,1990,0.0
stated_policies_newcap,r.A,t.hydrogen_blender,1991,0.0
stated_policies_newcap,r.A,t.hydrogen_blender,1992,0.0
stated_policies_newcap,r.A,t.hydrogen_blender,1993,0.0
stated_policies_newcap,r.A,t.hydrogen_blender,1994,0.0
stated_policies_newcap,r.A,t.hydrogen_blender,1995,0.0
stated_policies_newcap,r.A,t.hydrogen_blender,1996,0.0
stated_policies_newcap,r.A,t.hydrogen_blender,1997,0.0
stated_policies_newcap,r.A,t.hydrogen_blender,1998,0.0
stated_policies_newcap,r.A,t.hydrogen_blender,1999,0.0
stated_policies_newcap,r.A,t.hydrogen_blender,2000,0.0
stated_policies_newcap,r.A,t.hydrogen_blender,2001,0.0
stated_policies_newcap,r.A,t.hydrogen_blender,2002,0.0
stated_policies_newcap,r.A,t.hydrogen_blender,2003,0.0
stated_policies_newcap,r.A,t.hydrogen_blender,2004,0.0
stated_policies_newcap,r.A,t.hydrogen_blender,2005,0.0
stated_policies_newcap,r.A,t.hydrogen_blender,2006,0.0
stated_policies_newcap,r.A,t.hydrogen_blender,2007,0.0
stated_policies_newcap,r.A,t.hydrogen_blender,2008,0.0
stated_policies_newcap,r.A,t.hydrogen_blender,2009,0.0
stated_policies_newcap,r.A,t.hydrogen_blender,2010,0.0
stated_policies_newcap,r.A,t.hydrogen_blender,2011,0.0
stated_policies_newcap,r.A,t.hydrogen_blender,2012,0.0
stated_policies_newcap,r.A,t.hydrogen_blender,2013,0.0
stated_policies_newcap,r.A,t.hydrogen_blender,2014,0.0
stated_policies_newcap,r.A,t.hydrogen_blender,2015,0.0
stated_policies_newcap,r.A,t.hydrogen_blender,2016,0.0
stated_policies_newcap,r.A,t.hydrogen_blender,2017,0.0
stated_policies_newcap,r.A,t.hydrogen_blender,2018,0.0
stated_policies_newcap,r.A,t.hydrogen_blender,2019,0.0
stated_policies_newcap,r.A,t.hydrogen_blender,2020,0.0
stated_policies_newcap,r.A,t.hydrogen_blender,2021,0.0
stated_policies_newcap,r.A,t.hydrogen_blender,2022,0.0
stated_policies_newcap,r.A,t.hydrogen_blender,2023,0.0
stated_policies_newcap,r.A,t.hydrogen_blender,2024,0.0
stated_policies_newcap,r.A,t.hydrogen_blender,2025,0.0
stated_policies_newcap,r.A,t.hydrogen_blender,2026,0.0
stated_policies_newcap,r.A,t.hydrogen_blender,2027,0.0
stated_policies_newcap,r.A,t.hydrogen_blender,2028,0.0
stated_policies_newcap,r.A,t.hydrogen_blender,2029,0.0
stated_policies_newcap,r.A,t.hydrogen_blender,2030,0.0
stated_policies_newcap,r.A,t.hydrogen_blender,2031,0.0
stated_policies_newcap,r.A,t.hydrogen_blender,2032,0.0
stated_policies_newcap,r.A,t.hydrogen_blender,2033,0.0
stated_policies_newcap,r.A,t.hydrogen_blender,2034,0.0
stated_policies_newcap,r.A,t.hydrogen_blender,2035,0.0
stated_policies_newcap,r.A,t.hydrogen_blender,2036,0.0
stated_policies_newcap,r.A,t.hydrogen_blender,2037,0.0
stated_policies_newcap,r.A,t.hydrogen_blender,2038,7.672427832097154e-07
stated_policies_newcap,r.A,t.hydrogen_blender,2039,3.4957957775292324e-06
stated_policies_newcap,r.A,t.hydrogen_blender,2040,1.163296822987605e-05
stated_policies_newcap,r.A,t.hydrogen_blender,2041,2.8712475893338695e-05
stated_policies_newcap,r.A,t.hydrogen_blender,2042,4.853732341657527e-05
stated_policies_newcap,r.A,t.hydrogen_blender,2043,4.900930077146412e-05
stated_policies_newcap,r.A,t.hydrogen_blender,2044,3.5085082792344385e-05
stated_policies_newcap,r.A,t.hydrogen_blender,2045,1.5025400257168719e-05
stated_policies_newcap,r.A,t.hydrogen_blender,2046,7.61917300763104e-06
stated_policies_newcap,r.A,t.hydrogen_blender,2047,2.2817491464968093e-05
stated_policies_newcap,r.A,t.hydrogen_blender,2048,5.524043833541891e-05
stated_policies_newcap,r.A,t.hydrogen_blender,2049,9.225756743862625e-05
stated_policies_newcap,r.A,t.hydrogen_blender,2050,9.829668492058974e-05
stated_policies_newcap,r.A,t.hydrogen_blender,2051,8.546397193096025e-05
stated_policies_newcap,r.A,t.hydrogen_blender,2052,3.758616073744428e-05
stated_policies_newcap,r.A,t.hydrogen_blender,2053,2.0647520006077386e-06
stated_policies_newcap,r.A,t.hydrogen_blender,2054,0.0
stated_policies_newcap,r.A,t.hydrogen_blender,2055,0.0
stated_policies_newcap,r.A,t.hydrogen_blender,2056,0.0
stated_policies_newcap,r.A,t.hydrogen_blender,2057,0.0
stated_policies_newcap,r.A,t.hydrogen_blender,2058,0.0
stated_policies_newcap,r.A,t.hydrogen_blender,2059,0.0
stated_policies_newcap,r.A,t.hydrogen_blender,2060,0.0
stated_policies_newcap,r.A,t.hydrogen_blender,2061,0.0
stated_policies_newcap,r.A,t.hydrogen_blender,2062,0.0
stated_policies_newcap,r.A,t.hydrogen_blender,2063,0.0
stated_policies_newcap,r.A,t.hydrogen_blender,2064,0.0
stated_policies_newcap,r.A,t.hydrogen_blender,2065,0.0
stated_policies_newcap,r.A,t.hydrogen_blender,2066,0.0
stated_policies_newcap,r.A,t.hydrogen_blender,2067,0.0
stated_policies_newcap,r.A,t.hydrogen_blender,2068,0.0
stated_policies_newcap,r.A,t.hydrogen_blender,2069,0.0
stated_policies_newcap,r.A,t.hydrogen_blender,2070,0.0
stated_policies_newcap,r.A,t.DAC,1990,0.0
stated_policies_newcap,r.A,t.DAC,1991,0.0
stated_policies_newcap,r.A,t.DAC,1992,0.0
stated_policies_newcap,r.A,t.DAC,1993,0.0
stated_policies_newcap,r.A,t.DAC,1994,0.0
stated_policies_newcap,r.A,t.DAC,1995,0.0
stated_policies_newcap,r.A,t.DAC,1996,0.0
stated_policies_newcap,r.A,t.DAC,1997,0.0
stated_policies_newcap,r.A,t.DAC,1998,0.0
stated_policies_newcap,r.A,t.DAC,1999,0.0
stated_policies_newcap,r.A,t.DAC,2000,0.0
stated_policies_newcap,r.A,t.DAC,2001,0.0
stated_policies_newcap,r.A,t.DAC,2002,0.0
stated_policies_newcap,r.A,t.DAC,2003,0.0
stated_policies_newcap,r.A,t.DAC,2004,0.0
stated_policies_newcap,r.A,t.DAC,2005,0.0
stated_policies_newcap,r.A,t.DAC,2006,0.0
stated_policies_newcap,r.A,t.DAC,2007,0.0
stated_policies_newcap,r.A,t.DAC,2008,0.0
stated_policies_newcap,r.A,t.DAC,2009,0.0
stated_policies_newcap,r.A,t.DAC,2010,0.0
stated_policies_newcap,r.A,t.DAC,2011,0.0
stated_policies_newcap,r.A,t.DAC,2012,0.0
stated_policies_newcap,r.A,t.DAC,2013,0.0
stated_policies_newcap,r.A,t.DAC,2014,0.0
stated_policies_newcap,r.A,t.DAC,2015,0.0
stated_policies_newcap,r.A,t.DAC,2016,0.0
stated_policies_newcap,r.A,t.DAC,2017,0.09197036348363008
stated_policies_newcap,r.A,t.DAC,2018,0.09197036348363008
stated_policies_newcap,r.A,t.DAC,2019,0.09197036348363008
stated_policies_newcap,r.A,t.DAC,2020,0.09197036348363008
stated_policies_newcap,r.A,t.DAC,2021,0.18394072696726016
stated_policies_newcap,r.A,t.DAC,2022,0.18394072696726016
stated_policies_newcap,r.A,t.DAC,2023,0.27591109045089024
stated_policies_newcap,r.A,t.DAC,2024,0.3678814539345203
stated_policies_newcap,r.A,t.DAC,2025,0.3678814539345203
stated_policies_newcap,r.A,t.DAC,2026,0.4598518174181505
stated_policies_newcap,r.A,t.DAC,2027,0.5518221809017805
stated_policies_newcap,r.A,t.DAC,2028,0.6437925443854108
stated_policies_newcap,r.A,t.DAC,2029,0.6437925443854108
stated_policies_newcap,r.A,t.DAC,2030,0.6437925443854108
stated_policies_newcap,r.A,t.DAC,2031,0.7357629078690406
stated_policies_newcap,r.A,t.DAC,2032,0.6437925443854108
stated_policies_newcap,r.A,t.DAC,2033,0.6437925443854108
stated_policies_newcap,r.A,t.DAC,2034,0.5518221809017805
stated_policies_newcap,r.A,t.DAC,2035,0.4598518174181505
stated_policies_newcap,r.A,t.DAC,2036,0.3678814539345203
stated_policies_newcap,r.A,t.DAC,2037,0.27591109045089024
stated_policies_newcap,r.A,t.DAC,2038,0.27591109045089024
stated_policies_newcap,r.A,t.DAC,2039,0.18394072696726127
stated_policies_newcap,r.A,t.DAC,2040,0.09197036348363008
stated_policies_newcap,r.A,t.DAC,2041,0.09197036348363008
stated_policies_newcap,r.A,t.DAC,2042,0.0
stated_policies_newcap,r.A,t.DAC,2043,0.0
stated_policies_newcap,r.A,t.DAC,2044,0.0
stated_policies_newcap,r.A,t.DAC,2045,0.0
stated_policies_newcap,r.A,t.DAC,2046,0.0
stated_policies_newcap,r.A,t.DAC,2047,0.0
stated_policies_newcap,r.A,t.DAC,2048,0.0
stated_policies_newcap,r.A,t.DAC,2049,0.0
stated_policies_newcap,r.A,t.DAC,2050,0.0
stated_policies_newcap,r.A,t.DAC,2051,0.0
stated_policies_newcap,r.A,t.DAC,2052,0.0
stated_policies_newcap,r.A,t.DAC,2053,0.0
stated_policies_newcap,r.A,t.DAC,2054,0.0
stated_policies_newcap,r.A,t.DAC,2055,0.0
stated_policies_newcap,r.A,t.DAC,2056,0.0
stated_policies_newcap,r.A,t.DAC,2057,0.0
stated_policies_newcap,r.A,t.DAC,2058,0.0
stated_policies_newcap,r.A,t.DAC,2059,0.0
stated_policies_newcap,r.A,t.DAC,2060,0.0
stated_policies_newcap,r.A,t.DAC,2061,0.0
stated_policies_newcap,r.A,t.DAC,2062,0.0
stated_policies_newcap,r.A,t.DAC,2063,0.0
stated_policies_newcap,r.A,t.DAC,2064,0.0
stated_policies_newcap,r.A,t.DAC,2065,0.0
stated_policies_newcap,r.A,t.DAC,2066,0.0
stated_policies_newcap,r.A,t.DAC,2067,0.0
stated_policies_newcap,r.A,t.DAC,2068,0.0
stated_policies_newcap,r.A,t.DAC,2069,0.0
stated_policies_newcap,r.A,t.DAC,2070,0.0
