,,,,,value
stated_policies_invcap,r.A,f.coal_extract,1990,f.eCO2,74.72383977441332
stated_policies_invcap,r.A,f.coal_extract,1991,f.eCO2,75.17025078716308
stated_policies_invcap,r.A,f.coal_extract,1992,f.eCO2,79.3015137187337
stated_policies_invcap,r.A,f.coal_extract,1993,f.eCO2,76.86658990231705
stated_policies_invcap,r.A,f.coal_extract,1994,f.eCO2,71.84831357858187
stated_policies_invcap,r.A,f.coal_extract,1995,f.eCO2,78.20024295645376
stated_policies_invcap,r.A,f.coal_extract,1996,f.eCO2,82.03704493537775
stated_policies_invcap,r.A,f.coal_extract,1997,f.eCO2,84.85430887786276
stated_policies_invcap,r.A,f.coal_extract,1998,f.eCO2,90.60587557851221
stated_policies_invcap,r.A,f.coal_extract,1999,f.eCO2,90.62402208631336
stated_policies_invcap,r.A,f.coal_extract,2000,f.eCO2,88.42238471048249
stated_policies_invcap,r.A,f.coal_extract,2001,f.eCO2,84.44857739215769
stated_policies_invcap,r.A,f.coal_extract,2002,f.eCO2,81.79262787381838
stated_policies_invcap,r.A,f.coal_extract,2003,f.eCO2,80.11083999299296
stated_policies_invcap,r.A,f.coal_extract,2004,f.eCO2,81.9336431918017
stated_policies_invcap,r.A,f.coal_extract,2005,f.eCO2,84.37595438308765
stated_policies_invcap,r.A,f.coal_extract,2006,f.eCO2,83.86093300845036
stated_policies_invcap,r.A,f.coal_extract,2007,f.eCO2,79.95748194428741
stated_policies_invcap,r.A,f.coal_extract,2008,f.eCO2,78.92153074662458
stated_policies_invcap,r.A,f.coal_extract,2009,f.eCO2,68.90057000265004
stated_policies_invcap,r.A,f.coal_extract,2010,f.eCO2,77.62321400948719
stated_policies_invcap,r.A,f.coal_extract,2011,f.eCO2,77.16167326430576
stated_policies_invcap,r.A,f.coal_extract,2012,f.eCO2,79.0510826310784
stated_policies_invcap,r.A,f.coal_extract,2013,f.eCO2,65.4711137656782
stated_policies_invcap,r.A,f.coal_extract,2014,f.eCO2,62.052481958588935
stated_policies_invcap,r.A,f.coal_extract,2015,f.eCO2,60.298015687189555
stated_policies_invcap,r.A,f.coal_extract,2016,f.eCO2,52.39195733758592
stated_policies_invcap,r.A,f.coal_extract,2017,f.eCO2,46.59374525834275
stated_policies_invcap,r.A,f.coal_extract,2018,f.eCO2,42.55092280037156
stated_policies_invcap,r.A,f.coal_extract,2019,f.eCO2,31.901088072823967
stated_policies_invcap,r.A,f.coal_extract,2020,f.eCO2,23.65980703793215
stated_policies_invcap,r.A,f.coal_extract,2021,f.eCO2,24.54870737039367
stated_policies_invcap,r.A,f.coal_extract,2022,f.eCO2,12.840735599945498
stated_policies_invcap,r.A,f.coal_extract,2023,f.eCO2,10.280439062656388
stated_policies_invcap,r.A,f.coal_extract,2024,f.eCO2,6.740852841354332
stated_policies_invcap,r.A,f.coal_extract,2025,f.eCO2,4.5258486946909064
stated_policies_invcap,r.A,f.coal_extract,2026,f.eCO2,4.410970289038375
stated_policies_invcap,r.A,f.coal_extract,2027,f.eCO2,4.296091883385847
stated_policies_invcap,r.A,f.coal_extract,2028,f.eCO2,4.181213477733317
stated_policies_invcap,r.A,f.coal_extract,2029,f.eCO2,4.066335072080787
stated_policies_invcap,r.A,f.coal_extract,2030,f.eCO2,3.951456666428254
stated_policies_invcap,r.A,f.coal_extract,2031,f.eCO2,3.7391269110901697
stated_policies_invcap,r.A,f.coal_extract,2032,f.eCO2,3.5267971557520856
stated_policies_invcap,r.A,f.coal_extract,2033,f.eCO2,3.314467400414001
stated_policies_invcap,r.A,f.coal_extract,2034,f.eCO2,3.102137645075916
stated_policies_invcap,r.A,f.coal_extract,2035,f.eCO2,2.8898078897378325
stated_policies_invcap,r.A,f.coal_extract,2036,f.eCO2,2.6774781343997476
stated_policies_invcap,r.A,f.coal_extract,2037,f.eCO2,2.465148379061663
stated_policies_invcap,r.A,f.coal_extract,2038,f.eCO2,2.252818623723579
stated_policies_invcap,r.A,f.coal_extract,2039,f.eCO2,2.0404888683854945
stated_policies_invcap,r.A,f.coal_extract,2040,f.eCO2,1.8281591130474097
stated_policies_invcap,r.A,f.coal_extract,2041,f.eCO2,1.5284362192565248
stated_policies_invcap,r.A,f.coal_extract,2042,f.eCO2,1.2780673114044918
stated_policies_invcap,r.A,f.coal_extract,2043,f.eCO2,1.0688933113859456
stated_policies_invcap,r.A,f.coal_extract,2044,f.eCO2,0.8941087757196605
stated_policies_invcap,r.A,f.coal_extract,2045,f.eCO2,0.7480366084442908
stated_policies_invcap,r.A,f.coal_extract,2046,f.eCO2,0.6259403741206843
stated_policies_invcap,r.A,f.coal_extract,2047,f.eCO2,0.5238679200109905
stated_policies_invcap,r.A,f.coal_extract,2048,f.eCO2,0.4385210713320011
stated_policies_invcap,r.A,f.coal_extract,2049,f.eCO2,0.367147041105215
stated_policies_invcap,r.A,f.coal_extract,2050,f.eCO2,0.3074479263665168
stated_policies_invcap,r.A,f.coal_extract,2051,f.eCO2,0.3074479263665168
stated_policies_invcap,r.A,f.coal_extract,2052,f.eCO2,0.3074479263665168
stated_policies_invcap,r.A,f.coal_extract,2053,f.eCO2,0.3074479263665168
stated_policies_invcap,r.A,f.coal_extract,2054,f.eCO2,0.3074479263665168
stated_policies_invcap,r.A,f.coal_extract,2055,f.eCO2,0.3074479263665168
stated_policies_invcap,r.A,f.coal_extract,2056,f.eCO2,0.3074479263665168
stated_policies_invcap,r.A,f.coal_extract,2057,f.eCO2,0.3074479263665168
stated_policies_invcap,r.A,f.coal_extract,2058,f.eCO2,0.3074479263665168
stated_policies_invcap,r.A,f.coal_extract,2059,f.eCO2,0.3074479263665168
stated_policies_invcap,r.A,f.coal_extract,2060,f.eCO2,0.3074479263665168
stated_policies_invcap,r.A,f.coal_extract,2061,f.eCO2,0.3074479263665168
stated_policies_invcap,r.A,f.coal_extract,2062,f.eCO2,0.3074479263665168
stated_policies_invcap,r.A,f.coal_extract,2063,f.eCO2,0.3074479263665168
stated_policies_invcap,r.A,f.coal_extract,2064,f.eCO2,0.3074479263665168
stated_policies_invcap,r.A,f.coal_extract,2065,f.eCO2,0.3074479263665168
stated_policies_invcap,r.A,f.coal_extract,2066,f.eCO2,0.3074479263665168
stated_policies_invcap,r.A,f.coal_extract,2067,f.eCO2,0.3074479263665168
stated_policies_invcap,r.A,f.coal_extract,2068,f.eCO2,0.3074479263665168
stated_policies_invcap,r.A,f.coal_extract,2069,f.eCO2,0.3074479263665168
stated_policies_invcap,r.A,f.coal_extract,2070,f.eCO2,0.3074479263665168
stated_policies_invcap,r.A,f.oil_extract,1990,f.eCO2,448.7204327190348
stated_policies_invcap,r.A,f.oil_extract,1991,f.eCO2,445.5055689877977
stated_policies_invcap,r.A,f.oil_extract,1992,f.eCO2,456.74899490665257
stated_policies_invcap,r.A,f.oil_extract,1993,f.eCO2,454.4690606599713
stated_policies_invcap,r.A,f.oil_extract,1994,f.eCO2,447.64978823238755
stated_policies_invcap,r.A,f.oil_extract,1995,f.eCO2,444.8111414512214
stated_policies_invcap,r.A,f.oil_extract,1996,f.eCO2,436.5158267543926
stated_policies_invcap,r.A,f.oil_extract,1997,f.eCO2,455.95134965281824
stated_policies_invcap,r.A,f.oil_extract,1998,f.eCO2,452.2273944099041
stated_policies_invcap,r.A,f.oil_extract,1999,f.eCO2,424.3792418620746
stated_policies_invcap,r.A,f.oil_extract,2000,f.eCO2,423.8145098148716
stated_policies_invcap,r.A,f.oil_extract,2001,f.eCO2,444.0675622002427
stated_policies_invcap,r.A,f.oil_extract,2002,f.eCO2,442.4470227016233
stated_policies_invcap,r.A,f.oil_extract,2003,f.eCO2,431.4354541132227
stated_policies_invcap,r.A,f.oil_extract,2004,f.eCO2,426.8584340485844
stated_policies_invcap,r.A,f.oil_extract,2005,f.eCO2,438.8902873564184
stated_policies_invcap,r.A,f.oil_extract,2006,f.eCO2,437.92962146752427
stated_policies_invcap,r.A,f.oil_extract,2007,f.eCO2,461.5961667154544
stated_policies_invcap,r.A,f.oil_extract,2008,f.eCO2,446.0469489236611
stated_policies_invcap,r.A,f.oil_extract,2009,f.eCO2,422.74346670204784
stated_policies_invcap,r.A,f.oil_extract,2010,f.eCO2,452.20364191182364
stated_policies_invcap,r.A,f.oil_extract,2011,f.eCO2,440.01227753027115
stated_policies_invcap,r.A,f.oil_extract,2012,f.eCO2,427.1539320819735
stated_policies_invcap,r.A,f.oil_extract,2013,f.eCO2,383.0820817547097
stated_policies_invcap,r.A,f.oil_extract,2014,f.eCO2,373.8944016489856
stated_policies_invcap,r.A,f.oil_extract,2015,f.eCO2,418.82569580509636
stated_policies_invcap,r.A,f.oil_extract,2016,f.eCO2,415.09564460709834
stated_policies_invcap,r.A,f.oil_extract,2017,f.eCO2,416.28944979014574
stated_policies_invcap,r.A,f.oil_extract,2018,f.eCO2,378.81636242210465
stated_policies_invcap,r.A,f.oil_extract,2019,f.eCO2,312.7298267225791
stated_policies_invcap,r.A,f.oil_extract,2020,f.eCO2,265.0987181230412
stated_policies_invcap,r.A,f.oil_extract,2021,f.eCO2,257.02430170237375
stated_policies_invcap,r.A,f.oil_extract,2022,f.eCO2,239.8965171889593
stated_policies_invcap,r.A,f.oil_extract,2023,f.eCO2,232.6209145280433
stated_policies_invcap,r.A,f.oil_extract,2024,f.eCO2,223.5454666742973
stated_policies_invcap,r.A,f.oil_extract,2025,f.eCO2,217.75177490713443
stated_policies_invcap,r.A,f.oil_extract,2026,f.eCO2,213.00907971695293
stated_policies_invcap,r.A,f.oil_extract,2027,f.eCO2,208.26638452677147
stated_policies_invcap,r.A,f.oil_extract,2028,f.eCO2,203.5236893365899
stated_policies_invcap,r.A,f.oil_extract,2029,f.eCO2,198.78099414640837
stated_policies_invcap,r.A,f.oil_extract,2030,f.eCO2,194.0382989562269
stated_policies_invcap,r.A,f.oil_extract,2031,f.eCO2,187.8136535804993
stated_policies_invcap,r.A,f.oil_extract,2032,f.eCO2,181.58900820477177
stated_policies_invcap,r.A,f.oil_extract,2033,f.eCO2,175.36436282904418
stated_policies_invcap,r.A,f.oil_extract,2034,f.eCO2,169.13971745331665
stated_policies_invcap,r.A,f.oil_extract,2035,f.eCO2,162.91507207758906
stated_policies_invcap,r.A,f.oil_extract,2036,f.eCO2,156.6904267018615
stated_policies_invcap,r.A,f.oil_extract,2037,f.eCO2,150.46578132613394
stated_policies_invcap,r.A,f.oil_extract,2038,f.eCO2,144.24113595040635
stated_policies_invcap,r.A,f.oil_extract,2039,f.eCO2,138.0164905746788
stated_policies_invcap,r.A,f.oil_extract,2040,f.eCO2,131.79184519895125
stated_policies_invcap,r.A,f.oil_extract,2041,f.eCO2,117.86163474536852
stated_policies_invcap,r.A,f.oil_extract,2042,f.eCO2,105.42354523964512
stated_policies_invcap,r.A,f.oil_extract,2043,f.eCO2,94.31277539590829
stated_policies_invcap,r.A,f.oil_extract,2044,f.eCO2,84.38299128749982
stated_policies_invcap,r.A,f.oil_extract,2045,f.eCO2,75.50423400404365
stated_policies_invcap,r.A,f.oil_extract,2046,f.eCO2,67.56106636223029
stated_policies_invcap,r.A,f.oil_extract,2047,f.eCO2,60.45093118353492
stated_policies_invcap,r.A,f.oil_extract,2048,f.eCO2,54.0826968279651
stated_policies_invcap,r.A,f.oil_extract,2049,f.eCO2,48.37536848049425
stated_policies_invcap,r.A,f.oil_extract,2050,f.eCO2,43.256946168919015
stated_policies_invcap,r.A,f.oil_extract,2051,f.eCO2,43.256946168919015
stated_policies_invcap,r.A,f.oil_extract,2052,f.eCO2,43.256946168919015
stated_policies_invcap,r.A,f.oil_extract,2053,f.eCO2,43.256946168919015
stated_policies_invcap,r.A,f.oil_extract,2054,f.eCO2,43.256946168919015
stated_policies_invcap,r.A,f.oil_extract,2055,f.eCO2,43.256946168919015
stated_policies_invcap,r.A,f.oil_extract,2056,f.eCO2,43.256946168919015
stated_policies_invcap,r.A,f.oil_extract,2057,f.eCO2,43.256946168919015
stated_policies_invcap,r.A,f.oil_extract,2058,f.eCO2,43.256946168919015
stated_policies_invcap,r.A,f.oil_extract,2059,f.eCO2,43.256946168919015
stated_policies_invcap,r.A,f.oil_extract,2060,f.eCO2,43.256946168919015
stated_policies_invcap,r.A,f.oil_extract,2061,f.eCO2,43.256946168919015
stated_policies_invcap,r.A,f.oil_extract,2062,f.eCO2,43.256946168919015
stated_policies_invcap,r.A,f.oil_extract,2063,f.eCO2,43.256946168919015
stated_policies_invcap,r.A,f.oil_extract,2064,f.eCO2,43.256946168919015
stated_policies_invcap,r.A,f.oil_extract,2065,f.eCO2,43.256946168919015
stated_policies_invcap,r.A,f.oil_extract,2066,f.eCO2,43.256946168919015
stated_policies_invcap,r.A,f.oil_extract,2067,f.eCO2,43.256946168919015
stated_policies_invcap,r.A,f.oil_extract,2068,f.eCO2,43.256946168919015
stated_policies_invcap,r.A,f.oil_extract,2069,f.eCO2,43.256946168919015
stated_policies_invcap,r.A,f.oil_extract,2070,f.eCO2,43.256946168919015
stated_policies_invcap,r.A,f.natgas_extract,1990,f.eCO2,116.10383613317141
stated_policies_invcap,r.A,f.natgas_extract,1991,f.eCO2,125.76039416213024
stated_policies_invcap,r.A,f.natgas_extract,1992,f.eCO2,120.2880509179779
stated_policies_invcap,r.A,f.natgas_extract,1993,f.eCO2,124.10044212204406
stated_policies_invcap,r.A,f.natgas_extract,1994,f.eCO2,123.4166220195653
stated_policies_invcap,r.A,f.natgas_extract,1995,f.eCO2,132.88640710305518
stated_policies_invcap,r.A,f.natgas_extract,1996,f.eCO2,137.422309090885
stated_policies_invcap,r.A,f.natgas_extract,1997,f.eCO2,141.12533788538312
stated_policies_invcap,r.A,f.natgas_extract,1998,f.eCO2,152.39444437553232
stated_policies_invcap,r.A,f.natgas_extract,1999,f.eCO2,165.7302901139091
stated_policies_invcap,r.A,f.natgas_extract,2000,f.eCO2,174.3544259671706
stated_policies_invcap,r.A,f.natgas_extract,2001,f.eCO2,173.42630964310797
stated_policies_invcap,r.A,f.natgas_extract,2002,f.eCO2,175.23925610138565
stated_policies_invcap,r.A,f.natgas_extract,2003,f.eCO2,199.05773738494744
stated_policies_invcap,r.A,f.natgas_extract,2004,f.eCO2,214.77640164239014
stated_policies_invcap,r.A,f.natgas_extract,2005,f.eCO2,222.0431550102933
stated_policies_invcap,r.A,f.natgas_extract,2006,f.eCO2,207.55756658885463
stated_policies_invcap,r.A,f.natgas_extract,2007,f.eCO2,207.52435355342283
stated_policies_invcap,r.A,f.natgas_extract,2008,f.eCO2,208.2711583562806
stated_policies_invcap,r.A,f.natgas_extract,2009,f.eCO2,191.2414112510427
stated_policies_invcap,r.A,f.natgas_extract,2010,f.eCO2,203.57999564058287
stated_policies_invcap,r.A,f.natgas_extract,2011,f.eCO2,191.43313095080393
stated_policies_invcap,r.A,f.natgas_extract,2012,f.eCO2,183.55756271125568
stated_policies_invcap,r.A,f.natgas_extract,2013,f.eCO2,171.77656495981807
stated_policies_invcap,r.A,f.natgas_extract,2014,f.eCO2,161.54625189956894
stated_policies_invcap,r.A,f.natgas_extract,2015,f.eCO2,165.95207626980783
stated_policies_invcap,r.A,f.natgas_extract,2016,f.eCO2,174.33484111102828
stated_policies_invcap,r.A,f.natgas_extract,2017,f.eCO2,184.02567186920277
stated_policies_invcap,r.A,f.natgas_extract,2018,f.eCO2,177.94814583138086
stated_policies_invcap,r.A,f.natgas_extract,2019,f.eCO2,182.28145391554034
stated_policies_invcap,r.A,f.natgas_extract,2020,f.eCO2,174.71641790022417
stated_policies_invcap,r.A,f.natgas_extract,2021,f.eCO2,175.67019470732785
stated_policies_invcap,r.A,f.natgas_extract,2022,f.eCO2,166.97623937337661
stated_policies_invcap,r.A,f.natgas_extract,2023,f.eCO2,168.26548913907482
stated_policies_invcap,r.A,f.natgas_extract,2024,f.eCO2,164.6936351820326
stated_policies_invcap,r.A,f.natgas_extract,2025,f.eCO2,160.95661954479064
stated_policies_invcap,r.A,f.natgas_extract,2026,f.eCO2,157.58902343077622
stated_policies_invcap,r.A,f.natgas_extract,2027,f.eCO2,163.14126296756248
stated_policies_invcap,r.A,f.natgas_extract,2028,f.eCO2,168.90569215372398
stated_policies_invcap,r.A,f.natgas_extract,2029,f.eCO2,174.54304051032136
stated_policies_invcap,r.A,f.natgas_extract,2030,f.eCO2,179.78573323313313
stated_policies_invcap,r.A,f.natgas_extract,2031,f.eCO2,180.92687790542104
stated_policies_invcap,r.A,f.natgas_extract,2032,f.eCO2,178.491280952409
stated_policies_invcap,r.A,f.natgas_extract,2033,f.eCO2,172.7895782985193
stated_policies_invcap,r.A,f.natgas_extract,2034,f.eCO2,168.98864386693973
stated_policies_invcap,r.A,f.natgas_extract,2035,f.eCO2,167.59334701574045
stated_policies_invcap,r.A,f.natgas_extract,2036,f.eCO2,167.00231361624242
stated_policies_invcap,r.A,f.natgas_extract,2037,f.eCO2,163.86906103180246
stated_policies_invcap,r.A,f.natgas_extract,2038,f.eCO2,161.3050143879806
stated_policies_invcap,r.A,f.natgas_extract,2039,f.eCO2,158.28609327585656
stated_policies_invcap,r.A,f.natgas_extract,2040,f.eCO2,157.07506495149687
stated_policies_invcap,r.A,f.natgas_extract,2041,f.eCO2,153.58237988240154
stated_policies_invcap,r.A,f.natgas_extract,2042,f.eCO2,151.82620613198654
stated_policies_invcap,r.A,f.natgas_extract,2043,f.eCO2,155.8713200646403
stated_policies_invcap,r.A,f.natgas_extract,2044,f.eCO2,160.05044180634397
stated_policies_invcap,r.A,f.natgas_extract,2045,f.eCO2,159.5564828277628
stated_policies_invcap,r.A,f.natgas_extract,2046,f.eCO2,159.88147267576966
stated_policies_invcap,r.A,f.natgas_extract,2047,f.eCO2,161.41081042039139
stated_policies_invcap,r.A,f.natgas_extract,2048,f.eCO2,164.32037871183175
stated_policies_invcap,r.A,f.natgas_extract,2049,f.eCO2,171.2659097291803
stated_policies_invcap,r.A,f.natgas_extract,2050,f.eCO2,182.1795472112565
stated_policies_invcap,r.A,f.natgas_extract,2051,f.eCO2,119.82144522746837
stated_policies_invcap,r.A,f.natgas_extract,2052,f.eCO2,116.84124342616097
stated_policies_invcap,r.A,f.natgas_extract,2053,f.eCO2,111.35400790660537
stated_policies_invcap,r.A,f.natgas_extract,2054,f.eCO2,109.16939413450953
stated_policies_invcap,r.A,f.natgas_extract,2055,f.eCO2,106.11905412699943
stated_policies_invcap,r.A,f.natgas_extract,2056,f.eCO2,99.40229091216888
stated_policies_invcap,r.A,f.natgas_extract,2057,f.eCO2,92.58101148400601
stated_policies_invcap,r.A,f.natgas_extract,2058,f.eCO2,86.12435887979923
stated_policies_invcap,r.A,f.natgas_extract,2059,f.eCO2,81.79498054615108
stated_policies_invcap,r.A,f.natgas_extract,2060,f.eCO2,79.84028848514114
stated_policies_invcap,r.A,f.natgas_extract,2061,f.eCO2,79.51832343814337
stated_policies_invcap,r.A,f.natgas_extract,2062,f.eCO2,79.51832343814337
stated_policies_invcap,r.A,f.natgas_extract,2063,f.eCO2,79.51832343814337
stated_policies_invcap,r.A,f.natgas_extract,2064,f.eCO2,79.51832343814337
stated_policies_invcap,r.A,f.natgas_extract,2065,f.eCO2,79.51832343814337
stated_policies_invcap,r.A,f.natgas_extract,2066,f.eCO2,79.51832343814337
stated_policies_invcap,r.A,f.natgas_extract,2067,f.eCO2,79.51832343814337
stated_policies_invcap,r.A,f.natgas_extract,2068,f.eCO2,79.51832343814337
stated_policies_invcap,r.A,f.natgas_extract,2069,f.eCO2,79.51832343814337
stated_policies_invcap,r.A,f.natgas_extract,2070,f.eCO2,79.51832343814337
stated_policies_invcap,r.A,f.biomass,1990,f.eCO2,0.3187652696827271
stated_policies_invcap,r.A,f.biomass,1991,f.eCO2,0.4304841201133718
stated_policies_invcap,r.A,f.biomass,1992,f.eCO2,0.49781607231599573
stated_policies_invcap,r.A,f.biomass,1993,f.eCO2,0.4736382349485009
stated_policies_invcap,r.A,f.biomass,1994,f.eCO2,0.6021059148723541
stated_policies_invcap,r.A,f.biomass,1995,f.eCO2,0.6630664853695343
stated_policies_invcap,r.A,f.biomass,1996,f.eCO2,0.6938019987470493
stated_policies_invcap,r.A,f.biomass,1997,f.eCO2,0.8513593019710622
stated_policies_invcap,r.A,f.biomass,1998,f.eCO2,0.7934880489232903
stated_policies_invcap,r.A,f.biomass,1999,f.eCO2,0.8310242075976245
stated_policies_invcap,r.A,f.biomass,2000,f.eCO2,0.9580940875210434
stated_policies_invcap,r.A,f.biomass,2001,f.eCO2,0.9421815859725367
stated_policies_invcap,r.A,f.biomass,2002,f.eCO2,1.3315848666617287
stated_policies_invcap,r.A,f.biomass,2003,f.eCO2,1.8829538747706438
stated_policies_invcap,r.A,f.biomass,2004,f.eCO2,1.3927258499892714
stated_policies_invcap,r.A,f.biomass,2005,f.eCO2,1.985883255970662
stated_policies_invcap,r.A,f.biomass,2006,f.eCO2,2.4116170637451377
stated_policies_invcap,r.A,f.biomass,2007,f.eCO2,2.9273220861586284
stated_policies_invcap,r.A,f.biomass,2008,f.eCO2,3.712017522188077
stated_policies_invcap,r.A,f.biomass,2009,f.eCO2,3.8399012573056086
stated_policies_invcap,r.A,f.biomass,2010,f.eCO2,3.790039052280849
stated_policies_invcap,r.A,f.biomass,2011,f.eCO2,2.945679134809745
stated_policies_invcap,r.A,f.biomass,2012,f.eCO2,3.969126629714102
stated_policies_invcap,r.A,f.biomass,2013,f.eCO2,3.877384385077703
stated_policies_invcap,r.A,f.biomass,2014,f.eCO2,3.2053672682949035
stated_policies_invcap,r.A,f.biomass,2015,f.eCO2,3.487275770025402
stated_policies_invcap,r.A,f.biomass,2016,f.eCO2,3.3960961242758385
stated_policies_invcap,r.A,f.biomass,2017,f.eCO2,3.6834773066673066
stated_policies_invcap,r.A,f.biomass,2018,f.eCO2,3.5605145922659798
stated_policies_invcap,r.A,f.biomass,2019,f.eCO2,5.113746615907744
stated_policies_invcap,r.A,f.biomass,2020,f.eCO2,4.541880837086508
stated_policies_invcap,r.A,f.biomass,2021,f.eCO2,5.082993914835665
stated_policies_invcap,r.A,f.biomass,2022,f.eCO2,4.67112404880934
stated_policies_invcap,r.A,f.biomass,2023,f.eCO2,4.8601777061284315
stated_policies_invcap,r.A,f.biomass,2024,f.eCO2,5.354683691044585
stated_policies_invcap,r.A,f.biomass,2025,f.eCO2,5.352976077757145
stated_policies_invcap,r.A,f.biomass,2026,f.eCO2,5.540374863992377
stated_policies_invcap,r.A,f.biomass,2027,f.eCO2,5.247314879439507
stated_policies_invcap,r.A,f.biomass,2028,f.eCO2,5.057614406321807
stated_policies_invcap,r.A,f.biomass,2029,f.eCO2,5.12202946590722
stated_policies_invcap,r.A,f.biomass,2030,f.eCO2,5.27006434494744
stated_policies_invcap,r.A,f.biomass,2031,f.eCO2,5.286626240985347
stated_policies_invcap,r.A,f.biomass,2032,f.eCO2,5.303188137023254
stated_policies_invcap,r.A,f.biomass,2033,f.eCO2,5.463851412750804
stated_policies_invcap,r.A,f.biomass,2034,f.eCO2,5.485619815611581
stated_policies_invcap,r.A,f.biomass,2035,f.eCO2,5.401910047201853
stated_policies_invcap,r.A,f.biomass,2036,f.eCO2,5.216273297988188
stated_policies_invcap,r.A,f.biomass,2037,f.eCO2,5.217914182141816
stated_policies_invcap,r.A,f.biomass,2038,f.eCO2,5.228498269356641
stated_policies_invcap,r.A,f.biomass,2039,f.eCO2,5.2515851538258405
stated_policies_invcap,r.A,f.biomass,2040,f.eCO2,5.116316438827458
stated_policies_invcap,r.A,f.biomass,2041,f.eCO2,5.084608230856099
stated_policies_invcap,r.A,f.biomass,2042,f.eCO2,4.9645124917196775
stated_policies_invcap,r.A,f.biomass,2043,f.eCO2,4.345906796585859
stated_policies_invcap,r.A,f.biomass,2044,f.eCO2,4.306537401462005
stated_policies_invcap,r.A,f.biomass,2045,f.eCO2,4.333729366383054
stated_policies_invcap,r.A,f.biomass,2046,f.eCO2,4.387558642992733
stated_policies_invcap,r.A,f.biomass,2047,f.eCO2,4.41577274976385
stated_policies_invcap,r.A,f.biomass,2048,f.eCO2,4.4445129833850086
stated_policies_invcap,r.A,f.biomass,2049,f.eCO2,4.473789648407291
stated_policies_invcap,r.A,f.biomass,2050,f.eCO2,4.5036132548689425
stated_policies_invcap,r.A,f.biomass,2051,f.eCO2,4.460958700500582
stated_policies_invcap,r.A,f.biomass,2052,f.eCO2,4.455890832654837
stated_policies_invcap,r.A,f.biomass,2053,f.eCO2,4.43308542734898
stated_policies_invcap,r.A,f.biomass,2054,f.eCO2,4.383251393532479
stated_policies_invcap,r.A,f.biomass,2055,f.eCO2,4.378183525686734
stated_policies_invcap,r.A,f.biomass,2056,f.eCO2,4.378183525686734
stated_policies_invcap,r.A,f.biomass,2057,f.eCO2,4.378183525686734
stated_policies_invcap,r.A,f.biomass,2058,f.eCO2,4.378183525686734
stated_policies_invcap,r.A,f.biomass,2059,f.eCO2,4.378183525686734
stated_policies_invcap,r.A,f.biomass,2060,f.eCO2,4.378183525686734
stated_policies_invcap,r.A,f.biomass,2061,f.eCO2,4.378183525686733
stated_policies_invcap,r.A,f.biomass,2062,f.eCO2,4.378183525686733
stated_policies_invcap,r.A,f.biomass,2063,f.eCO2,4.378183525686734
stated_policies_invcap,r.A,f.biomass,2064,f.eCO2,4.378183525686734
stated_policies_invcap,r.A,f.biomass,2065,f.eCO2,4.378183525686734
stated_policies_invcap,r.A,f.biomass,2066,f.eCO2,4.378183525686734
stated_policies_invcap,r.A,f.biomass,2067,f.eCO2,4.378183525686734
stated_policies_invcap,r.A,f.biomass,2068,f.eCO2,4.378183525686734
stated_policies_invcap,r.A,f.biomass,2069,f.eCO2,4.378183525686734
stated_policies_invcap,r.A,f.biomass,2070,f.eCO2,4.378183525686733
stated_policies_invcap,r.A,f.coal,1990,f.eCO2,16.17965966547184
stated_policies_invcap,r.A,f.coal,1991,f.eCO2,17.198492427512548
stated_policies_invcap,r.A,f.coal,1992,f.eCO2,17.3879891413669
stated_policies_invcap,r.A,f.coal,1993,f.eCO2,19.39178253309164
stated_policies_invcap,r.A,f.coal,1994,f.eCO2,17.671810666436976
stated_policies_invcap,r.A,f.coal,1995,f.eCO2,17.139876451479534
stated_policies_invcap,r.A,f.coal,1996,f.eCO2,17.2615207874833
stated_policies_invcap,r.A,f.coal,1997,f.eCO2,18.96343628592168
stated_policies_invcap,r.A,f.coal,1998,f.eCO2,18.73249024125183
stated_policies_invcap,r.A,f.coal,1999,f.eCO2,15.504915302836539
stated_policies_invcap,r.A,f.coal,2000,f.eCO2,15.085656091105298
stated_policies_invcap,r.A,f.coal,2001,f.eCO2,13.727580625249404
stated_policies_invcap,r.A,f.coal,2002,f.eCO2,11.698309574085068
stated_policies_invcap,r.A,f.coal,2003,f.eCO2,12.281241076203116
stated_policies_invcap,r.A,f.coal,2004,f.eCO2,12.037981661855941
stated_policies_invcap,r.A,f.coal,2005,f.eCO2,12.421206337250018
stated_policies_invcap,r.A,f.coal,2006,f.eCO2,12.135698544215115
stated_policies_invcap,r.A,f.coal,2007,f.eCO2,10.764998986167136
stated_policies_invcap,r.A,f.coal,2008,f.eCO2,9.569347968072382
stated_policies_invcap,r.A,f.coal,2009,f.eCO2,6.827490752099027
stated_policies_invcap,r.A,f.coal,2010,f.eCO2,10.416196004449374
stated_policies_invcap,r.A,f.coal,2011,f.eCO2,10.74456066186393
stated_policies_invcap,r.A,f.coal,2012,f.eCO2,10.709328090039323
stated_policies_invcap,r.A,f.coal,2013,f.eCO2,7.66821398968722
stated_policies_invcap,r.A,f.coal,2014,f.eCO2,7.117316073094616
stated_policies_invcap,r.A,f.coal,2015,f.eCO2,5.603022313694962
stated_policies_invcap,r.A,f.coal,2016,f.eCO2,6.330731497926483
stated_policies_invcap,r.A,f.coal,2017,f.eCO2,5.407583692036498
stated_policies_invcap,r.A,f.coal,2018,f.eCO2,5.754292711036575
stated_policies_invcap,r.A,f.coal,2019,f.eCO2,5.324159234730215
stated_policies_invcap,r.A,f.coal,2020,f.eCO2,4.292218286545657
stated_policies_invcap,r.A,f.coal,2021,f.eCO2,4.333190152107068
stated_policies_invcap,r.A,f.coal,2022,f.eCO2,3.1757389443000466
stated_policies_invcap,r.A,f.coal,2023,f.eCO2,2.888566086351522
stated_policies_invcap,r.A,f.coal,2024,f.eCO2,2.508226977031619
stated_policies_invcap,r.A,f.coal,2025,f.eCO2,2.2539040491771525
stated_policies_invcap,r.A,f.coal,2026,f.eCO2,2.1993798590125824
stated_policies_invcap,r.A,f.coal,2027,f.eCO2,2.144855668848013
stated_policies_invcap,r.A,f.coal,2028,f.eCO2,2.090331478683444
stated_policies_invcap,r.A,f.coal,2029,f.eCO2,2.0358072885188743
stated_policies_invcap,r.A,f.coal,2030,f.eCO2,1.9812830983543024
stated_policies_invcap,r.A,f.coal,2031,f.eCO2,1.8715891894565024
stated_policies_invcap,r.A,f.coal,2032,f.eCO2,1.7618952805587027
stated_policies_invcap,r.A,f.coal,2033,f.eCO2,1.6522013716609032
stated_policies_invcap,r.A,f.coal,2034,f.eCO2,1.5425074627631032
stated_policies_invcap,r.A,f.coal,2035,f.eCO2,1.4328135538653037
stated_policies_invcap,r.A,f.coal,2036,f.eCO2,1.3231196449675038
stated_policies_invcap,r.A,f.coal,2037,f.eCO2,1.2134257360697043
stated_policies_invcap,r.A,f.coal,2038,f.eCO2,1.1037318271719043
stated_policies_invcap,r.A,f.coal,2039,f.eCO2,0.9940379182741048
stated_policies_invcap,r.A,f.coal,2040,f.eCO2,0.8843440093763046
stated_policies_invcap,r.A,f.coal,2041,f.eCO2,0.7340424380218957
stated_policies_invcap,r.A,f.coal,2042,f.eCO2,0.6092858605975489
stated_policies_invcap,r.A,f.coal,2043,f.eCO2,0.5057326943173582
stated_policies_invcap,r.A,f.coal,2044,f.eCO2,0.41977924426254687
stated_policies_invcap,r.A,f.coal,2045,f.eCO2,0.34843429324159236
stated_policies_invcap,r.A,f.coal,2046,f.eCO2,0.2892150061398354
stated_policies_invcap,r.A,f.coal,2047,f.eCO2,0.2400605261849707
stated_policies_invcap,r.A,f.coal,2048,f.eCO2,0.19926025624113486
stated_policies_invcap,r.A,f.coal,2049,f.eCO2,0.16539432928964595
stated_policies_invcap,r.A,f.coal,2050,f.eCO2,0.13728419644340834
stated_policies_invcap,r.A,f.coal,2051,f.eCO2,0.13728419644340834
stated_policies_invcap,r.A,f.coal,2052,f.eCO2,0.13728419644340834
stated_policies_invcap,r.A,f.coal,2053,f.eCO2,0.13728419644340834
stated_policies_invcap,r.A,f.coal,2054,f.eCO2,0.13728419644340834
stated_policies_invcap,r.A,f.coal,2055,f.eCO2,0.13728419644340834
stated_policies_invcap,r.A,f.coal,2056,f.eCO2,0.13728419644340834
stated_policies_invcap,r.A,f.coal,2057,f.eCO2,0.13728419644340834
stated_policies_invcap,r.A,f.coal,2058,f.eCO2,0.13728419644340834
stated_policies_invcap,r.A,f.coal,2059,f.eCO2,0.13728419644340834
stated_policies_invcap,r.A,f.coal,2060,f.eCO2,0.13728419644340834
stated_policies_invcap,r.A,f.coal,2061,f.eCO2,0.13728419644340834
stated_policies_invcap,r.A,f.coal,2062,f.eCO2,0.13728419644340834
stated_policies_invcap,r.A,f.coal,2063,f.eCO2,0.13728419644340834
stated_policies_invcap,r.A,f.coal,2064,f.eCO2,0.13728419644340834
stated_policies_invcap,r.A,f.coal,2065,f.eCO2,0.13728419644340834
stated_policies_invcap,r.A,f.coal,2066,f.eCO2,0.13728419644340834
stated_policies_invcap,r.A,f.coal,2067,f.eCO2,0.13728419644340834
stated_policies_invcap,r.A,f.coal,2068,f.eCO2,0.13728419644340834
stated_policies_invcap,r.A,f.coal,2069,f.eCO2,0.13728419644340834
stated_policies_invcap,r.A,f.coal,2070,f.eCO2,0.13728419644340834
stated_policies_invcap,r.A,f.oil,1990,f.eCO2,438.9121549803415
stated_policies_invcap,r.A,f.oil,1991,f.eCO2,442.8119235033146
stated_policies_invcap,r.A,f.oil,1992,f.eCO2,446.8520032139403
stated_policies_invcap,r.A,f.oil,1993,f.eCO2,448.06687838778356
stated_policies_invcap,r.A,f.oil,1994,f.eCO2,443.271682452765
stated_policies_invcap,r.A,f.oil,1995,f.eCO2,442.60115703683687
stated_policies_invcap,r.A,f.oil,1996,f.eCO2,434.6380260621566
stated_policies_invcap,r.A,f.oil,1997,f.eCO2,453.6554189403693
stated_policies_invcap,r.A,f.oil,1998,f.eCO2,449.95797416824354
stated_policies_invcap,r.A,f.oil,1999,f.eCO2,423.40275986207456
stated_policies_invcap,r.A,f.oil,2000,f.eCO2,421.97131131487157
stated_policies_invcap,r.A,f.oil,2001,f.eCO2,441.92717720024274
stated_policies_invcap,r.A,f.oil,2002,f.eCO2,441.0460127016233
stated_policies_invcap,r.A,f.oil,2003,f.eCO2,427.4978386132227
stated_policies_invcap,r.A,f.oil,2004,f.eCO2,420.4375035071579
stated_policies_invcap,r.A,f.oil,2005,f.eCO2,433.2000599715294
stated_policies_invcap,r.A,f.oil,2006,f.eCO2,431.8941244675243
stated_policies_invcap,r.A,f.oil,2007,f.eCO2,454.4603107154544
stated_policies_invcap,r.A,f.oil,2008,f.eCO2,438.4582574236611
stated_policies_invcap,r.A,f.oil,2009,f.eCO2,414.6063702020478
stated_policies_invcap,r.A,f.oil,2010,f.eCO2,446.0088624118236
stated_policies_invcap,r.A,f.oil,2011,f.eCO2,434.9637405302711
stated_policies_invcap,r.A,f.oil,2012,f.eCO2,419.4378990819735
stated_policies_invcap,r.A,f.oil,2013,f.eCO2,377.9239482547097
stated_policies_invcap,r.A,f.oil,2014,f.eCO2,369.3483016489856
stated_policies_invcap,r.A,f.oil,2015,f.eCO2,414.3397598050963
stated_policies_invcap,r.A,f.oil,2016,f.eCO2,408.7734391070983
stated_policies_invcap,r.A,f.oil,2017,f.eCO2,410.5014532901457
stated_policies_invcap,r.A,f.oil,2018,f.eCO2,371.90341742210467
stated_policies_invcap,r.A,f.oil,2019,f.eCO2,308.3922727225791
stated_policies_invcap,r.A,f.oil,2020,f.eCO2,260.7380956230412
stated_policies_invcap,r.A,f.oil,2021,f.eCO2,252.7493275649578
stated_policies_invcap,r.A,f.oil,2022,f.eCO2,235.7071914141275
stated_policies_invcap,r.A,f.oil,2023,f.eCO2,228.51723711579555
stated_policies_invcap,r.A,f.oil,2024,f.eCO2,219.52743762463365
stated_policies_invcap,r.A,f.oil,2025,f.eCO2,213.81939422005487
stated_policies_invcap,r.A,f.oil,2026,f.eCO2,209.16234739245743
stated_policies_invcap,r.A,f.oil,2027,f.eCO2,204.50530056486008
stated_policies_invcap,r.A,f.oil,2028,f.eCO2,199.8482537372626
stated_policies_invcap,r.A,f.oil,2029,f.eCO2,195.19120690966517
stated_policies_invcap,r.A,f.oil,2030,f.eCO2,190.53416008206776
stated_policies_invcap,r.A,f.oil,2031,f.eCO2,184.42192561674435
stated_policies_invcap,r.A,f.oil,2032,f.eCO2,178.30969115142094
stated_policies_invcap,r.A,f.oil,2033,f.eCO2,172.19745668609752
stated_policies_invcap,r.A,f.oil,2034,f.eCO2,166.08522222077409
stated_policies_invcap,r.A,f.oil,2035,f.eCO2,159.97298775545067
stated_policies_invcap,r.A,f.oil,2036,f.eCO2,153.86075329012726
stated_policies_invcap,r.A,f.oil,2037,f.eCO2,147.74851882480385
stated_policies_invcap,r.A,f.oil,2038,f.eCO2,141.6362843594804
stated_policies_invcap,r.A,f.oil,2039,f.eCO2,135.52404989415703
stated_policies_invcap,r.A,f.oil,2040,f.eCO2,129.4118154288336
stated_policies_invcap,r.A,f.oil,2041,f.eCO2,115.73317073437265
stated_policies_invcap,r.A,f.oil,2042,f.eCO2,103.51970076608967
stated_policies_invcap,r.A,f.oil,2043,f.eCO2,92.60958038558098
stated_policies_invcap,r.A,f.oil,2044,f.eCO2,82.85911831150004
stated_policies_invcap,r.A,f.oil,2045,f.eCO2,74.14070256225925
stated_policies_invcap,r.A,f.oil,2046,f.eCO2,66.34098063537621
stated_policies_invcap,r.A,f.oil,2047,f.eCO2,59.35924743306497
stated_policies_invcap,r.A,f.oil,2048,f.eCO2,53.10601706219892
stated_policies_invcap,r.A,f.oil,2049,f.eCO2,47.50175739363087
stated_policies_invcap,r.A,f.oil,2050,f.eCO2,42.47576870311309
stated_policies_invcap,r.A,f.oil,2051,f.eCO2,42.47576870311309
stated_policies_invcap,r.A,f.oil,2052,f.eCO2,42.47576870311309
stated_policies_invcap,r.A,f.oil,2053,f.eCO2,42.47576870311309
stated_policies_invcap,r.A,f.oil,2054,f.eCO2,42.47576870311309
stated_policies_invcap,r.A,f.oil,2055,f.eCO2,42.47576870311309
stated_policies_invcap,r.A,f.oil,2056,f.eCO2,42.47576870311309
stated_policies_invcap,r.A,f.oil,2057,f.eCO2,42.47576870311309
stated_policies_invcap,r.A,f.oil,2058,f.eCO2,42.47576870311309
stated_policies_invcap,r.A,f.oil,2059,f.eCO2,42.47576870311309
stated_policies_invcap,r.A,f.oil,2060,f.eCO2,42.47576870311309
stated_policies_invcap,r.A,f.oil,2061,f.eCO2,42.47576870311309
stated_policies_invcap,r.A,f.oil,2062,f.eCO2,42.47576870311309
stated_policies_invcap,r.A,f.oil,2063,f.eCO2,42.47576870311309
stated_policies_invcap,r.A,f.oil,2064,f.eCO2,42.47576870311309
stated_policies_invcap,r.A,f.oil,2065,f.eCO2,42.47576870311309
stated_policies_invcap,r.A,f.oil,2066,f.eCO2,42.47576870311309
stated_policies_invcap,r.A,f.oil,2067,f.eCO2,42.47576870311309
stated_policies_invcap,r.A,f.oil,2068,f.eCO2,42.47576870311309
stated_policies_invcap,r.A,f.oil,2069,f.eCO2,42.47576870311309
stated_policies_invcap,r.A,f.oil,2070,f.eCO2,42.47576870311309
stated_policies_invcap,r.A,f.biofuels,1990,f.eCO2,0.13381155980927348
stated_policies_invcap,r.A,f.biofuels,1991,f.eCO2,0.201999761251782
stated_policies_invcap,r.A,f.biofuels,1992,f.eCO2,0.2864715555713432
stated_policies_invcap,r.A,f.biofuels,1993,f.eCO2,0.1938476259205961
stated_policies_invcap,r.A,f.biofuels,1994,f.eCO2,0.40042445932126425
stated_policies_invcap,r.A,f.biofuels,1995,f.eCO2,0.7933391581615117
stated_policies_invcap,r.A,f.biofuels,1996,f.eCO2,1.0957155046392009
stated_policies_invcap,r.A,f.biofuels,1997,f.eCO2,1.758178951676165
stated_policies_invcap,r.A,f.biofuels,1998,f.eCO2,1.482031169737431
stated_policies_invcap,r.A,f.biofuels,1999,f.eCO2,1.194944726115907
stated_policies_invcap,r.A,f.biofuels,2000,f.eCO2,1.201909159171333
stated_policies_invcap,r.A,f.biofuels,2001,f.eCO2,1.188788565370759
stated_policies_invcap,r.A,f.biofuels,2002,f.eCO2,1.2926009298053178
stated_policies_invcap,r.A,f.biofuels,2003,f.eCO2,1.1977726410844824
stated_policies_invcap,r.A,f.biofuels,2004,f.eCO2,1.6070271823778635
stated_policies_invcap,r.A,f.biofuels,2005,f.eCO2,1.2925104451590939
stated_policies_invcap,r.A,f.biofuels,2006,f.eCO2,1.7251642382224124
stated_policies_invcap,r.A,f.biofuels,2007,f.eCO2,1.3349015801273207
stated_policies_invcap,r.A,f.biofuels,2008,f.eCO2,3.4383087361851734
stated_policies_invcap,r.A,f.biofuels,2009,f.eCO2,5.119428363059669
stated_policies_invcap,r.A,f.biofuels,2010,f.eCO2,6.301657255651352
stated_policies_invcap,r.A,f.biofuels,2011,f.eCO2,6.860017158189103
stated_policies_invcap,r.A,f.biofuels,2012,f.eCO2,7.779198022076889
stated_policies_invcap,r.A,f.biofuels,2013,f.eCO2,7.288215432041189
stated_policies_invcap,r.A,f.biofuels,2014,f.eCO2,5.633146905249752
stated_policies_invcap,r.A,f.biofuels,2015,f.eCO2,5.716727099935452
stated_policies_invcap,r.A,f.biofuels,2016,f.eCO2,5.63803350866773
stated_policies_invcap,r.A,f.biofuels,2017,f.eCO2,6.09402362721432
stated_policies_invcap,r.A,f.biofuels,2018,f.eCO2,6.641100192808314
stated_policies_invcap,r.A,f.biofuels,2019,f.eCO2,14.330173393500012
stated_policies_invcap,r.A,f.biofuels,2020,f.eCO2,12.19811243123071
stated_policies_invcap,r.A,f.biofuels,2021,f.eCO2,14.924596319931146
stated_policies_invcap,r.A,f.biofuels,2022,f.eCO2,13.017362090825376
stated_policies_invcap,r.A,f.biofuels,2023,f.eCO2,14.031272752581673
stated_policies_invcap,r.A,f.biofuels,2024,f.eCO2,16.530015462840083
stated_policies_invcap,r.A,f.biofuels,2025,f.eCO2,16.61661792420445
stated_policies_invcap,r.A,f.biofuels,2026,f.eCO2,17.62248410438554
stated_policies_invcap,r.A,f.biofuels,2027,f.eCO2,16.292795710593367
stated_policies_invcap,r.A,f.biofuels,2028,f.eCO2,15.46554747269651
stated_policies_invcap,r.A,f.biofuels,2029,f.eCO2,15.87357836967504
stated_policies_invcap,r.A,f.biofuels,2030,f.eCO2,16.688092951990704
stated_policies_invcap,r.A,f.biofuels,2031,f.eCO2,16.755488095032188
stated_policies_invcap,r.A,f.biofuels,2032,f.eCO2,16.822883238073672
stated_policies_invcap,r.A,f.biofuels,2033,f.eCO2,17.59076853118141
stated_policies_invcap,r.A,f.biofuels,2034,f.eCO2,17.6834729859972
stated_policies_invcap,r.A,f.biofuels,2035,f.eCO2,17.26343828327598
stated_policies_invcap,r.A,f.biofuels,2036,f.eCO2,16.34792708870626
stated_policies_invcap,r.A,f.biofuels,2037,f.eCO2,16.342789811333244
stated_policies_invcap,r.A,f.biofuels,2038,f.eCO2,16.381126272156926
stated_policies_invcap,r.A,f.biofuels,2039,f.eCO2,16.480239988159063
stated_policies_invcap,r.A,f.biofuels,2040,f.eCO2,15.809572471852483
stated_policies_invcap,r.A,f.biofuels,2041,f.eCO2,15.716750582941174
stated_policies_invcap,r.A,f.biofuels,2042,f.eCO2,15.1955245971935
stated_policies_invcap,r.A,f.biofuels,2043,f.eCO2,12.252276956199127
stated_policies_invcap,r.A,f.biofuels,2044,f.eCO2,12.12605804790803
stated_policies_invcap,r.A,f.biofuels,2045,f.eCO2,12.324734084617246
stated_policies_invcap,r.A,f.biofuels,2046,f.eCO2,12.65425767544486
stated_policies_invcap,r.A,f.biofuels,2047,f.eCO2,12.860652322398526
stated_policies_invcap,r.A,f.biofuels,2048,f.eCO2,13.071021501620555
stated_policies_invcap,r.A,f.biofuels,2049,f.eCO2,13.285444087279643
stated_policies_invcap,r.A,f.biofuels,2050,f.eCO2,13.504000534418235
stated_policies_invcap,r.A,f.biofuels,2051,f.eCO2,13.296652795938183
stated_policies_invcap,r.A,f.biofuels,2052,f.eCO2,13.272017421069261
stated_policies_invcap,r.A,f.biofuels,2053,f.eCO2,13.161158234159137
stated_policies_invcap,r.A,f.biofuels,2054,f.eCO2,12.918910381281462
stated_policies_invcap,r.A,f.biofuels,2055,f.eCO2,12.894275006412542
stated_policies_invcap,r.A,f.biofuels,2056,f.eCO2,12.894275006412542
stated_policies_invcap,r.A,f.biofuels,2057,f.eCO2,12.894275006412542
stated_policies_invcap,r.A,f.biofuels,2058,f.eCO2,12.894275006412542
stated_policies_invcap,r.A,f.biofuels,2059,f.eCO2,12.894275006412542
stated_policies_invcap,r.A,f.biofuels,2060,f.eCO2,12.894275006412542
stated_policies_invcap,r.A,f.biofuels,2061,f.eCO2,12.894275006412542
stated_policies_invcap,r.A,f.biofuels,2062,f.eCO2,12.894275006412542
stated_policies_invcap,r.A,f.biofuels,2063,f.eCO2,12.894275006412542
stated_policies_invcap,r.A,f.biofuels,2064,f.eCO2,12.894275006412542
stated_policies_invcap,r.A,f.biofuels,2065,f.eCO2,12.894275006412542
stated_policies_invcap,r.A,f.biofuels,2066,f.eCO2,12.894275006412542
stated_policies_invcap,r.A,f.biofuels,2067,f.eCO2,12.894275006412542
stated_policies_invcap,r.A,f.biofuels,2068,f.eCO2,12.894275006412542
stated_policies_invcap,r.A,f.biofuels,2069,f.eCO2,12.894275006412542
stated_policies_invcap,r.A,f.biofuels,2070,f.eCO2,12.894275006412542
stated_policies_invcap,r.A,f.uranium_fuel,1990,f.eCO2,0.0
stated_policies_invcap,r.A,f.uranium_fuel,1991,f.eCO2,0.0
stated_policies_invcap,r.A,f.uranium_fuel,1992,f.eCO2,0.0
stated_policies_invcap,r.A,f.uranium_fuel,1993,f.eCO2,0.0
stated_policies_invcap,r.A,f.uranium_fuel,1994,f.eCO2,0.0
stated_policies_invcap,r.A,f.uranium_fuel,1995,f.eCO2,0.0
stated_policies_invcap,r.A,f.uranium_fuel,1996,f.eCO2,0.0
stated_policies_invcap,r.A,f.uranium_fuel,1997,f.eCO2,0.0
stated_policies_invcap,r.A,f.uranium_fuel,1998,f.eCO2,0.0
stated_policies_invcap,r.A,f.uranium_fuel,1999,f.eCO2,0.0
stated_policies_invcap,r.A,f.uranium_fuel,2000,f.eCO2,0.0
stated_policies_invcap,r.A,f.uranium_fuel,2001,f.eCO2,0.0
stated_policies_invcap,r.A,f.uranium_fuel,2002,f.eCO2,0.0
stated_policies_invcap,r.A,f.uranium_fuel,2003,f.eCO2,0.0
stated_policies_invcap,r.A,f.uranium_fuel,2004,f.eCO2,0.0
stated_policies_invcap,r.A,f.uranium_fuel,2005,f.eCO2,0.0
stated_policies_invcap,r.A,f.uranium_fuel,2006,f.eCO2,0.0
stated_policies_invcap,r.A,f.uranium_fuel,2007,f.eCO2,0.0
stated_policies_invcap,r.A,f.uranium_fuel,2008,f.eCO2,0.0
stated_policies_invcap,r.A,f.uranium_fuel,2009,f.eCO2,0.0
stated_policies_invcap,r.A,f.uranium_fuel,2010,f.eCO2,0.0
stated_policies_invcap,r.A,f.uranium_fuel,2011,f.eCO2,0.0
stated_policies_invcap,r.A,f.uranium_fuel,2012,f.eCO2,0.0
stated_policies_invcap,r.A,f.uranium_fuel,2013,f.eCO2,0.0
stated_policies_invcap,r.A,f.uranium_fuel,2014,f.eCO2,0.0
stated_policies_invcap,r.A,f.uranium_fuel,2015,f.eCO2,0.0
stated_policies_invcap,r.A,f.uranium_fuel,2016,f.eCO2,0.0
stated_policies_invcap,r.A,f.uranium_fuel,2017,f.eCO2,0.0
stated_policies_invcap,r.A,f.uranium_fuel,2018,f.eCO2,0.0
stated_policies_invcap,r.A,f.uranium_fuel,2019,f.eCO2,0.0
stated_policies_invcap,r.A,f.uranium_fuel,2020,f.eCO2,0.0
stated_policies_invcap,r.A,f.uranium_fuel,2021,f.eCO2,0.0
stated_policies_invcap,r.A,f.uranium_fuel,2022,f.eCO2,0.0
stated_policies_invcap,r.A,f.uranium_fuel,2023,f.eCO2,0.0
stated_policies_invcap,r.A,f.uranium_fuel,2024,f.eCO2,0.0
stated_policies_invcap,r.A,f.uranium_fuel,2025,f.eCO2,0.0
stated_policies_invcap,r.A,f.uranium_fuel,2026,f.eCO2,0.0
stated_policies_invcap,r.A,f.uranium_fuel,2027,f.eCO2,0.0
stated_policies_invcap,r.A,f.uranium_fuel,2028,f.eCO2,0.0
stated_policies_invcap,r.A,f.uranium_fuel,2029,f.eCO2,0.0
stated_policies_invcap,r.A,f.uranium_fuel,2030,f.eCO2,0.0
stated_policies_invcap,r.A,f.uranium_fuel,2031,f.eCO2,0.0
stated_policies_invcap,r.A,f.uranium_fuel,2032,f.eCO2,0.0
stated_policies_invcap,r.A,f.uranium_fuel,2033,f.eCO2,0.0
stated_policies_invcap,r.A,f.uranium_fuel,2034,f.eCO2,0.0
stated_policies_invcap,r.A,f.uranium_fuel,2035,f.eCO2,0.0
stated_policies_invcap,r.A,f.uranium_fuel,2036,f.eCO2,0.0
stated_policies_invcap,r.A,f.uranium_fuel,2037,f.eCO2,0.0
stated_policies_invcap,r.A,f.uranium_fuel,2038,f.eCO2,0.0
stated_policies_invcap,r.A,f.uranium_fuel,2039,f.eCO2,0.0
stated_policies_invcap,r.A,f.uranium_fuel,2040,f.eCO2,0.0
stated_policies_invcap,r.A,f.uranium_fuel,2041,f.eCO2,0.0
stated_policies_invcap,r.A,f.uranium_fuel,2042,f.eCO2,0.0
stated_policies_invcap,r.A,f.uranium_fuel,2043,f.eCO2,0.0
stated_policies_invcap,r.A,f.uranium_fuel,2044,f.eCO2,0.0
stated_policies_invcap,r.A,f.uranium_fuel,2045,f.eCO2,0.0
stated_policies_invcap,r.A,f.uranium_fuel,2046,f.eCO2,0.0
stated_policies_invcap,r.A,f.uranium_fuel,2047,f.eCO2,0.0
stated_policies_invcap,r.A,f.uranium_fuel,2048,f.eCO2,0.0
stated_policies_invcap,r.A,f.uranium_fuel,2049,f.eCO2,0.0
stated_policies_invcap,r.A,f.uranium_fuel,2050,f.eCO2,0.0
stated_policies_invcap,r.A,f.uranium_fuel,2051,f.eCO2,0.0
stated_policies_invcap,r.A,f.uranium_fuel,2052,f.eCO2,0.0
stated_policies_invcap,r.A,f.uranium_fuel,2053,f.eCO2,0.0
stated_policies_invcap,r.A,f.uranium_fuel,2054,f.eCO2,0.0
stated_policies_invcap,r.A,f.uranium_fuel,2055,f.eCO2,0.0
stated_policies_invcap,r.A,f.uranium_fuel,2056,f.eCO2,0.0
stated_policies_invcap,r.A,f.uranium_fuel,2057,f.eCO2,0.0
stated_policies_invcap,r.A,f.uranium_fuel,2058,f.eCO2,0.0
stated_policies_invcap,r.A,f.uranium_fuel,2059,f.eCO2,0.0
stated_policies_invcap,r.A,f.uranium_fuel,2060,f.eCO2,0.0
stated_policies_invcap,r.A,f.uranium_fuel,2061,f.eCO2,0.0
stated_policies_invcap,r.A,f.uranium_fuel,2062,f.eCO2,0.0
stated_policies_invcap,r.A,f.uranium_fuel,2063,f.eCO2,0.0
stated_policies_invcap,r.A,f.uranium_fuel,2064,f.eCO2,0.0
stated_policies_invcap,r.A,f.uranium_fuel,2065,f.eCO2,0.0
stated_policies_invcap,r.A,f.uranium_fuel,2066,f.eCO2,0.0
stated_policies_invcap,r.A,f.uranium_fuel,2067,f.eCO2,0.0
stated_policies_invcap,r.A,f.uranium_fuel,2068,f.eCO2,0.0
stated_policies_invcap,r.A,f.uranium_fuel,2069,f.eCO2,0.0
stated_policies_invcap,r.A,f.uranium_fuel,2070,f.eCO2,0.0
stated_policies_invcap,r.A,f.CO2_capt,1990,f.eCO2,0.0
stated_policies_invcap,r.A,f.CO2_capt,1991,f.eCO2,0.0
stated_policies_invcap,r.A,f.CO2_capt,1992,f.eCO2,0.0
stated_policies_invcap,r.A,f.CO2_capt,1993,f.eCO2,0.0
stated_policies_invcap,r.A,f.CO2_capt,1994,f.eCO2,0.0
stated_policies_invcap,r.A,f.CO2_capt,1995,f.eCO2,0.0
stated_policies_invcap,r.A,f.CO2_capt,1996,f.eCO2,0.0
stated_policies_invcap,r.A,f.CO2_capt,1997,f.eCO2,0.0
stated_policies_invcap,r.A,f.CO2_capt,1998,f.eCO2,0.0
stated_policies_invcap,r.A,f.CO2_capt,1999,f.eCO2,0.0
stated_policies_invcap,r.A,f.CO2_capt,2000,f.eCO2,0.0
stated_policies_invcap,r.A,f.CO2_capt,2001,f.eCO2,0.0
stated_policies_invcap,r.A,f.CO2_capt,2002,f.eCO2,0.0
stated_policies_invcap,r.A,f.CO2_capt,2003,f.eCO2,0.0
stated_policies_invcap,r.A,f.CO2_capt,2004,f.eCO2,0.0
stated_policies_invcap,r.A,f.CO2_capt,2005,f.eCO2,0.0
stated_policies_invcap,r.A,f.CO2_capt,2006,f.eCO2,0.0
stated_policies_invcap,r.A,f.CO2_capt,2007,f.eCO2,-0.000153125
stated_policies_invcap,r.A,f.CO2_capt,2008,f.eCO2,-0.000153125
stated_policies_invcap,r.A,f.CO2_capt,2009,f.eCO2,-0.000153125
stated_policies_invcap,r.A,f.CO2_capt,2010,f.eCO2,-0.000153125
stated_policies_invcap,r.A,f.CO2_capt,2011,f.eCO2,-0.000153125
stated_policies_invcap,r.A,f.CO2_capt,2012,f.eCO2,-0.000153125
stated_policies_invcap,r.A,f.CO2_capt,2013,f.eCO2,-0.000153125
stated_policies_invcap,r.A,f.CO2_capt,2014,f.eCO2,-0.000153125
stated_policies_invcap,r.A,f.CO2_capt,2015,f.eCO2,-0.000153125
stated_policies_invcap,r.A,f.CO2_capt,2016,f.eCO2,-0.0001515625
stated_policies_invcap,r.A,f.CO2_capt,2017,f.eCO2,-0.00015
stated_policies_invcap,r.A,f.CO2_capt,2018,f.eCO2,-0.0001484375
stated_policies_invcap,r.A,f.CO2_capt,2019,f.eCO2,-0.00014687499999999998
stated_policies_invcap,r.A,f.CO2_capt,2020,f.eCO2,-0.00014375
stated_policies_invcap,r.A,f.CO2_capt,2021,f.eCO2,-0.000140625
stated_policies_invcap,r.A,f.CO2_capt,2022,f.eCO2,-0.0001359375
stated_policies_invcap,r.A,f.CO2_capt,2023,f.eCO2,-0.0001296875
stated_policies_invcap,r.A,f.CO2_capt,2024,f.eCO2,-0.00012343749999999998
stated_policies_invcap,r.A,f.CO2_capt,2025,f.eCO2,-0.000115625
stated_policies_invcap,r.A,f.CO2_capt,2026,f.eCO2,-0.00010625
stated_policies_invcap,r.A,f.CO2_capt,2027,f.eCO2,-9.531249999999999e-05
stated_policies_invcap,r.A,f.CO2_capt,2028,f.eCO2,-8.4375e-05
stated_policies_invcap,r.A,f.CO2_capt,2029,f.eCO2,-7.34375e-05
stated_policies_invcap,r.A,f.CO2_capt,2030,f.eCO2,-6.0937500000000004e-05
stated_policies_invcap,r.A,f.CO2_capt,2031,f.eCO2,-5.000000000000001e-05
stated_policies_invcap,r.A,f.CO2_capt,2032,f.eCO2,-3.906250000000001e-05
stated_policies_invcap,r.A,f.CO2_capt,2033,f.eCO2,-2.9687500000000003e-05
stated_policies_invcap,r.A,f.CO2_capt,2034,f.eCO2,-2.1875000000000003e-05
stated_policies_invcap,r.A,f.CO2_capt,2035,f.eCO2,-1.5625000000000014e-05
stated_policies_invcap,r.A,f.CO2_capt,2036,f.eCO2,-1.0937500000000015e-05
stated_policies_invcap,r.A,f.CO2_capt,2037,f.eCO2,-6.250000000000016e-06
stated_policies_invcap,r.A,f.CO2_capt,2038,f.eCO2,-3.1250000000000175e-06
stated_policies_invcap,r.A,f.CO2_capt,2039,f.eCO2,-1.5625000000000177e-06
stated_policies_invcap,r.A,f.CO2_capt,2040,f.eCO2,0.0
stated_policies_invcap,r.A,f.CO2_capt,2041,f.eCO2,0.0
stated_policies_invcap,r.A,f.CO2_capt,2042,f.eCO2,0.0
stated_policies_invcap,r.A,f.CO2_capt,2043,f.eCO2,0.0
stated_policies_invcap,r.A,f.CO2_capt,2044,f.eCO2,0.0
stated_policies_invcap,r.A,f.CO2_capt,2045,f.eCO2,0.0
stated_policies_invcap,r.A,f.CO2_capt,2046,f.eCO2,0.0
stated_policies_invcap,r.A,f.CO2_capt,2047,f.eCO2,0.0
stated_policies_invcap,r.A,f.CO2_capt,2048,f.eCO2,0.0
stated_policies_invcap,r.A,f.CO2_capt,2049,f.eCO2,0.0
stated_policies_invcap,r.A,f.CO2_capt,2050,f.eCO2,0.0
stated_policies_invcap,r.A,f.CO2_capt,2051,f.eCO2,0.0
stated_policies_invcap,r.A,f.CO2_capt,2052,f.eCO2,0.0
stated_policies_invcap,r.A,f.CO2_capt,2053,f.eCO2,0.0
stated_policies_invcap,r.A,f.CO2_capt,2054,f.eCO2,0.0
stated_policies_invcap,r.A,f.CO2_capt,2055,f.eCO2,0.0
stated_policies_invcap,r.A,f.CO2_capt,2056,f.eCO2,0.0
stated_policies_invcap,r.A,f.CO2_capt,2057,f.eCO2,0.0
stated_policies_invcap,r.A,f.CO2_capt,2058,f.eCO2,0.0
stated_policies_invcap,r.A,f.CO2_capt,2059,f.eCO2,0.0
stated_policies_invcap,r.A,f.CO2_capt,2060,f.eCO2,0.0
stated_policies_invcap,r.A,f.CO2_capt,2061,f.eCO2,0.0
stated_policies_invcap,r.A,f.CO2_capt,2062,f.eCO2,0.0
stated_policies_invcap,r.A,f.CO2_capt,2063,f.eCO2,0.0
stated_policies_invcap,r.A,f.CO2_capt,2064,f.eCO2,0.0
stated_policies_invcap,r.A,f.CO2_capt,2065,f.eCO2,0.0
stated_policies_invcap,r.A,f.CO2_capt,2066,f.eCO2,0.0
stated_policies_invcap,r.A,f.CO2_capt,2067,f.eCO2,0.0
stated_policies_invcap,r.A,f.CO2_capt,2068,f.eCO2,0.0
stated_policies_invcap,r.A,f.CO2_capt,2069,f.eCO2,0.0
stated_policies_invcap,r.A,f.CO2_capt,2070,f.eCO2,0.0
stated_policies_invcap,r.A,f.elect,1990,f.eCO2,0.0
stated_policies_invcap,r.A,f.elect,1991,f.eCO2,0.0
stated_policies_invcap,r.A,f.elect,1992,f.eCO2,0.0
stated_policies_invcap,r.A,f.elect,1993,f.eCO2,0.0
stated_policies_invcap,r.A,f.elect,1994,f.eCO2,0.0
stated_policies_invcap,r.A,f.elect,1995,f.eCO2,0.0
stated_policies_invcap,r.A,f.elect,1996,f.eCO2,0.0
stated_policies_invcap,r.A,f.elect,1997,f.eCO2,0.0
stated_policies_invcap,r.A,f.elect,1998,f.eCO2,0.0
stated_policies_invcap,r.A,f.elect,1999,f.eCO2,0.0
stated_policies_invcap,r.A,f.elect,2000,f.eCO2,0.0
stated_policies_invcap,r.A,f.elect,2001,f.eCO2,0.0
stated_policies_invcap,r.A,f.elect,2002,f.eCO2,0.0
stated_policies_invcap,r.A,f.elect,2003,f.eCO2,0.0
stated_policies_invcap,r.A,f.elect,2004,f.eCO2,0.0
stated_policies_invcap,r.A,f.elect,2005,f.eCO2,0.0
stated_policies_invcap,r.A,f.elect,2006,f.eCO2,0.0
stated_policies_invcap,r.A,f.elect,2007,f.eCO2,0.0
stated_policies_invcap,r.A,f.elect,2008,f.eCO2,0.0
stated_policies_invcap,r.A,f.elect,2009,f.eCO2,0.0
stated_policies_invcap,r.A,f.elect,2010,f.eCO2,0.0
stated_policies_invcap,r.A,f.elect,2011,f.eCO2,0.0
stated_policies_invcap,r.A,f.elect,2012,f.eCO2,0.0
stated_policies_invcap,r.A,f.elect,2013,f.eCO2,0.0
stated_policies_invcap,r.A,f.elect,2014,f.eCO2,0.0
stated_policies_invcap,r.A,f.elect,2015,f.eCO2,0.0
stated_policies_invcap,r.A,f.elect,2016,f.eCO2,0.0
stated_policies_invcap,r.A,f.elect,2017,f.eCO2,0.0
stated_policies_invcap,r.A,f.elect,2018,f.eCO2,0.0
stated_policies_invcap,r.A,f.elect,2019,f.eCO2,0.0
stated_policies_invcap,r.A,f.elect,2020,f.eCO2,0.0
stated_policies_invcap,r.A,f.elect,2021,f.eCO2,0.0
stated_policies_invcap,r.A,f.elect,2022,f.eCO2,0.0
stated_policies_invcap,r.A,f.elect,2023,f.eCO2,0.0
stated_policies_invcap,r.A,f.elect,2024,f.eCO2,0.0
stated_policies_invcap,r.A,f.elect,2025,f.eCO2,0.0
stated_policies_invcap,r.A,f.elect,2026,f.eCO2,0.0
stated_policies_invcap,r.A,f.elect,2027,f.eCO2,0.0
stated_policies_invcap,r.A,f.elect,2028,f.eCO2,0.0
stated_policies_invcap,r.A,f.elect,2029,f.eCO2,0.0
stated_policies_invcap,r.A,f.elect,2030,f.eCO2,0.0
stated_policies_invcap,r.A,f.elect,2031,f.eCO2,0.0
stated_policies_invcap,r.A,f.elect,2032,f.eCO2,0.0
stated_policies_invcap,r.A,f.elect,2033,f.eCO2,0.0
stated_policies_invcap,r.A,f.elect,2034,f.eCO2,0.0
stated_policies_invcap,r.A,f.elect,2035,f.eCO2,0.0
stated_policies_invcap,r.A,f.elect,2036,f.eCO2,0.0
stated_policies_invcap,r.A,f.elect,2037,f.eCO2,0.0
stated_policies_invcap,r.A,f.elect,2038,f.eCO2,0.0
stated_policies_invcap,r.A,f.elect,2039,f.eCO2,0.0
stated_policies_invcap,r.A,f.elect,2040,f.eCO2,0.0
stated_policies_invcap,r.A,f.elect,2041,f.eCO2,0.0
stated_policies_invcap,r.A,f.elect,2042,f.eCO2,0.0
stated_policies_invcap,r.A,f.elect,2043,f.eCO2,0.0
stated_policies_invcap,r.A,f.elect,2044,f.eCO2,0.0
stated_policies_invcap,r.A,f.elect,2045,f.eCO2,0.0
stated_policies_invcap,r.A,f.elect,2046,f.eCO2,0.0
stated_policies_invcap,r.A,f.elect,2047,f.eCO2,0.0
stated_policies_invcap,r.A,f.elect,2048,f.eCO2,0.0
stated_policies_invcap,r.A,f.elect,2049,f.eCO2,0.0
stated_policies_invcap,r.A,f.elect,2050,f.eCO2,0.0
stated_policies_invcap,r.A,f.elect,2051,f.eCO2,0.0
stated_policies_invcap,r.A,f.elect,2052,f.eCO2,0.0
stated_policies_invcap,r.A,f.elect,2053,f.eCO2,0.0
stated_policies_invcap,r.A,f.elect,2054,f.eCO2,0.0
stated_policies_invcap,r.A,f.elect,2055,f.eCO2,0.0
stated_policies_invcap,r.A,f.elect,2056,f.eCO2,0.0
stated_policies_invcap,r.A,f.elect,2057,f.eCO2,0.0
stated_policies_invcap,r.A,f.elect,2058,f.eCO2,0.0
stated_policies_invcap,r.A,f.elect,2059,f.eCO2,0.0
stated_policies_invcap,r.A,f.elect,2060,f.eCO2,0.0
stated_policies_invcap,r.A,f.elect,2061,f.eCO2,0.0
stated_policies_invcap,r.A,f.elect,2062,f.eCO2,0.0
stated_policies_invcap,r.A,f.elect,2063,f.eCO2,0.0
stated_policies_invcap,r.A,f.elect,2064,f.eCO2,0.0
stated_policies_invcap,r.A,f.elect,2065,f.eCO2,0.0
stated_policies_invcap,r.A,f.elect,2066,f.eCO2,0.0
stated_policies_invcap,r.A,f.elect,2067,f.eCO2,0.0
stated_policies_invcap,r.A,f.elect,2068,f.eCO2,0.0
stated_policies_invcap,r.A,f.elect,2069,f.eCO2,0.0
stated_policies_invcap,r.A,f.elect,2070,f.eCO2,0.0
stated_policies_invcap,r.A,f.hydrogen,1990,f.eCO2,0.0
stated_policies_invcap,r.A,f.hydrogen,1991,f.eCO2,0.0
stated_policies_invcap,r.A,f.hydrogen,1992,f.eCO2,0.0
stated_policies_invcap,r.A,f.hydrogen,1993,f.eCO2,0.0
stated_policies_invcap,r.A,f.hydrogen,1994,f.eCO2,0.0
stated_policies_invcap,r.A,f.hydrogen,1995,f.eCO2,0.0
stated_policies_invcap,r.A,f.hydrogen,1996,f.eCO2,0.0
stated_policies_invcap,r.A,f.hydrogen,1997,f.eCO2,0.0
stated_policies_invcap,r.A,f.hydrogen,1998,f.eCO2,0.0
stated_policies_invcap,r.A,f.hydrogen,1999,f.eCO2,0.0
stated_policies_invcap,r.A,f.hydrogen,2000,f.eCO2,0.0
stated_policies_invcap,r.A,f.hydrogen,2001,f.eCO2,0.0
stated_policies_invcap,r.A,f.hydrogen,2002,f.eCO2,0.0
stated_policies_invcap,r.A,f.hydrogen,2003,f.eCO2,0.0
stated_policies_invcap,r.A,f.hydrogen,2004,f.eCO2,0.0
stated_policies_invcap,r.A,f.hydrogen,2005,f.eCO2,0.0
stated_policies_invcap,r.A,f.hydrogen,2006,f.eCO2,0.0
stated_policies_invcap,r.A,f.hydrogen,2007,f.eCO2,0.0
stated_policies_invcap,r.A,f.hydrogen,2008,f.eCO2,0.0
stated_policies_invcap,r.A,f.hydrogen,2009,f.eCO2,0.0
stated_policies_invcap,r.A,f.hydrogen,2010,f.eCO2,0.0
stated_policies_invcap,r.A,f.hydrogen,2011,f.eCO2,0.0
stated_policies_invcap,r.A,f.hydrogen,2012,f.eCO2,0.0
stated_policies_invcap,r.A,f.hydrogen,2013,f.eCO2,0.0
stated_policies_invcap,r.A,f.hydrogen,2014,f.eCO2,0.0
stated_policies_invcap,r.A,f.hydrogen,2015,f.eCO2,0.0
stated_policies_invcap,r.A,f.hydrogen,2016,f.eCO2,0.0
stated_policies_invcap,r.A,f.hydrogen,2017,f.eCO2,0.0
stated_policies_invcap,r.A,f.hydrogen,2018,f.eCO2,0.0
stated_policies_invcap,r.A,f.hydrogen,2019,f.eCO2,0.0
stated_policies_invcap,r.A,f.hydrogen,2020,f.eCO2,0.0
stated_policies_invcap,r.A,f.hydrogen,2021,f.eCO2,0.0
stated_policies_invcap,r.A,f.hydrogen,2022,f.eCO2,0.0
stated_policies_invcap,r.A,f.hydrogen,2023,f.eCO2,0.0
stated_policies_invcap,r.A,f.hydrogen,2024,f.eCO2,0.0
stated_policies_invcap,r.A,f.hydrogen,2025,f.eCO2,0.0
stated_policies_invcap,r.A,f.hydrogen,2026,f.eCO2,0.0
stated_policies_invcap,r.A,f.hydrogen,2027,f.eCO2,0.0
stated_policies_invcap,r.A,f.hydrogen,2028,f.eCO2,0.0
stated_policies_invcap,r.A,f.hydrogen,2029,f.eCO2,0.0
stated_policies_invcap,r.A,f.hydrogen,2030,f.eCO2,0.0
stated_policies_invcap,r.A,f.hydrogen,2031,f.eCO2,0.0
stated_policies_invcap,r.A,f.hydrogen,2032,f.eCO2,0.0
stated_policies_invcap,r.A,f.hydrogen,2033,f.eCO2,0.0
stated_policies_invcap,r.A,f.hydrogen,2034,f.eCO2,0.0
stated_policies_invcap,r.A,f.hydrogen,2035,f.eCO2,0.0
stated_policies_invcap,r.A,f.hydrogen,2036,f.eCO2,0.0
stated_policies_invcap,r.A,f.hydrogen,2037,f.eCO2,0.0
stated_policies_invcap,r.A,f.hydrogen,2038,f.eCO2,0.0
stated_policies_invcap,r.A,f.hydrogen,2039,f.eCO2,0.0
stated_policies_invcap,r.A,f.hydrogen,2040,f.eCO2,0.0
stated_policies_invcap,r.A,f.hydrogen,2041,f.eCO2,0.0
stated_policies_invcap,r.A,f.hydrogen,2042,f.eCO2,0.0
stated_policies_invcap,r.A,f.hydrogen,2043,f.eCO2,0.0
stated_policies_invcap,r.A,f.hydrogen,2044,f.eCO2,0.0
stated_policies_invcap,r.A,f.hydrogen,2045,f.eCO2,0.0
stated_policies_invcap,r.A,f.hydrogen,2046,f.eCO2,0.0
stated_policies_invcap,r.A,f.hydrogen,2047,f.eCO2,0.0
stated_policies_invcap,r.A,f.hydrogen,2048,f.eCO2,0.0
stated_policies_invcap,r.A,f.hydrogen,2049,f.eCO2,0.0
stated_policies_invcap,r.A,f.hydrogen,2050,f.eCO2,0.0
stated_policies_invcap,r.A,f.hydrogen,2051,f.eCO2,0.0
stated_policies_invcap,r.A,f.hydrogen,2052,f.eCO2,0.0
stated_policies_invcap,r.A,f.hydrogen,2053,f.eCO2,0.0
stated_policies_invcap,r.A,f.hydrogen,2054,f.eCO2,0.0
stated_policies_invcap,r.A,f.hydrogen,2055,f.eCO2,0.0
stated_policies_invcap,r.A,f.hydrogen,2056,f.eCO2,0.0
stated_policies_invcap,r.A,f.hydrogen,2057,f.eCO2,0.0
stated_policies_invcap,r.A,f.hydrogen,2058,f.eCO2,0.0
stated_policies_invcap,r.A,f.hydrogen,2059,f.eCO2,0.0
stated_policies_invcap,r.A,f.hydrogen,2060,f.eCO2,0.0
stated_policies_invcap,r.A,f.hydrogen,2061,f.eCO2,0.0
stated_policies_invcap,r.A,f.hydrogen,2062,f.eCO2,0.0
stated_policies_invcap,r.A,f.hydrogen,2063,f.eCO2,0.0
stated_policies_invcap,r.A,f.hydrogen,2064,f.eCO2,0.0
stated_policies_invcap,r.A,f.hydrogen,2065,f.eCO2,0.0
stated_policies_invcap,r.A,f.hydrogen,2066,f.eCO2,0.0
stated_policies_invcap,r.A,f.hydrogen,2067,f.eCO2,0.0
stated_policies_invcap,r.A,f.hydrogen,2068,f.eCO2,0.0
stated_policies_invcap,r.A,f.hydrogen,2069,f.eCO2,0.0
stated_policies_invcap,r.A,f.hydrogen,2070,f.eCO2,0.0
stated_policies_invcap,r.A,f.blended_gas,1990,f.eCO2,0.0
stated_policies_invcap,r.A,f.blended_gas,1991,f.eCO2,0.0
stated_policies_invcap,r.A,f.blended_gas,1992,f.eCO2,0.0
stated_policies_invcap,r.A,f.blended_gas,1993,f.eCO2,0.0
stated_policies_invcap,r.A,f.blended_gas,1994,f.eCO2,0.0
stated_policies_invcap,r.A,f.blended_gas,1995,f.eCO2,0.0
stated_policies_invcap,r.A,f.blended_gas,1996,f.eCO2,0.0
stated_policies_invcap,r.A,f.blended_gas,1997,f.eCO2,0.0
stated_policies_invcap,r.A,f.blended_gas,1998,f.eCO2,0.0
stated_policies_invcap,r.A,f.blended_gas,1999,f.eCO2,0.0
stated_policies_invcap,r.A,f.blended_gas,2000,f.eCO2,0.0
stated_policies_invcap,r.A,f.blended_gas,2001,f.eCO2,0.0
stated_policies_invcap,r.A,f.blended_gas,2002,f.eCO2,0.0
stated_policies_invcap,r.A,f.blended_gas,2003,f.eCO2,0.0
stated_policies_invcap,r.A,f.blended_gas,2004,f.eCO2,0.0
stated_policies_invcap,r.A,f.blended_gas,2005,f.eCO2,0.0
stated_policies_invcap,r.A,f.blended_gas,2006,f.eCO2,0.0
stated_policies_invcap,r.A,f.blended_gas,2007,f.eCO2,0.0
stated_policies_invcap,r.A,f.blended_gas,2008,f.eCO2,0.0
stated_policies_invcap,r.A,f.blended_gas,2009,f.eCO2,0.0
stated_policies_invcap,r.A,f.blended_gas,2010,f.eCO2,0.0
stated_policies_invcap,r.A,f.blended_gas,2011,f.eCO2,0.0
stated_policies_invcap,r.A,f.blended_gas,2012,f.eCO2,0.0
stated_policies_invcap,r.A,f.blended_gas,2013,f.eCO2,0.0
stated_policies_invcap,r.A,f.blended_gas,2014,f.eCO2,0.0
stated_policies_invcap,r.A,f.blended_gas,2015,f.eCO2,0.0
stated_policies_invcap,r.A,f.blended_gas,2016,f.eCO2,0.0
stated_policies_invcap,r.A,f.blended_gas,2017,f.eCO2,0.0
stated_policies_invcap,r.A,f.blended_gas,2018,f.eCO2,0.0
stated_policies_invcap,r.A,f.blended_gas,2019,f.eCO2,0.0
stated_policies_invcap,r.A,f.blended_gas,2020,f.eCO2,0.0
stated_policies_invcap,r.A,f.blended_gas,2021,f.eCO2,0.0
stated_policies_invcap,r.A,f.blended_gas,2022,f.eCO2,0.0
stated_policies_invcap,r.A,f.blended_gas,2023,f.eCO2,0.0
stated_policies_invcap,r.A,f.blended_gas,2024,f.eCO2,0.0
stated_policies_invcap,r.A,f.blended_gas,2025,f.eCO2,0.0
stated_policies_invcap,r.A,f.blended_gas,2026,f.eCO2,0.0
stated_policies_invcap,r.A,f.blended_gas,2027,f.eCO2,0.0
stated_policies_invcap,r.A,f.blended_gas,2028,f.eCO2,0.0
stated_policies_invcap,r.A,f.blended_gas,2029,f.eCO2,0.0
stated_policies_invcap,r.A,f.blended_gas,2030,f.eCO2,0.0
stated_policies_invcap,r.A,f.blended_gas,2031,f.eCO2,0.0
stated_policies_invcap,r.A,f.blended_gas,2032,f.eCO2,0.0
stated_policies_invcap,r.A,f.blended_gas,2033,f.eCO2,0.0
stated_policies_invcap,r.A,f.blended_gas,2034,f.eCO2,0.0
stated_policies_invcap,r.A,f.blended_gas,2035,f.eCO2,0.0
stated_policies_invcap,r.A,f.blended_gas,2036,f.eCO2,0.0
stated_policies_invcap,r.A,f.blended_gas,2037,f.eCO2,0.0
stated_policies_invcap,r.A,f.blended_gas,2038,f.eCO2,0.0
stated_policies_invcap,r.A,f.blended_gas,2039,f.eCO2,0.0
stated_policies_invcap,r.A,f.blended_gas,2040,f.eCO2,0.0
stated_policies_invcap,r.A,f.blended_gas,2041,f.eCO2,0.0
stated_policies_invcap,r.A,f.blended_gas,2042,f.eCO2,0.0
stated_policies_invcap,r.A,f.blended_gas,2043,f.eCO2,0.0
stated_policies_invcap,r.A,f.blended_gas,2044,f.eCO2,0.0
stated_policies_invcap,r.A,f.blended_gas,2045,f.eCO2,0.0
stated_policies_invcap,r.A,f.blended_gas,2046,f.eCO2,0.0
stated_policies_invcap,r.A,f.blended_gas,2047,f.eCO2,0.0
stated_policies_invcap,r.A,f.blended_gas,2048,f.eCO2,0.0
stated_policies_invcap,r.A,f.blended_gas,2049,f.eCO2,0.0
stated_policies_invcap,r.A,f.blended_gas,2050,f.eCO2,0.0
stated_policies_invcap,r.A,f.blended_gas,2051,f.eCO2,0.0
stated_policies_invcap,r.A,f.blended_gas,2052,f.eCO2,0.0
stated_policies_invcap,r.A,f.blended_gas,2053,f.eCO2,0.0
stated_policies_invcap,r.A,f.blended_gas,2054,f.eCO2,0.0
stated_policies_invcap,r.A,f.blended_gas,2055,f.eCO2,0.0
stated_policies_invcap,r.A,f.blended_gas,2056,f.eCO2,0.0
stated_policies_invcap,r.A,f.blended_gas,2057,f.eCO2,0.0
stated_policies_invcap,r.A,f.blended_gas,2058,f.eCO2,0.0
stated_policies_invcap,r.A,f.blended_gas,2059,f.eCO2,0.0
stated_policies_invcap,r.A,f.blended_gas,2060,f.eCO2,0.0
stated_policies_invcap,r.A,f.blended_gas,2061,f.eCO2,0.0
stated_policies_invcap,r.A,f.blended_gas,2062,f.eCO2,0.0
stated_policies_invcap,r.A,f.blended_gas,2063,f.eCO2,0.0
stated_policies_invcap,r.A,f.blended_gas,2064,f.eCO2,0.0
stated_policies_invcap,r.A,f.blended_gas,2065,f.eCO2,0.0
stated_policies_invcap,r.A,f.blended_gas,2066,f.eCO2,0.0
stated_policies_invcap,r.A,f.blended_gas,2067,f.eCO2,0.0
stated_policies_invcap,r.A,f.blended_gas,2068,f.eCO2,0.0
stated_policies_invcap,r.A,f.blended_gas,2069,f.eCO2,0.0
stated_policies_invcap,r.A,f.blended_gas,2070,f.eCO2,0.0
