,,,,value
b.2_NUC_13,r.A,f.coal_extract,2021,450.34563563276157
b.2_NUC_13,r.A,f.coal_extract,2022,429.707939245563
b.2_NUC_13,r.A,f.coal_extract,2023,400.2413657332212
b.2_NUC_13,r.A,f.coal_extract,2024,359.51982279929086
b.2_NUC_13,r.A,f.coal_extract,2025,337.7270920743956
b.2_NUC_13,r.A,f.coal_extract,2026,322.0734355794576
b.2_NUC_13,r.A,f.coal_extract,2027,306.4197790845197
b.2_NUC_13,r.A,f.coal_extract,2028,290.7661225895817
b.2_NUC_13,r.A,f.coal_extract,2029,275.1124660946437
b.2_NUC_13,r.A,f.coal_extract,2030,259.45880959970566
b.2_NUC_13,r.A,f.coal_extract,2031,250.9825051509411
b.2_NUC_13,r.A,f.coal_extract,2032,242.5062007021765
b.2_NUC_13,r.A,f.coal_extract,2033,234.02989625341198
b.2_NUC_13,r.A,f.coal_extract,2034,225.55359180464737
b.2_NUC_13,r.A,f.coal_extract,2035,217.07728735588285
b.2_NUC_13,r.A,f.coal_extract,2036,208.6009829071183
b.2_NUC_13,r.A,f.coal_extract,2037,200.12467845835374
b.2_NUC_13,r.A,f.coal_extract,2038,191.6483740095892
b.2_NUC_13,r.A,f.coal_extract,2039,183.17206956082467
b.2_NUC_13,r.A,f.coal_extract,2040,174.6957651120601
b.2_NUC_13,r.A,f.coal_extract,2041,156.03960078081488
b.2_NUC_13,r.A,f.coal_extract,2042,139.4124531030334
b.2_NUC_13,r.A,f.coal_extract,2043,124.58544737407055
b.2_NUC_13,r.A,f.coal_extract,2044,111.3561254703223
b.2_NUC_13,r.A,f.coal_extract,2045,99.54532767317123
b.2_NUC_13,r.A,f.coal_extract,2046,88.99445129227108
b.2_NUC_13,r.A,f.coal_extract,2047,79.56303936975658
b.2_NUC_13,r.A,f.coal_extract,2048,71.12665870848221
b.2_NUC_13,r.A,f.coal_extract,2049,63.57503164352833
b.2_NUC_13,r.A,f.coal_extract,2050,56.81039047405039
b.2_NUC_13,r.A,f.coal_extract,1990,170.87583186774913
b.2_NUC_13,r.A,f.coal_extract,1991,158.19599089587237
b.2_NUC_13,r.A,f.coal_extract,1992,143.18565799945446
b.2_NUC_13,r.A,f.coal_extract,1993,121.17012943277727
b.2_NUC_13,r.A,f.coal_extract,1994,126.92937312855483
b.2_NUC_13,r.A,f.coal_extract,1995,156.8669612418542
b.2_NUC_13,r.A,f.coal_extract,1996,155.86842462005416
b.2_NUC_13,r.A,f.coal_extract,1997,157.1866274538787
b.2_NUC_13,r.A,f.coal_extract,1998,155.17080603557744
b.2_NUC_13,r.A,f.coal_extract,1999,153.2028617182096
b.2_NUC_13,r.A,f.coal_extract,2000,160.60754269395767
b.2_NUC_13,r.A,f.coal_extract,2001,192.29644492793713
b.2_NUC_13,r.A,f.coal_extract,2002,189.14284490237503
b.2_NUC_13,r.A,f.coal_extract,2003,190.7300382915327
b.2_NUC_13,r.A,f.coal_extract,2004,219.7233681202481
b.2_NUC_13,r.A,f.coal_extract,2005,194.11154601695424
b.2_NUC_13,r.A,f.coal_extract,2006,188.1831522173205
b.2_NUC_13,r.A,f.coal_extract,2007,190.5597300752716
b.2_NUC_13,r.A,f.coal_extract,2008,188.45472854893285
b.2_NUC_13,r.A,f.coal_extract,2009,148.66157956089063
b.2_NUC_13,r.A,f.coal_extract,2010,163.47264509070794
b.2_NUC_13,r.A,f.coal_extract,2011,183.28108906885154
b.2_NUC_13,r.A,f.coal_extract,2012,188.13275829900468
b.2_NUC_13,r.A,f.coal_extract,2013,155.51432345938719
b.2_NUC_13,r.A,f.coal_extract,2014,147.28229463633653
b.2_NUC_13,r.A,f.coal_extract,2015,143.48203741720826
b.2_NUC_13,r.A,f.coal_extract,2016,124.80731859563748
b.2_NUC_13,r.A,f.coal_extract,2017,111.13669730288986
b.2_NUC_13,r.A,f.coal_extract,2018,101.67647032117357
b.2_NUC_13,r.A,f.coal_extract,2019,76.26249816517065
b.2_NUC_13,r.A,f.coal_extract,2020,62.34899299999971
b.2_NUC_13,r.A,f.coal_extract,2051,56.81039047405039
b.2_NUC_13,r.A,f.coal_extract,2052,56.81039047405039
b.2_NUC_13,r.A,f.coal_extract,2053,56.81039047405039
b.2_NUC_13,r.A,f.coal_extract,2054,56.81039047405039
b.2_NUC_13,r.A,f.coal_extract,2055,56.81039047405039
b.2_NUC_13,r.A,f.coal_extract,2056,56.81039047405039
b.2_NUC_13,r.A,f.coal_extract,2057,56.81039047405039
b.2_NUC_13,r.A,f.coal_extract,2058,56.81039047405039
b.2_NUC_13,r.A,f.coal_extract,2059,56.81039047405039
b.2_NUC_13,r.A,f.coal_extract,2060,56.81039047405039
b.2_NUC_13,r.A,f.coal_extract,2061,56.81039047405039
b.2_NUC_13,r.A,f.coal_extract,2062,56.81039047405039
b.2_NUC_13,r.A,f.coal_extract,2063,56.81039047405039
b.2_NUC_13,r.A,f.coal_extract,2064,56.81039047405039
b.2_NUC_13,r.A,f.coal_extract,2065,56.81039047405039
b.2_NUC_13,r.A,f.coal_extract,2066,56.81039047405039
b.2_NUC_13,r.A,f.coal_extract,2067,56.81039047405039
b.2_NUC_13,r.A,f.coal_extract,2068,56.81039047405039
b.2_NUC_13,r.A,f.coal_extract,2069,56.81039047405039
b.2_NUC_13,r.A,f.coal_extract,2070,56.81039047405039
b.2_NUC_13,r.A,f.oil_extract,2021,686.5614464923458
b.2_NUC_13,r.A,f.oil_extract,2022,619.5753561297763
b.2_NUC_13,r.A,f.oil_extract,2023,586.4374289952907
b.2_NUC_13,r.A,f.oil_extract,2024,546.9229570823311
b.2_NUC_13,r.A,f.oil_extract,2025,519.1247680044844
b.2_NUC_13,r.A,f.oil_extract,2026,495.0744368732943
b.2_NUC_13,r.A,f.oil_extract,2027,471.0241057421042
b.2_NUC_13,r.A,f.oil_extract,2028,446.9737746109142
b.2_NUC_13,r.A,f.oil_extract,2029,422.9234434797239
b.2_NUC_13,r.A,f.oil_extract,2030,398.87311234853354
b.2_NUC_13,r.A,f.oil_extract,2031,386.08913199128335
b.2_NUC_13,r.A,f.oil_extract,2032,373.3051516340331
b.2_NUC_13,r.A,f.oil_extract,2033,360.5211712767829
b.2_NUC_13,r.A,f.oil_extract,2034,347.73719091953257
b.2_NUC_13,r.A,f.oil_extract,2035,334.9532105622824
b.2_NUC_13,r.A,f.oil_extract,2036,322.16923020503214
b.2_NUC_13,r.A,f.oil_extract,2037,309.3852498477819
b.2_NUC_13,r.A,f.oil_extract,2038,296.6012694905316
b.2_NUC_13,r.A,f.oil_extract,2039,283.8172891332814
b.2_NUC_13,r.A,f.oil_extract,2040,271.03330877603105
b.2_NUC_13,r.A,f.oil_extract,2041,242.4218332052527
b.2_NUC_13,r.A,f.oil_extract,2042,216.87506848702833
b.2_NUC_13,r.A,f.oil_extract,2043,194.05452459971292
b.2_NUC_13,r.A,f.oil_extract,2044,173.65964215422878
b.2_NUC_13,r.A,f.oil_extract,2045,155.42349487161576
b.2_NUC_13,r.A,f.oil_extract,2046,139.1089830597867
b.2_NUC_13,r.A,f.oil_extract,2047,124.50546163360382
b.2_NUC_13,r.A,f.oil_extract,2048,111.42575274542112
b.2_NUC_13,r.A,f.oil_extract,2049,99.7034988597666
b.2_NUC_13,r.A,f.oil_extract,2050,89.19081720385375
b.2_NUC_13,r.A,f.oil_extract,1990,1470.9489622670822
b.2_NUC_13,r.A,f.oil_extract,1991,1460.7030175514328
b.2_NUC_13,r.A,f.oil_extract,1992,1497.203848981198
b.2_NUC_13,r.A,f.oil_extract,1993,1489.7818559489617
b.2_NUC_13,r.A,f.oil_extract,1994,1467.4276025795405
b.2_NUC_13,r.A,f.oil_extract,1995,1458.404190559427
b.2_NUC_13,r.A,f.oil_extract,1996,1431.61289043824
b.2_NUC_13,r.A,f.oil_extract,1997,1495.3827432763876
b.2_NUC_13,r.A,f.oil_extract,1998,1482.5852289727768
b.2_NUC_13,r.A,f.oil_extract,1999,1391.6670521812357
b.2_NUC_13,r.A,f.oil_extract,2000,1389.9913706552527
b.2_NUC_13,r.A,f.oil_extract,2001,1400.8456249472747
b.2_NUC_13,r.A,f.oil_extract,2002,1412.2446225462818
b.2_NUC_13,r.A,f.oil_extract,2003,1411.692084247845
b.2_NUC_13,r.A,f.oil_extract,2004,1400.650554742911
b.2_NUC_13,r.A,f.oil_extract,2005,1441.7266795944142
b.2_NUC_13,r.A,f.oil_extract,2006,1438.5258307973518
b.2_NUC_13,r.A,f.oil_extract,2007,1516.1668671430589
b.2_NUC_13,r.A,f.oil_extract,2008,1465.031667645001
b.2_NUC_13,r.A,f.oil_extract,2009,1388.391273542062
b.2_NUC_13,r.A,f.oil_extract,2010,1484.9468566114897
b.2_NUC_13,r.A,f.oil_extract,2011,1444.8922782360519
b.2_NUC_13,r.A,f.oil_extract,2012,1402.750453847665
b.2_NUC_13,r.A,f.oil_extract,2013,1257.981867219744
b.2_NUC_13,r.A,f.oil_extract,2014,1227.7869432212065
b.2_NUC_13,r.A,f.oil_extract,2015,1375.2176609387639
b.2_NUC_13,r.A,f.oil_extract,2016,1363.0094167171349
b.2_NUC_13,r.A,f.oil_extract,2017,1366.8339400849613
b.2_NUC_13,r.A,f.oil_extract,2018,1243.6745497875984
b.2_NUC_13,r.A,f.oil_extract,2019,1026.6811465646822
b.2_NUC_13,r.A,f.oil_extract,2020,871.2567807698128
b.2_NUC_13,r.A,f.oil_extract,2051,89.19081720385375
b.2_NUC_13,r.A,f.oil_extract,2052,89.19081720385375
b.2_NUC_13,r.A,f.oil_extract,2053,89.19081720385375
b.2_NUC_13,r.A,f.oil_extract,2054,89.19081720385375
b.2_NUC_13,r.A,f.oil_extract,2055,89.19081720385375
b.2_NUC_13,r.A,f.oil_extract,2056,89.19081720385375
b.2_NUC_13,r.A,f.oil_extract,2057,89.19081720385375
b.2_NUC_13,r.A,f.oil_extract,2058,89.19081720385375
b.2_NUC_13,r.A,f.oil_extract,2059,89.19081720385375
b.2_NUC_13,r.A,f.oil_extract,2060,89.19081720385375
b.2_NUC_13,r.A,f.oil_extract,2061,89.19081720385375
b.2_NUC_13,r.A,f.oil_extract,2062,89.19081720385375
b.2_NUC_13,r.A,f.oil_extract,2063,89.19081720385375
b.2_NUC_13,r.A,f.oil_extract,2064,89.19081720385375
b.2_NUC_13,r.A,f.oil_extract,2065,89.19081720385375
b.2_NUC_13,r.A,f.oil_extract,2066,89.19081720385375
b.2_NUC_13,r.A,f.oil_extract,2067,89.19081720385375
b.2_NUC_13,r.A,f.oil_extract,2068,89.19081720385375
b.2_NUC_13,r.A,f.oil_extract,2069,89.19081720385375
b.2_NUC_13,r.A,f.oil_extract,2070,89.19081720385375
b.2_NUC_13,r.A,f.natgas_extract,2021,765.2502365353782
b.2_NUC_13,r.A,f.natgas_extract,2022,744.8435796530073
b.2_NUC_13,r.A,f.natgas_extract,2023,722.241275432235
b.2_NUC_13,r.A,f.natgas_extract,2024,702.4476097008037
b.2_NUC_13,r.A,f.natgas_extract,2025,698.0666204376749
b.2_NUC_13,r.A,f.natgas_extract,2026,665.043662274628
b.2_NUC_13,r.A,f.natgas_extract,2027,644.8357364453335
b.2_NUC_13,r.A,f.natgas_extract,2028,630.4905392809643
b.2_NUC_13,r.A,f.natgas_extract,2029,608.3846993852012
b.2_NUC_13,r.A,f.natgas_extract,2030,608.7916524647695
b.2_NUC_13,r.A,f.natgas_extract,2031,596.748848024759
b.2_NUC_13,r.A,f.natgas_extract,2032,579.1210584121588
b.2_NUC_13,r.A,f.natgas_extract,2033,527.5026274772856
b.2_NUC_13,r.A,f.natgas_extract,2034,484.54063782421247
b.2_NUC_13,r.A,f.natgas_extract,2035,446.70356665612104
b.2_NUC_13,r.A,f.natgas_extract,2036,414.8153019476173
b.2_NUC_13,r.A,f.natgas_extract,2037,382.70893998647597
b.2_NUC_13,r.A,f.natgas_extract,2038,355.35473361875285
b.2_NUC_13,r.A,f.natgas_extract,2039,335.6505114397394
b.2_NUC_13,r.A,f.natgas_extract,2040,324.82948037265277
b.2_NUC_13,r.A,f.natgas_extract,2041,307.0205791131059
b.2_NUC_13,r.A,f.natgas_extract,2042,294.98585047957755
b.2_NUC_13,r.A,f.natgas_extract,2043,283.42020959755405
b.2_NUC_13,r.A,f.natgas_extract,2044,269.50370459369157
b.2_NUC_13,r.A,f.natgas_extract,2045,260.9907470757313
b.2_NUC_13,r.A,f.natgas_extract,2046,253.19787085484734
b.2_NUC_13,r.A,f.natgas_extract,2047,246.82862744249277
b.2_NUC_13,r.A,f.natgas_extract,2048,242.42614434305352
b.2_NUC_13,r.A,f.natgas_extract,2049,240.801657481042
b.2_NUC_13,r.A,f.natgas_extract,2050,246.7211839978047
b.2_NUC_13,r.A,f.natgas_extract,1990,453.0892026999054
b.2_NUC_13,r.A,f.natgas_extract,1991,479.57829301672336
b.2_NUC_13,r.A,f.natgas_extract,1992,469.15287672307323
b.2_NUC_13,r.A,f.natgas_extract,1993,483.6730166542162
b.2_NUC_13,r.A,f.natgas_extract,1994,469.5088619480007
b.2_NUC_13,r.A,f.natgas_extract,1995,518.5798892138638
b.2_NUC_13,r.A,f.natgas_extract,1996,536.2304592936279
b.2_NUC_13,r.A,f.natgas_extract,1997,550.9168784494193
b.2_NUC_13,r.A,f.natgas_extract,1998,594.4793261260683
b.2_NUC_13,r.A,f.natgas_extract,1999,644.6803327712958
b.2_NUC_13,r.A,f.natgas_extract,2000,672.6696047930759
b.2_NUC_13,r.A,f.natgas_extract,2001,676.2952787155843
b.2_NUC_13,r.A,f.natgas_extract,2002,673.0032801116598
b.2_NUC_13,r.A,f.natgas_extract,2003,743.390653365686
b.2_NUC_13,r.A,f.natgas_extract,2004,770.0681177579803
b.2_NUC_13,r.A,f.natgas_extract,2005,824.9796700020054
b.2_NUC_13,r.A,f.natgas_extract,2006,808.351785452264
b.2_NUC_13,r.A,f.natgas_extract,2007,809.6029849712618
b.2_NUC_13,r.A,f.natgas_extract,2008,813.4922074745336
b.2_NUC_13,r.A,f.natgas_extract,2009,746.7830521548619
b.2_NUC_13,r.A,f.natgas_extract,2010,795.0077096149843
b.2_NUC_13,r.A,f.natgas_extract,2011,745.5681262429114
b.2_NUC_13,r.A,f.natgas_extract,2012,715.8430777606097
b.2_NUC_13,r.A,f.natgas_extract,2013,670.9326676218592
b.2_NUC_13,r.A,f.natgas_extract,2014,631.182765216507
b.2_NUC_13,r.A,f.natgas_extract,2015,647.4403142090939
b.2_NUC_13,r.A,f.natgas_extract,2016,680.3450557608104
b.2_NUC_13,r.A,f.natgas_extract,2017,718.5693224555287
b.2_NUC_13,r.A,f.natgas_extract,2018,695.4659128087994
b.2_NUC_13,r.A,f.natgas_extract,2019,731.277828276104
b.2_NUC_13,r.A,f.natgas_extract,2020,682.8075221861534
b.2_NUC_13,r.A,f.natgas_extract,2051,190.59800037905083
b.2_NUC_13,r.A,f.natgas_extract,2052,183.6297390054063
b.2_NUC_13,r.A,f.natgas_extract,2053,176.3089610764464
b.2_NUC_13,r.A,f.natgas_extract,2054,168.57095627491276
b.2_NUC_13,r.A,f.natgas_extract,2055,159.26666579129332
b.2_NUC_13,r.A,f.natgas_extract,2056,147.52276724933841
b.2_NUC_13,r.A,f.natgas_extract,2057,137.9472794851343
b.2_NUC_13,r.A,f.natgas_extract,2058,132.60235794533008
b.2_NUC_13,r.A,f.natgas_extract,2059,128.2048251952088
b.2_NUC_13,r.A,f.natgas_extract,2060,121.04930569978342
b.2_NUC_13,r.A,f.natgas_extract,2061,112.26628969791118
b.2_NUC_13,r.A,f.natgas_extract,2062,105.17989167057006
b.2_NUC_13,r.A,f.natgas_extract,2063,100.69305633705298
b.2_NUC_13,r.A,f.natgas_extract,2064,96.06346198669027
b.2_NUC_13,r.A,f.natgas_extract,2065,90.23172636471341
b.2_NUC_13,r.A,f.natgas_extract,2066,84.2446508450893
b.2_NUC_13,r.A,f.natgas_extract,2067,79.10399993939382
b.2_NUC_13,r.A,f.natgas_extract,2068,74.84424015519451
b.2_NUC_13,r.A,f.natgas_extract,2069,70.4401158898867
b.2_NUC_13,r.A,f.natgas_extract,2070,68.32823993310281
b.2_NUC_13,r.A,f.biomass,2021,304.66859446019004
b.2_NUC_13,r.A,f.biomass,2022,289.3805401044093
b.2_NUC_13,r.A,f.biomass,2023,268.3781849430769
b.2_NUC_13,r.A,f.biomass,2024,296.821026871577
b.2_NUC_13,r.A,f.biomass,2025,300.0766646430271
b.2_NUC_13,r.A,f.biomass,2026,300.43628612707454
b.2_NUC_13,r.A,f.biomass,2027,300.11120089489145
b.2_NUC_13,r.A,f.biomass,2028,304.21555547693794
b.2_NUC_13,r.A,f.biomass,2029,355.4895361991952
b.2_NUC_13,r.A,f.biomass,2030,371.0771695104614
b.2_NUC_13,r.A,f.biomass,2031,375.6480739832014
b.2_NUC_13,r.A,f.biomass,2032,384.27331922149745
b.2_NUC_13,r.A,f.biomass,2033,392.1878711978704
b.2_NUC_13,r.A,f.biomass,2034,392.72844053187134
b.2_NUC_13,r.A,f.biomass,2035,395.0849038569156
b.2_NUC_13,r.A,f.biomass,2036,394.8474384977421
b.2_NUC_13,r.A,f.biomass,2037,400.2700710225579
b.2_NUC_13,r.A,f.biomass,2038,405.3498741059943
b.2_NUC_13,r.A,f.biomass,2039,414.9679110013803
b.2_NUC_13,r.A,f.biomass,2040,420.96386363206943
b.2_NUC_13,r.A,f.biomass,2041,414.58216682232614
b.2_NUC_13,r.A,f.biomass,2042,412.8425588700243
b.2_NUC_13,r.A,f.biomass,2043,404.5002222520941
b.2_NUC_13,r.A,f.biomass,2044,414.7947765489054
b.2_NUC_13,r.A,f.biomass,2045,420.8062143974895
b.2_NUC_13,r.A,f.biomass,2046,426.5186537673366
b.2_NUC_13,r.A,f.biomass,2047,432.39809907353396
b.2_NUC_13,r.A,f.biomass,2048,438.4462428374448
b.2_NUC_13,r.A,f.biomass,2049,455.00406682972863
b.2_NUC_13,r.A,f.biomass,2050,477.79298312801404
b.2_NUC_13,r.A,f.biomass,1990,14.678282828282828
b.2_NUC_13,r.A,f.biomass,1991,20.795882704261654
b.2_NUC_13,r.A,f.biomass,1992,24.39317301956408
b.2_NUC_13,r.A,f.biomass,1993,23.44218096729635
b.2_NUC_13,r.A,f.biomass,1994,28.1454034219289
b.2_NUC_13,r.A,f.biomass,1995,27.465624858563515
b.2_NUC_13,r.A,f.biomass,1996,26.399090192401935
b.2_NUC_13,r.A,f.biomass,1997,29.361498064614942
b.2_NUC_13,r.A,f.biomass,1998,29.96856880634887
b.2_NUC_13,r.A,f.biomass,1999,35.991916624414685
b.2_NUC_13,r.A,f.biomass,2000,40.69409179752315
b.2_NUC_13,r.A,f.biomass,2001,38.02580601568817
b.2_NUC_13,r.A,f.biomass,2002,55.72633167661434
b.2_NUC_13,r.A,f.biomass,2003,83.88711247169586
b.2_NUC_13,r.A,f.biomass,2004,63.282576685158034
b.2_NUC_13,r.A,f.biomass,2005,96.33094024365754
b.2_NUC_13,r.A,f.biomass,2006,132.47372597579286
b.2_NUC_13,r.A,f.biomass,2007,160.9026528497923
b.2_NUC_13,r.A,f.biomass,2008,204.05833614454093
b.2_NUC_13,r.A,f.biomass,2009,211.0795606719023
b.2_NUC_13,r.A,f.biomass,2010,208.34511573725152
b.2_NUC_13,r.A,f.biomass,2011,162.1014843265478
b.2_NUC_13,r.A,f.biomass,2012,219.8722805898303
b.2_NUC_13,r.A,f.biomass,2013,222.49760400284663
b.2_NUC_13,r.A,f.biomass,2014,201.7667502392405
b.2_NUC_13,r.A,f.biomass,2015,216.8667840607259
b.2_NUC_13,r.A,f.biomass,2016,211.71719328366353
b.2_NUC_13,r.A,f.biomass,2017,227.56121987191483
b.2_NUC_13,r.A,f.biomass,2018,220.79106480853224
b.2_NUC_13,r.A,f.biomass,2019,281.07400682369627
b.2_NUC_13,r.A,f.biomass,2020,249.61303202261382
b.2_NUC_13,r.A,f.biomass,2051,447.16016828486306
b.2_NUC_13,r.A,f.biomass,2052,432.12224099822544
b.2_NUC_13,r.A,f.biomass,2053,399.2615850755728
b.2_NUC_13,r.A,f.biomass,2054,395.91982345632005
b.2_NUC_13,r.A,f.biomass,2055,395.91982345632
b.2_NUC_13,r.A,f.biomass,2056,395.91982345632
b.2_NUC_13,r.A,f.biomass,2057,395.91982345632
b.2_NUC_13,r.A,f.biomass,2058,395.91982345632
b.2_NUC_13,r.A,f.biomass,2059,395.91982345632005
b.2_NUC_13,r.A,f.biomass,2060,395.91982345632
b.2_NUC_13,r.A,f.biomass,2061,395.91982345632005
b.2_NUC_13,r.A,f.biomass,2062,395.91982345632
b.2_NUC_13,r.A,f.biomass,2063,395.91982345632
b.2_NUC_13,r.A,f.biomass,2064,395.91982345632
b.2_NUC_13,r.A,f.biomass,2065,395.91982345632
b.2_NUC_13,r.A,f.biomass,2066,395.91982345632
b.2_NUC_13,r.A,f.biomass,2067,395.91982345632005
b.2_NUC_13,r.A,f.biomass,2068,395.91982345632005
b.2_NUC_13,r.A,f.biomass,2069,395.91982345632005
b.2_NUC_13,r.A,f.biomass,2070,395.91982345632005
b.2_NUC_13,r.A,f.coal,2021,347.4926137935835
b.2_NUC_13,r.A,f.coal,2022,333.50018689054787
b.2_NUC_13,r.A,f.coal,2023,318.3681800649318
b.2_NUC_13,r.A,f.coal,2024,301.78344748491907
b.2_NUC_13,r.A,f.coal,2025,287.641935491846
b.2_NUC_13,r.A,f.coal,2026,274.29281936480754
b.2_NUC_13,r.A,f.coal,2027,260.94370323776906
b.2_NUC_13,r.A,f.coal,2028,247.59458711073054
b.2_NUC_13,r.A,f.coal,2029,234.245470983692
b.2_NUC_13,r.A,f.coal,2030,220.89635485665346
b.2_NUC_13,r.A,f.coal,2031,213.7047547305998
b.2_NUC_13,r.A,f.coal,2032,206.5131546045461
b.2_NUC_13,r.A,f.coal,2033,199.32155447849243
b.2_NUC_13,r.A,f.coal,2034,192.12995435243872
b.2_NUC_13,r.A,f.coal,2035,184.9383542263851
b.2_NUC_13,r.A,f.coal,2036,177.7467541003314
b.2_NUC_13,r.A,f.coal,2037,170.55515397427774
b.2_NUC_13,r.A,f.coal,2038,163.3635538482241
b.2_NUC_13,r.A,f.coal,2039,156.17195372217043
b.2_NUC_13,r.A,f.coal,2040,148.98035359611674
b.2_NUC_13,r.A,f.coal,2041,133.10356099093687
b.2_NUC_13,r.A,f.coal,2042,118.94896712938723
b.2_NUC_13,r.A,f.coal,2043,106.32288738793513
b.2_NUC_13,r.A,f.coal,2044,95.05391520896767
b.2_NUC_13,r.A,f.coal,2045,84.99030252725541
b.2_NUC_13,r.A,f.coal,2046,75.9976554419186
b.2_NUC_13,r.A,f.coal,2047,67.95690621033883
b.2_NUC_13,r.A,f.coal,2048,60.76252758795886
b.2_NUC_13,r.A,f.coal,2049,54.320959835725375
b.2_NUC_13,r.A,f.coal,2050,48.54922445344181
b.2_NUC_13,r.A,f.coal,1990,51.09296668924351
b.2_NUC_13,r.A,f.coal,1991,51.42135752214868
b.2_NUC_13,r.A,f.coal,1992,46.14562033934793
b.2_NUC_13,r.A,f.coal,1993,46.303722597894634
b.2_NUC_13,r.A,f.coal,1994,46.88204195878776
b.2_NUC_13,r.A,f.coal,1995,49.50067998194322
b.2_NUC_13,r.A,f.coal,1996,47.733559453952786
b.2_NUC_13,r.A,f.coal,1997,50.99218576136338
b.2_NUC_13,r.A,f.coal,1998,47.42303195679288
b.2_NUC_13,r.A,f.coal,1999,39.476284917766115
b.2_NUC_13,r.A,f.coal,2000,41.105335571633404
b.2_NUC_13,r.A,f.coal,2001,43.30315491359379
b.2_NUC_13,r.A,f.coal,2002,37.24588211215734
b.2_NUC_13,r.A,f.coal,2003,39.774080883554674
b.2_NUC_13,r.A,f.coal,2004,41.35378760993156
b.2_NUC_13,r.A,f.coal,2005,39.50527791717175
b.2_NUC_13,r.A,f.coal,2006,38.00419374469962
b.2_NUC_13,r.A,f.coal,2007,34.87776975301578
b.2_NUC_13,r.A,f.coal,2008,31.035254662788248
b.2_NUC_13,r.A,f.coal,2009,20.876411696060806
b.2_NUC_13,r.A,f.coal,2010,31.531101832310352
b.2_NUC_13,r.A,f.coal,2011,34.7501757389464
b.2_NUC_13,r.A,f.coal,2012,34.679417766499526
b.2_NUC_13,r.A,f.coal,2013,24.817718454928585
b.2_NUC_13,r.A,f.coal,2014,23.022188927664942
b.2_NUC_13,r.A,f.coal,2015,18.149945470442777
b.2_NUC_13,r.A,f.coal,2016,20.512093878927715
b.2_NUC_13,r.A,f.coal,2017,17.53047062397949
b.2_NUC_13,r.A,f.coal,2018,18.67328113557241
b.2_NUC_13,r.A,f.coal,2019,17.280252061683214
b.2_NUC_13,r.A,f.coal,2020,14.679566239281652
b.2_NUC_13,r.A,f.coal,2051,48.54922445344181
b.2_NUC_13,r.A,f.coal,2052,48.54922445344181
b.2_NUC_13,r.A,f.coal,2053,48.54922445344181
b.2_NUC_13,r.A,f.coal,2054,48.54922445344181
b.2_NUC_13,r.A,f.coal,2055,48.54922445344181
b.2_NUC_13,r.A,f.coal,2056,48.54922445344181
b.2_NUC_13,r.A,f.coal,2057,48.54922445344181
b.2_NUC_13,r.A,f.coal,2058,48.54922445344181
b.2_NUC_13,r.A,f.coal,2059,48.54922445344181
b.2_NUC_13,r.A,f.coal,2060,48.54922445344181
b.2_NUC_13,r.A,f.coal,2061,48.54922445344181
b.2_NUC_13,r.A,f.coal,2062,48.54922445344181
b.2_NUC_13,r.A,f.coal,2063,48.54922445344181
b.2_NUC_13,r.A,f.coal,2064,48.54922445344181
b.2_NUC_13,r.A,f.coal,2065,48.54922445344181
b.2_NUC_13,r.A,f.coal,2066,48.54922445344181
b.2_NUC_13,r.A,f.coal,2067,48.54922445344181
b.2_NUC_13,r.A,f.coal,2068,48.54922445344181
b.2_NUC_13,r.A,f.coal,2069,48.54922445344181
b.2_NUC_13,r.A,f.coal,2070,48.54922445344181
b.2_NUC_13,r.A,f.oil,2021,668.7863909367902
b.2_NUC_13,r.A,f.oil,2022,602.4953962809345
b.2_NUC_13,r.A,f.oil,2023,570.0525648531626
b.2_NUC_13,r.A,f.oil,2024,531.2331886469168
b.2_NUC_13,r.A,f.oil,2025,504.13009527578384
b.2_NUC_13,r.A,f.oil,2026,480.7748598513074
b.2_NUC_13,r.A,f.oil,2027,457.4196244268311
b.2_NUC_13,r.A,f.oil,2028,434.0643890023548
b.2_NUC_13,r.A,f.oil,2029,410.7091535778783
b.2_NUC_13,r.A,f.oil,2030,387.35391815340165
b.2_NUC_13,r.A,f.oil,2031,374.93946741615196
b.2_NUC_13,r.A,f.oil,2032,362.5250166789022
b.2_NUC_13,r.A,f.oil,2033,350.1105659416525
b.2_NUC_13,r.A,f.oil,2034,337.69611520440264
b.2_NUC_13,r.A,f.oil,2035,325.28166446715295
b.2_NUC_13,r.A,f.oil,2036,312.86721372990314
b.2_NUC_13,r.A,f.oil,2037,300.4527629926534
b.2_NUC_13,r.A,f.oil,2038,288.0383122554036
b.2_NUC_13,r.A,f.oil,2039,275.62386151815383
b.2_NUC_13,r.A,f.oil,2040,263.209410780904
b.2_NUC_13,r.A,f.oil,2041,235.42491009218273
b.2_NUC_13,r.A,f.oil,2042,210.61653964562316
b.2_NUC_13,r.A,f.oil,2043,188.4555929418323
b.2_NUC_13,r.A,f.oil,2044,168.65019778868054
b.2_NUC_13,r.A,f.oil,2045,150.94114299198262
b.2_NUC_13,r.A,f.oil,2046,135.0981818538233
b.2_NUC_13,r.A,f.oil,2047,120.91675765441266
b.2_NUC_13,r.A,f.oil,2048,108.21510262784658
b.2_NUC_13,r.A,f.oil,2049,96.831667542004
b.2_NUC_13,r.A,f.oil,2050,86.62284394347925
b.2_NUC_13,r.A,f.oil,1990,1438.7327983317268
b.2_NUC_13,r.A,f.oil,1991,1451.8725350715997
b.2_NUC_13,r.A,f.oil,1992,1464.6956327630396
b.2_NUC_13,r.A,f.oil,1993,1468.760998942588
b.2_NUC_13,r.A,f.oil,1994,1453.0603392575188
b.2_NUC_13,r.A,f.oil,1995,1451.1620572755203
b.2_NUC_13,r.A,f.oil,1996,1425.4614269635053
b.2_NUC_13,r.A,f.oil,1997,1487.8587811872112
b.2_NUC_13,r.A,f.oil,1998,1475.1538506519137
b.2_NUC_13,r.A,f.oil,1999,1388.4570521812357
b.2_NUC_13,r.A,f.oil,2000,1383.932203988586
b.2_NUC_13,r.A,f.oil,2001,1393.8095138361637
b.2_NUC_13,r.A,f.oil,2002,1407.6390669907262
b.2_NUC_13,r.A,f.oil,2003,1398.7479175811784
b.2_NUC_13,r.A,f.oil,2004,1379.5870011782742
b.2_NUC_13,r.A,f.oil,2005,1423.0212383572668
b.2_NUC_13,r.A,f.oil,2006,1418.6852752417963
b.2_NUC_13,r.A,f.oil,2007,1492.7090893652812
b.2_NUC_13,r.A,f.oil,2008,1440.0852787561123
b.2_NUC_13,r.A,f.oil,2009,1361.6421068753953
b.2_NUC_13,r.A,f.oil,2010,1464.582689944823
b.2_NUC_13,r.A,f.oil,2011,1428.2961671249407
b.2_NUC_13,r.A,f.oil,2012,1377.385453847665
b.2_NUC_13,r.A,f.oil,2013,1241.025478330855
b.2_NUC_13,r.A,f.oil,2014,1212.842498776762
b.2_NUC_13,r.A,f.oil,2015,1360.4709942720972
b.2_NUC_13,r.A,f.oil,2016,1342.2263611615792
b.2_NUC_13,r.A,f.oil,2017,1347.8069956405168
b.2_NUC_13,r.A,f.oil,2018,1220.9495497875985
b.2_NUC_13,r.A,f.oil,2019,1012.4222576757934
b.2_NUC_13,r.A,f.oil,2020,856.9220585475906
b.2_NUC_13,r.A,f.oil,2051,86.62284394347925
b.2_NUC_13,r.A,f.oil,2052,86.62284394347925
b.2_NUC_13,r.A,f.oil,2053,86.62284394347925
b.2_NUC_13,r.A,f.oil,2054,86.62284394347925
b.2_NUC_13,r.A,f.oil,2055,86.62284394347925
b.2_NUC_13,r.A,f.oil,2056,86.62284394347925
b.2_NUC_13,r.A,f.oil,2057,86.62284394347925
b.2_NUC_13,r.A,f.oil,2058,86.62284394347925
b.2_NUC_13,r.A,f.oil,2059,86.62284394347925
b.2_NUC_13,r.A,f.oil,2060,86.62284394347925
b.2_NUC_13,r.A,f.oil,2061,86.62284394347925
b.2_NUC_13,r.A,f.oil,2062,86.62284394347925
b.2_NUC_13,r.A,f.oil,2063,86.62284394347925
b.2_NUC_13,r.A,f.oil,2064,86.62284394347925
b.2_NUC_13,r.A,f.oil,2065,86.62284394347925
b.2_NUC_13,r.A,f.oil,2066,86.62284394347925
b.2_NUC_13,r.A,f.oil,2067,86.62284394347925
b.2_NUC_13,r.A,f.oil,2068,86.62284394347925
b.2_NUC_13,r.A,f.oil,2069,86.62284394347925
b.2_NUC_13,r.A,f.oil,2070,86.62284394347925
b.2_NUC_13,r.A,f.biofuels,2021,61.9538016315027
b.2_NUC_13,r.A,f.biofuels,2022,57.412363454591656
b.2_NUC_13,r.A,f.biofuels,2023,50.98825675552912
b.2_NUC_13,r.A,f.biofuels,2024,61.660013321224795
b.2_NUC_13,r.A,f.biofuels,2025,63.653183353722284
b.2_NUC_13,r.A,f.biofuels,2026,64.91105057805962
b.2_NUC_13,r.A,f.biofuels,2027,65.92439953225073
b.2_NUC_13,r.A,f.biofuels,2028,68.46924399784555
b.2_NUC_13,r.A,f.biofuels,2029,87.32316449518768
b.2_NUC_13,r.A,f.biofuels,2030,95.27721188960885
b.2_NUC_13,r.A,f.biofuels,2031,97.97873174180833
b.2_NUC_13,r.A,f.biofuels,2032,102.43496516906225
b.2_NUC_13,r.A,f.biofuels,2033,107.12180217468443
b.2_NUC_13,r.A,f.biofuels,2034,109.54798758740202
b.2_NUC_13,r.A,f.biofuels,2035,113.2397625111602
b.2_NUC_13,r.A,f.biofuels,2036,115.66709971904615
b.2_NUC_13,r.A,f.biofuels,2037,119.09485809036488
b.2_NUC_13,r.A,f.biofuels,2038,121.75351574023222
b.2_NUC_13,r.A,f.biofuels,2039,126.90316658002249
b.2_NUC_13,r.A,f.biofuels,2040,130.82175697888871
b.2_NUC_13,r.A,f.biofuels,2041,130.03802615161644
b.2_NUC_13,r.A,f.biofuels,2042,130.50584362601714
b.2_NUC_13,r.A,f.biofuels,2043,128.92256116273057
b.2_NUC_13,r.A,f.biofuels,2044,134.9117511925984
b.2_NUC_13,r.A,f.biofuels,2045,138.23670602089277
b.2_NUC_13,r.A,f.biofuels,2046,141.38551229372374
b.2_NUC_13,r.A,f.biofuels,2047,144.61594181983133
b.2_NUC_13,r.A,f.biofuels,2048,147.93057199250032
b.2_NUC_13,r.A,f.biofuels,2049,154.90669292183608
b.2_NUC_13,r.A,f.biofuels,2050,164.0667199557553
b.2_NUC_13,r.A,f.biofuels,1990,0.0
b.2_NUC_13,r.A,f.biofuels,1991,0.0
b.2_NUC_13,r.A,f.biofuels,1992,0.0
b.2_NUC_13,r.A,f.biofuels,1993,0.0
b.2_NUC_13,r.A,f.biofuels,1994,0.0
b.2_NUC_13,r.A,f.biofuels,1995,0.0
b.2_NUC_13,r.A,f.biofuels,1996,0.0
b.2_NUC_13,r.A,f.biofuels,1997,0.0
b.2_NUC_13,r.A,f.biofuels,1998,0.0
b.2_NUC_13,r.A,f.biofuels,1999,1.2879516952739125
b.2_NUC_13,r.A,f.biofuels,2000,1.532587534455697
b.2_NUC_13,r.A,f.biofuels,2001,0.8542109185073711
b.2_NUC_13,r.A,f.biofuels,2002,0.9288058950736282
b.2_NUC_13,r.A,f.biofuels,2003,0.8606664782182485
b.2_NUC_13,r.A,f.biofuels,2004,4.0344261871588945
b.2_NUC_13,r.A,f.biofuels,2005,3.003123995912966
b.2_NUC_13,r.A,f.biofuels,2006,6.719102877080804
b.2_NUC_13,r.A,f.biofuels,2007,5.2014488237334255
b.2_NUC_13,r.A,f.biofuels,2008,13.430138141302287
b.2_NUC_13,r.A,f.biofuels,2009,19.99623503530443
b.2_NUC_13,r.A,f.biofuels,2010,24.61435583328171
b.2_NUC_13,r.A,f.biofuels,2011,26.86118666832804
b.2_NUC_13,r.A,f.biofuels,2012,30.907998990976747
b.2_NUC_13,r.A,f.biofuels,2013,31.43766223023166
b.2_NUC_13,r.A,f.biofuels,2014,30.286706732095027
b.2_NUC_13,r.A,f.biofuels,2015,31.033390505298286
b.2_NUC_13,r.A,f.biofuels,2016,30.500832140542094
b.2_NUC_13,r.A,f.biofuels,2017,32.3184186611945
b.2_NUC_13,r.A,f.biofuels,2018,34.42127363640152
b.2_NUC_13,r.A,f.biofuels,2019,55.991439826455704
b.2_NUC_13,r.A,f.biofuels,2020,47.64897029039108
b.2_NUC_13,r.A,f.biofuels,2051,153.4753087612218
b.2_NUC_13,r.A,f.biofuels,2052,148.27588872026905
b.2_NUC_13,r.A,f.biofuels,2053,136.91419307522412
b.2_NUC_13,r.A,f.biofuels,2054,135.75876639945682
b.2_NUC_13,r.A,f.biofuels,2055,135.7587663994568
b.2_NUC_13,r.A,f.biofuels,2056,135.7587663994568
b.2_NUC_13,r.A,f.biofuels,2057,135.7587663994568
b.2_NUC_13,r.A,f.biofuels,2058,135.7587663994568
b.2_NUC_13,r.A,f.biofuels,2059,135.75876639945682
b.2_NUC_13,r.A,f.biofuels,2060,135.7587663994568
b.2_NUC_13,r.A,f.biofuels,2061,135.75876639945682
b.2_NUC_13,r.A,f.biofuels,2062,135.7587663994568
b.2_NUC_13,r.A,f.biofuels,2063,135.7587663994568
b.2_NUC_13,r.A,f.biofuels,2064,135.7587663994568
b.2_NUC_13,r.A,f.biofuels,2065,135.7587663994568
b.2_NUC_13,r.A,f.biofuels,2066,135.7587663994568
b.2_NUC_13,r.A,f.biofuels,2067,135.75876639945682
b.2_NUC_13,r.A,f.biofuels,2068,135.75876639945682
b.2_NUC_13,r.A,f.biofuels,2069,135.75876639945682
b.2_NUC_13,r.A,f.biofuels,2070,135.75876639945682
b.2_NUC_13,r.A,f.uranium_fuel,2021,0.0
b.2_NUC_13,r.A,f.uranium_fuel,2022,0.0
b.2_NUC_13,r.A,f.uranium_fuel,2023,0.0
b.2_NUC_13,r.A,f.uranium_fuel,2024,0.0
b.2_NUC_13,r.A,f.uranium_fuel,2025,0.0
b.2_NUC_13,r.A,f.uranium_fuel,2026,0.0
b.2_NUC_13,r.A,f.uranium_fuel,2027,0.0
b.2_NUC_13,r.A,f.uranium_fuel,2028,0.0
b.2_NUC_13,r.A,f.uranium_fuel,2029,0.0
b.2_NUC_13,r.A,f.uranium_fuel,2030,0.0
b.2_NUC_13,r.A,f.uranium_fuel,2031,0.0
b.2_NUC_13,r.A,f.uranium_fuel,2032,0.0
b.2_NUC_13,r.A,f.uranium_fuel,2033,61.5120939545112
b.2_NUC_13,r.A,f.uranium_fuel,2034,123.0241879090224
b.2_NUC_13,r.A,f.uranium_fuel,2035,184.53628186353362
b.2_NUC_13,r.A,f.uranium_fuel,2036,246.0483758180448
b.2_NUC_13,r.A,f.uranium_fuel,2037,307.560469772556
b.2_NUC_13,r.A,f.uranium_fuel,2038,354.92892869341716
b.2_NUC_13,r.A,f.uranium_fuel,2039,369.07256372706723
b.2_NUC_13,r.A,f.uranium_fuel,2040,369.07256372706723
b.2_NUC_13,r.A,f.uranium_fuel,2041,408.90331791180563
b.2_NUC_13,r.A,f.uranium_fuel,2042,416.1968458895921
b.2_NUC_13,r.A,f.uranium_fuel,2043,419.9816666683912
b.2_NUC_13,r.A,f.uranium_fuel,2044,431.0416786197457
b.2_NUC_13,r.A,f.uranium_fuel,2045,444.683227864481
b.2_NUC_13,r.A,f.uranium_fuel,2046,467.1384603586568
b.2_NUC_13,r.A,f.uranium_fuel,2047,486.8412742903794
b.2_NUC_13,r.A,f.uranium_fuel,2048,504.1099348762106
b.2_NUC_13,r.A,f.uranium_fuel,2049,521.3523826083318
b.2_NUC_13,r.A,f.uranium_fuel,2050,535.6081714149628
b.2_NUC_13,r.A,f.uranium_fuel,1990,0.0
b.2_NUC_13,r.A,f.uranium_fuel,1991,0.0
b.2_NUC_13,r.A,f.uranium_fuel,1992,0.0
b.2_NUC_13,r.A,f.uranium_fuel,1993,0.0
b.2_NUC_13,r.A,f.uranium_fuel,1994,0.0
b.2_NUC_13,r.A,f.uranium_fuel,1995,0.0
b.2_NUC_13,r.A,f.uranium_fuel,1996,0.0
b.2_NUC_13,r.A,f.uranium_fuel,1997,0.0
b.2_NUC_13,r.A,f.uranium_fuel,1998,0.0
b.2_NUC_13,r.A,f.uranium_fuel,1999,0.0
b.2_NUC_13,r.A,f.uranium_fuel,2000,0.0
b.2_NUC_13,r.A,f.uranium_fuel,2001,0.0
b.2_NUC_13,r.A,f.uranium_fuel,2002,0.0
b.2_NUC_13,r.A,f.uranium_fuel,2003,0.0
b.2_NUC_13,r.A,f.uranium_fuel,2004,0.0
b.2_NUC_13,r.A,f.uranium_fuel,2005,0.0
b.2_NUC_13,r.A,f.uranium_fuel,2006,0.0
b.2_NUC_13,r.A,f.uranium_fuel,2007,0.0
b.2_NUC_13,r.A,f.uranium_fuel,2008,0.0
b.2_NUC_13,r.A,f.uranium_fuel,2009,0.0
b.2_NUC_13,r.A,f.uranium_fuel,2010,0.0
b.2_NUC_13,r.A,f.uranium_fuel,2011,0.0
b.2_NUC_13,r.A,f.uranium_fuel,2012,0.0
b.2_NUC_13,r.A,f.uranium_fuel,2013,0.0
b.2_NUC_13,r.A,f.uranium_fuel,2014,0.0
b.2_NUC_13,r.A,f.uranium_fuel,2015,0.0
b.2_NUC_13,r.A,f.uranium_fuel,2016,0.0
b.2_NUC_13,r.A,f.uranium_fuel,2017,0.0
b.2_NUC_13,r.A,f.uranium_fuel,2018,0.0
b.2_NUC_13,r.A,f.uranium_fuel,2019,0.0
b.2_NUC_13,r.A,f.uranium_fuel,2020,0.0
b.2_NUC_13,r.A,f.uranium_fuel,2051,422.8485563802337
b.2_NUC_13,r.A,f.uranium_fuel,2052,422.8485563802337
b.2_NUC_13,r.A,f.uranium_fuel,2053,422.8485563802337
b.2_NUC_13,r.A,f.uranium_fuel,2054,422.8485563802337
b.2_NUC_13,r.A,f.uranium_fuel,2055,422.8485563802337
b.2_NUC_13,r.A,f.uranium_fuel,2056,504.52027388736633
b.2_NUC_13,r.A,f.uranium_fuel,2057,535.6081714149624
b.2_NUC_13,r.A,f.uranium_fuel,2058,535.6081714149624
b.2_NUC_13,r.A,f.uranium_fuel,2059,535.6081714149624
b.2_NUC_13,r.A,f.uranium_fuel,2060,535.6081714149624
b.2_NUC_13,r.A,f.uranium_fuel,2061,535.6081714149624
b.2_NUC_13,r.A,f.uranium_fuel,2062,535.6081714149624
b.2_NUC_13,r.A,f.uranium_fuel,2063,535.6081714149624
b.2_NUC_13,r.A,f.uranium_fuel,2064,535.6081714149624
b.2_NUC_13,r.A,f.uranium_fuel,2065,535.6081714149624
b.2_NUC_13,r.A,f.uranium_fuel,2066,535.6081714149624
b.2_NUC_13,r.A,f.uranium_fuel,2067,535.6081714149624
b.2_NUC_13,r.A,f.uranium_fuel,2068,535.6081714149624
b.2_NUC_13,r.A,f.uranium_fuel,2069,535.6081714149625
b.2_NUC_13,r.A,f.uranium_fuel,2070,535.6081714149625
b.2_NUC_13,r.A,f.CO2_capt,2021,0.00015
b.2_NUC_13,r.A,f.CO2_capt,2022,0.00015
b.2_NUC_13,r.A,f.CO2_capt,2023,0.00015
b.2_NUC_13,r.A,f.CO2_capt,2024,0.00015
b.2_NUC_13,r.A,f.CO2_capt,2025,0.00015
b.2_NUC_13,r.A,f.CO2_capt,2026,0.00014846938775510204
b.2_NUC_13,r.A,f.CO2_capt,2027,0.0001469387755102041
b.2_NUC_13,r.A,f.CO2_capt,2028,0.00014540816326530614
b.2_NUC_13,r.A,f.CO2_capt,2029,0.0001438775510204082
b.2_NUC_13,r.A,f.CO2_capt,2030,0.00014081632653061227
b.2_NUC_13,r.A,f.CO2_capt,2031,0.00013775510204081635
b.2_NUC_13,r.A,f.CO2_capt,2032,0.00013316326530612247
b.2_NUC_13,r.A,f.CO2_capt,2033,0.00012704081632653063
b.2_NUC_13,r.A,f.CO2_capt,2034,0.0001209183673469388
b.2_NUC_13,r.A,f.CO2_capt,2035,0.000113265306122449
b.2_NUC_13,r.A,f.CO2_capt,2036,0.00010408163265306124
b.2_NUC_13,r.A,f.CO2_capt,2037,9.336734693877552e-05
b.2_NUC_13,r.A,f.CO2_capt,2038,8.26530612244898e-05
b.2_NUC_13,r.A,f.CO2_capt,2039,7.193877551020408e-05
b.2_NUC_13,r.A,f.CO2_capt,2040,5.9693877551020416e-05
b.2_NUC_13,r.A,f.CO2_capt,2041,4.8979591836734704e-05
b.2_NUC_13,r.A,f.CO2_capt,2042,3.826530612244899e-05
b.2_NUC_13,r.A,f.CO2_capt,2043,2.908163265306124e-05
b.2_NUC_13,r.A,f.CO2_capt,2044,2.1428571428571445e-05
b.2_NUC_13,r.A,f.CO2_capt,2045,1.530612244897961e-05
b.2_NUC_13,r.A,f.CO2_capt,2046,1.0714285714285736e-05
b.2_NUC_13,r.A,f.CO2_capt,2047,6.12244897959186e-06
b.2_NUC_13,r.A,f.CO2_capt,2048,3.0612244897959427e-06
b.2_NUC_13,r.A,f.CO2_capt,2049,1.530612244897984e-06
b.2_NUC_13,r.A,f.CO2_capt,2050,0.0
b.2_NUC_13,r.A,f.CO2_capt,1990,0.0
b.2_NUC_13,r.A,f.CO2_capt,1991,0.0
b.2_NUC_13,r.A,f.CO2_capt,1992,0.0
b.2_NUC_13,r.A,f.CO2_capt,1993,0.0
b.2_NUC_13,r.A,f.CO2_capt,1994,0.0
b.2_NUC_13,r.A,f.CO2_capt,1995,0.0
b.2_NUC_13,r.A,f.CO2_capt,1996,0.0
b.2_NUC_13,r.A,f.CO2_capt,1997,0.0
b.2_NUC_13,r.A,f.CO2_capt,1998,0.0
b.2_NUC_13,r.A,f.CO2_capt,1999,0.0
b.2_NUC_13,r.A,f.CO2_capt,2000,0.0
b.2_NUC_13,r.A,f.CO2_capt,2001,0.0
b.2_NUC_13,r.A,f.CO2_capt,2002,0.0
b.2_NUC_13,r.A,f.CO2_capt,2003,0.0
b.2_NUC_13,r.A,f.CO2_capt,2004,0.0
b.2_NUC_13,r.A,f.CO2_capt,2005,0.0
b.2_NUC_13,r.A,f.CO2_capt,2006,0.0
b.2_NUC_13,r.A,f.CO2_capt,2007,0.0
b.2_NUC_13,r.A,f.CO2_capt,2008,0.0
b.2_NUC_13,r.A,f.CO2_capt,2009,0.0
b.2_NUC_13,r.A,f.CO2_capt,2010,0.0
b.2_NUC_13,r.A,f.CO2_capt,2011,0.0
b.2_NUC_13,r.A,f.CO2_capt,2012,0.0
b.2_NUC_13,r.A,f.CO2_capt,2013,0.0
b.2_NUC_13,r.A,f.CO2_capt,2014,0.0
b.2_NUC_13,r.A,f.CO2_capt,2015,0.0
b.2_NUC_13,r.A,f.CO2_capt,2016,0.0
b.2_NUC_13,r.A,f.CO2_capt,2017,0.00015
b.2_NUC_13,r.A,f.CO2_capt,2018,0.00015
b.2_NUC_13,r.A,f.CO2_capt,2019,0.00015
b.2_NUC_13,r.A,f.CO2_capt,2020,0.00015
b.2_NUC_13,r.A,f.CO2_capt,2051,0.0
b.2_NUC_13,r.A,f.CO2_capt,2052,0.0
b.2_NUC_13,r.A,f.CO2_capt,2053,0.0
b.2_NUC_13,r.A,f.CO2_capt,2054,0.0
b.2_NUC_13,r.A,f.CO2_capt,2055,0.0
b.2_NUC_13,r.A,f.CO2_capt,2056,0.0
b.2_NUC_13,r.A,f.CO2_capt,2057,0.0
b.2_NUC_13,r.A,f.CO2_capt,2058,0.0
b.2_NUC_13,r.A,f.CO2_capt,2059,0.0
b.2_NUC_13,r.A,f.CO2_capt,2060,0.0
b.2_NUC_13,r.A,f.CO2_capt,2061,0.0
b.2_NUC_13,r.A,f.CO2_capt,2062,0.0
b.2_NUC_13,r.A,f.CO2_capt,2063,0.0
b.2_NUC_13,r.A,f.CO2_capt,2064,0.0
b.2_NUC_13,r.A,f.CO2_capt,2065,0.0
b.2_NUC_13,r.A,f.CO2_capt,2066,0.0
b.2_NUC_13,r.A,f.CO2_capt,2067,0.0
b.2_NUC_13,r.A,f.CO2_capt,2068,0.0
b.2_NUC_13,r.A,f.CO2_capt,2069,0.0
b.2_NUC_13,r.A,f.CO2_capt,2070,0.0
b.2_NUC_13,r.A,f.elect,2021,354.0916472200871
b.2_NUC_13,r.A,f.elect,2022,356.12246611579843
b.2_NUC_13,r.A,f.elect,2023,355.8553673070705
b.2_NUC_13,r.A,f.elect,2024,356.4116966304542
b.2_NUC_13,r.A,f.elect,2025,357.5152175802682
b.2_NUC_13,r.A,f.elect,2026,358.6442753892199
b.2_NUC_13,r.A,f.elect,2027,359.8718899705846
b.2_NUC_13,r.A,f.elect,2028,360.9946630725242
b.2_NUC_13,r.A,f.elect,2029,362.305233145917
b.2_NUC_13,r.A,f.elect,2030,363.3999812921068
b.2_NUC_13,r.A,f.elect,2031,370.92248925407694
b.2_NUC_13,r.A,f.elect,2032,378.35309293939173
b.2_NUC_13,r.A,f.elect,2033,385.97835033905324
b.2_NUC_13,r.A,f.elect,2034,393.6502998037124
b.2_NUC_13,r.A,f.elect,2035,401.2700478242498
b.2_NUC_13,r.A,f.elect,2036,408.9888725217851
b.2_NUC_13,r.A,f.elect,2037,417.0396059964461
b.2_NUC_13,r.A,f.elect,2038,424.7786986293918
b.2_NUC_13,r.A,f.elect,2039,432.3695605049342
b.2_NUC_13,r.A,f.elect,2040,439.9604197503025
b.2_NUC_13,r.A,f.elect,2041,453.89100188206385
b.2_NUC_13,r.A,f.elect,2042,467.28001257502007
b.2_NUC_13,r.A,f.elect,2043,481.49611336678845
b.2_NUC_13,r.A,f.elect,2044,496.70188231919764
b.2_NUC_13,r.A,f.elect,2045,512.9608703039881
b.2_NUC_13,r.A,f.elect,2046,530.4127845451701
b.2_NUC_13,r.A,f.elect,2047,549.0396848368575
b.2_NUC_13,r.A,f.elect,2048,569.036569543366
b.2_NUC_13,r.A,f.elect,2049,590.7622992792991
b.2_NUC_13,r.A,f.elect,2050,613.7697244497077
b.2_NUC_13,r.A,f.elect,1990,252.27289428824506
b.2_NUC_13,r.A,f.elect,1991,257.6239673071714
b.2_NUC_13,r.A,f.elect,1992,262.43132036416847
b.2_NUC_13,r.A,f.elect,1993,263.51238436773093
b.2_NUC_13,r.A,f.elect,1994,270.98067508020273
b.2_NUC_13,r.A,f.elect,1995,281.04570882026826
b.2_NUC_13,r.A,f.elect,1996,283.7999587547101
b.2_NUC_13,r.A,f.elect,1997,292.4898550522852
b.2_NUC_13,r.A,f.elect,1998,302.7173327417667
b.2_NUC_13,r.A,f.elect,1999,309.8879315008871
b.2_NUC_13,r.A,f.elect,2000,323.66418342984156
b.2_NUC_13,r.A,f.elect,2001,331.3891040646636
b.2_NUC_13,r.A,f.elect,2002,341.00725777945473
b.2_NUC_13,r.A,f.elect,2003,350.03453950151913
b.2_NUC_13,r.A,f.elect,2004,354.3859410139677
b.2_NUC_13,r.A,f.elect,2005,359.53469661907707
b.2_NUC_13,r.A,f.elect,2006,366.5725580404799
b.2_NUC_13,r.A,f.elect,2007,369.41123223917316
b.2_NUC_13,r.A,f.elect,2008,369.4683644866473
b.2_NUC_13,r.A,f.elect,2009,347.0110773403073
b.2_NUC_13,r.A,f.elect,2010,356.251467282452
b.2_NUC_13,r.A,f.elect,2011,356.8776126030393
b.2_NUC_13,r.A,f.elect,2012,351.79768996474996
b.2_NUC_13,r.A,f.elect,2013,340.678334237982
b.2_NUC_13,r.A,f.elect,2014,333.8261003452683
b.2_NUC_13,r.A,f.elect,2015,340.8126203403369
b.2_NUC_13,r.A,f.elect,2016,340.19763110204656
b.2_NUC_13,r.A,f.elect,2017,346.0820603554544
b.2_NUC_13,r.A,f.elect,2018,343.9049005502676
b.2_NUC_13,r.A,f.elect,2019,344.85488131727266
b.2_NUC_13,r.A,f.elect,2020,326.5030663989634
b.2_NUC_13,r.A,f.elect,2051,656.0617404155879
b.2_NUC_13,r.A,f.elect,2052,662.1518579888078
b.2_NUC_13,r.A,f.elect,2053,668.500428293705
b.2_NUC_13,r.A,f.elect,2054,674.8562410486365
b.2_NUC_13,r.A,f.elect,2055,681.4147281866468
b.2_NUC_13,r.A,f.elect,2056,688.764902381037
b.2_NUC_13,r.A,f.elect,2057,696.508646690171
b.2_NUC_13,r.A,f.elect,2058,701.2842462710893
b.2_NUC_13,r.A,f.elect,2059,705.2292466479689
b.2_NUC_13,r.A,f.elect,2060,711.5905801036197
b.2_NUC_13,r.A,f.elect,2061,719.3778816948649
b.2_NUC_13,r.A,f.elect,2062,725.6658182832113
b.2_NUC_13,r.A,f.elect,2063,729.6720933942055
b.2_NUC_13,r.A,f.elect,2064,733.7890703306412
b.2_NUC_13,r.A,f.elect,2065,738.9479617470591
b.2_NUC_13,r.A,f.elect,2066,744.2209096190512
b.2_NUC_13,r.A,f.elect,2067,748.7492155663701
b.2_NUC_13,r.A,f.elect,2068,752.4940882696816
b.2_NUC_13,r.A,f.elect,2069,756.355293034916
b.2_NUC_13,r.A,f.elect,2070,758.2068269646353
b.2_NUC_13,r.A,f.hydrogen,2021,0.1362955588998888
b.2_NUC_13,r.A,f.hydrogen,2022,0.2668309679110123
b.2_NUC_13,r.A,f.hydrogen,2023,0.4157983769221357
b.2_NUC_13,r.A,f.hydrogen,2024,0.5979433859332591
b.2_NUC_13,r.A,f.hydrogen,2025,0.893944350501089
b.2_NUC_13,r.A,f.hydrogen,2026,1.3168190039555063
b.2_NUC_13,r.A,f.hydrogen,2027,2.0961608129666294
b.2_NUC_13,r.A,f.hydrogen,2028,3.547349021977754
b.2_NUC_13,r.A,f.hydrogen,2029,6.342230030988878
b.2_NUC_13,r.A,f.hydrogen,2030,11.824496640000001
b.2_NUC_13,r.A,f.hydrogen,2031,16.659322752
b.2_NUC_13,r.A,f.hydrogen,2032,21.61239383040001
b.2_NUC_13,r.A,f.hydrogen,2033,26.59556362752001
b.2_NUC_13,r.A,f.hydrogen,2034,32.48857469337601
b.2_NUC_13,r.A,f.hydrogen,2035,36.89956784762882
b.2_NUC_13,r.A,f.hydrogen,2036,41.89030102278146
b.2_NUC_13,r.A,f.hydrogen,2037,46.19676691668175
b.2_NUC_13,r.A,f.hydrogen,2038,53.01976567327457
b.2_NUC_13,r.A,f.hydrogen,2039,56.481561886649935
b.2_NUC_13,r.A,f.hydrogen,2040,60.62031892343376
b.2_NUC_13,r.A,f.hydrogen,2041,64.68523311144868
b.2_NUC_13,r.A,f.hydrogen,2042,70.01734740495117
b.2_NUC_13,r.A,f.hydrogen,2043,74.22104759883655
b.2_NUC_13,r.A,f.hydrogen,2044,75.77067496349171
b.2_NUC_13,r.A,f.hydrogen,2045,79.50059311009636
b.2_NUC_13,r.A,f.hydrogen,2046,82.82136010134616
b.2_NUC_13,r.A,f.hydrogen,2047,86.2900028427448
b.2_NUC_13,r.A,f.hydrogen,2048,89.9171956821211
b.2_NUC_13,r.A,f.hydrogen,2049,93.71444380088663
b.2_NUC_13,r.A,f.hydrogen,2050,97.69414921843739
b.2_NUC_13,r.A,f.hydrogen,1990,0.0
b.2_NUC_13,r.A,f.hydrogen,1991,0.0005209641537191862
b.2_NUC_13,r.A,f.hydrogen,1992,0.0010419283074383724
b.2_NUC_13,r.A,f.hydrogen,1993,0.0015628924611575587
b.2_NUC_13,r.A,f.hydrogen,1994,0.002083856614876745
b.2_NUC_13,r.A,f.hydrogen,1995,0.002604820768595931
b.2_NUC_13,r.A,f.hydrogen,1996,0.003125784922315117
b.2_NUC_13,r.A,f.hydrogen,1997,0.0036467490760343033
b.2_NUC_13,r.A,f.hydrogen,1998,0.00416771322975349
b.2_NUC_13,r.A,f.hydrogen,1999,0.004688677383472676
b.2_NUC_13,r.A,f.hydrogen,2000,0.005209641537191863
b.2_NUC_13,r.A,f.hydrogen,2001,0.0057306056909110495
b.2_NUC_13,r.A,f.hydrogen,2002,0.006251569844630236
b.2_NUC_13,r.A,f.hydrogen,2003,0.006772533998349422
b.2_NUC_13,r.A,f.hydrogen,2004,0.007293498152068609
b.2_NUC_13,r.A,f.hydrogen,2005,0.007814462305787796
b.2_NUC_13,r.A,f.hydrogen,2006,0.008335426459506981
b.2_NUC_13,r.A,f.hydrogen,2007,0.008856390613226168
b.2_NUC_13,r.A,f.hydrogen,2008,0.009377354766945354
b.2_NUC_13,r.A,f.hydrogen,2009,0.00989831892066454
b.2_NUC_13,r.A,f.hydrogen,2010,0.010419283074383728
b.2_NUC_13,r.A,f.hydrogen,2011,0.010940247228102913
b.2_NUC_13,r.A,f.hydrogen,2012,0.0114612113818221
b.2_NUC_13,r.A,f.hydrogen,2013,0.011982175535541288
b.2_NUC_13,r.A,f.hydrogen,2014,0.012503139689260473
b.2_NUC_13,r.A,f.hydrogen,2015,0.01302410384297966
b.2_NUC_13,r.A,f.hydrogen,2016,0.013545067996698846
b.2_NUC_13,r.A,f.hydrogen,2017,0.014066032150418033
b.2_NUC_13,r.A,f.hydrogen,2018,0.01458699630413722
b.2_NUC_13,r.A,f.hydrogen,2019,0.015107960457856406
b.2_NUC_13,r.A,f.hydrogen,2020,0.016149888765294773
b.2_NUC_13,r.A,f.hydrogen,2051,97.6941492184374
b.2_NUC_13,r.A,f.hydrogen,2052,97.6941492184374
b.2_NUC_13,r.A,f.hydrogen,2053,97.6941492184374
b.2_NUC_13,r.A,f.hydrogen,2054,97.6941492184374
b.2_NUC_13,r.A,f.hydrogen,2055,97.6941492184374
b.2_NUC_13,r.A,f.hydrogen,2056,97.6941492184374
b.2_NUC_13,r.A,f.hydrogen,2057,97.6941492184374
b.2_NUC_13,r.A,f.hydrogen,2058,97.6941492184374
b.2_NUC_13,r.A,f.hydrogen,2059,97.6941492184374
b.2_NUC_13,r.A,f.hydrogen,2060,97.6941492184374
b.2_NUC_13,r.A,f.hydrogen,2061,97.6941492184374
b.2_NUC_13,r.A,f.hydrogen,2062,97.6941492184374
b.2_NUC_13,r.A,f.hydrogen,2063,97.6941492184374
b.2_NUC_13,r.A,f.hydrogen,2064,97.6941492184374
b.2_NUC_13,r.A,f.hydrogen,2065,97.6941492184374
b.2_NUC_13,r.A,f.hydrogen,2066,97.6941492184374
b.2_NUC_13,r.A,f.hydrogen,2067,97.6941492184374
b.2_NUC_13,r.A,f.hydrogen,2068,97.6941492184374
b.2_NUC_13,r.A,f.hydrogen,2069,97.6941492184374
b.2_NUC_13,r.A,f.hydrogen,2070,97.6941492184374
b.2_NUC_13,r.A,f.blended_gas,2021,0.0
b.2_NUC_13,r.A,f.blended_gas,2022,0.0
b.2_NUC_13,r.A,f.blended_gas,2023,0.0
b.2_NUC_13,r.A,f.blended_gas,2024,0.0
b.2_NUC_13,r.A,f.blended_gas,2025,0.09973755434626128
b.2_NUC_13,r.A,f.blended_gas,2026,0.860954653569464
b.2_NUC_13,r.A,f.blended_gas,2027,1.6221717527926662
b.2_NUC_13,r.A,f.blended_gas,2028,2.383388852015869
b.2_NUC_13,r.A,f.blended_gas,2029,3.1446059512390714
b.2_NUC_13,r.A,f.blended_gas,2030,7.705986603645463
b.2_NUC_13,r.A,f.blended_gas,2031,10.626667040601601
b.2_NUC_13,r.A,f.blended_gas,2032,14.479444143060412
b.2_NUC_13,r.A,f.blended_gas,2033,19.590287595204636
b.2_NUC_13,r.A,f.blended_gas,2034,25.464247315590338
b.2_NUC_13,r.A,f.blended_gas,2035,33.02258229627417
b.2_NUC_13,r.A,f.blended_gas,2036,39.61008218783271
b.2_NUC_13,r.A,f.blended_gas,2037,43.67109040661599
b.2_NUC_13,r.A,f.blended_gas,2038,48.113199447277594
b.2_NUC_13,r.A,f.blended_gas,2039,52.05678521338055
b.2_NUC_13,r.A,f.blended_gas,2040,56.29631082180382
b.2_NUC_13,r.A,f.blended_gas,2041,59.24982903911429
b.2_NUC_13,r.A,f.blended_gas,2042,62.33989343491232
b.2_NUC_13,r.A,f.blended_gas,2043,65.57346834488447
b.2_NUC_13,r.A,f.blended_gas,2044,68.95788002417791
b.2_NUC_13,r.A,f.blended_gas,2045,71.19970334845902
b.2_NUC_13,r.A,f.blended_gas,2046,73.50409006482408
b.2_NUC_13,r.A,f.blended_gas,2047,75.87319794427131
b.2_NUC_13,r.A,f.blended_gas,2048,78.30927757785214
b.2_NUC_13,r.A,f.blended_gas,2049,80.8146779699657
b.2_NUC_13,r.A,f.blended_gas,2050,83.39185258032045
b.2_NUC_13,r.A,f.blended_gas,1990,0.0
b.2_NUC_13,r.A,f.blended_gas,1991,0.0
b.2_NUC_13,r.A,f.blended_gas,1992,0.0
b.2_NUC_13,r.A,f.blended_gas,1993,0.0
b.2_NUC_13,r.A,f.blended_gas,1994,0.0
b.2_NUC_13,r.A,f.blended_gas,1995,0.0
b.2_NUC_13,r.A,f.blended_gas,1996,0.0
b.2_NUC_13,r.A,f.blended_gas,1997,0.0
b.2_NUC_13,r.A,f.blended_gas,1998,0.0
b.2_NUC_13,r.A,f.blended_gas,1999,0.0
b.2_NUC_13,r.A,f.blended_gas,2000,0.0
b.2_NUC_13,r.A,f.blended_gas,2001,0.0
b.2_NUC_13,r.A,f.blended_gas,2002,0.0
b.2_NUC_13,r.A,f.blended_gas,2003,0.0
b.2_NUC_13,r.A,f.blended_gas,2004,0.0
b.2_NUC_13,r.A,f.blended_gas,2005,0.0
b.2_NUC_13,r.A,f.blended_gas,2006,0.0
b.2_NUC_13,r.A,f.blended_gas,2007,0.0
b.2_NUC_13,r.A,f.blended_gas,2008,0.0
b.2_NUC_13,r.A,f.blended_gas,2009,0.0
b.2_NUC_13,r.A,f.blended_gas,2010,0.0
b.2_NUC_13,r.A,f.blended_gas,2011,0.0
b.2_NUC_13,r.A,f.blended_gas,2012,0.0
b.2_NUC_13,r.A,f.blended_gas,2013,0.0
b.2_NUC_13,r.A,f.blended_gas,2014,0.0
b.2_NUC_13,r.A,f.blended_gas,2015,0.0
b.2_NUC_13,r.A,f.blended_gas,2016,0.0
b.2_NUC_13,r.A,f.blended_gas,2017,0.0
b.2_NUC_13,r.A,f.blended_gas,2018,0.0
b.2_NUC_13,r.A,f.blended_gas,2019,0.0
b.2_NUC_13,r.A,f.blended_gas,2020,0.0
b.2_NUC_13,r.A,f.blended_gas,2051,83.39185258032045
b.2_NUC_13,r.A,f.blended_gas,2052,83.39185258032045
b.2_NUC_13,r.A,f.blended_gas,2053,83.39185258032045
b.2_NUC_13,r.A,f.blended_gas,2054,83.39185258032045
b.2_NUC_13,r.A,f.blended_gas,2055,83.39185258032045
b.2_NUC_13,r.A,f.blended_gas,2056,83.39185258032045
b.2_NUC_13,r.A,f.blended_gas,2057,83.39185258032045
b.2_NUC_13,r.A,f.blended_gas,2058,83.39185258032045
b.2_NUC_13,r.A,f.blended_gas,2059,83.39185258032045
b.2_NUC_13,r.A,f.blended_gas,2060,83.39185258032045
b.2_NUC_13,r.A,f.blended_gas,2061,83.39185258032045
b.2_NUC_13,r.A,f.blended_gas,2062,83.39185258032045
b.2_NUC_13,r.A,f.blended_gas,2063,83.39185258032045
b.2_NUC_13,r.A,f.blended_gas,2064,83.39185258032045
b.2_NUC_13,r.A,f.blended_gas,2065,83.39185258032045
b.2_NUC_13,r.A,f.blended_gas,2066,83.39185258032045
b.2_NUC_13,r.A,f.blended_gas,2067,83.39185258032045
b.2_NUC_13,r.A,f.blended_gas,2068,83.39185258032045
b.2_NUC_13,r.A,f.blended_gas,2069,83.39185258032045
b.2_NUC_13,r.A,f.blended_gas,2070,83.39185258032045
d.2_NZE-NUC_13,r.A,f.coal_extract,2021,450.34566484134035
d.2_NZE-NUC_13,r.A,f.coal_extract,2022,429.707939245563
d.2_NZE-NUC_13,r.A,f.coal_extract,2023,400.2413657332212
d.2_NZE-NUC_13,r.A,f.coal_extract,2024,359.51982279929086
d.2_NZE-NUC_13,r.A,f.coal_extract,2025,337.7270920743956
d.2_NZE-NUC_13,r.A,f.coal_extract,2026,322.0734355794576
d.2_NZE-NUC_13,r.A,f.coal_extract,2027,306.4197790845197
d.2_NZE-NUC_13,r.A,f.coal_extract,2028,290.7661225895817
d.2_NZE-NUC_13,r.A,f.coal_extract,2029,275.1124660946437
d.2_NZE-NUC_13,r.A,f.coal_extract,2030,259.45880959970566
d.2_NZE-NUC_13,r.A,f.coal_extract,2031,250.9825051509411
d.2_NZE-NUC_13,r.A,f.coal_extract,2032,242.5062007021765
d.2_NZE-NUC_13,r.A,f.coal_extract,2033,234.02989625341198
d.2_NZE-NUC_13,r.A,f.coal_extract,2034,225.55359180464737
d.2_NZE-NUC_13,r.A,f.coal_extract,2035,217.07728735588285
d.2_NZE-NUC_13,r.A,f.coal_extract,2036,208.6009829071183
d.2_NZE-NUC_13,r.A,f.coal_extract,2037,200.12467845835374
d.2_NZE-NUC_13,r.A,f.coal_extract,2038,191.6483740095892
d.2_NZE-NUC_13,r.A,f.coal_extract,2039,183.17206956082467
d.2_NZE-NUC_13,r.A,f.coal_extract,2040,174.6957651120601
d.2_NZE-NUC_13,r.A,f.coal_extract,2041,156.03960078081488
d.2_NZE-NUC_13,r.A,f.coal_extract,2042,139.4124531030334
d.2_NZE-NUC_13,r.A,f.coal_extract,2043,124.58544737407055
d.2_NZE-NUC_13,r.A,f.coal_extract,2044,111.3561254703223
d.2_NZE-NUC_13,r.A,f.coal_extract,2045,99.54532767317123
d.2_NZE-NUC_13,r.A,f.coal_extract,2046,88.99445129227108
d.2_NZE-NUC_13,r.A,f.coal_extract,2047,79.56303936975658
d.2_NZE-NUC_13,r.A,f.coal_extract,2048,71.12665870848221
d.2_NZE-NUC_13,r.A,f.coal_extract,2049,63.57503164352833
d.2_NZE-NUC_13,r.A,f.coal_extract,2050,56.81039047405039
d.2_NZE-NUC_13,r.A,f.coal_extract,1990,171.6143472240554
d.2_NZE-NUC_13,r.A,f.coal_extract,1991,170.49027250331096
d.2_NZE-NUC_13,r.A,f.coal_extract,1992,180.04820062724878
d.2_NZE-NUC_13,r.A,f.coal_extract,1993,171.688637570283
d.2_NZE-NUC_13,r.A,f.coal_extract,1994,162.7861891242573
d.2_NZE-NUC_13,r.A,f.coal_extract,1995,173.13725988352985
d.2_NZE-NUC_13,r.A,f.coal_extract,1996,182.04866475839
d.2_NZE-NUC_13,r.A,f.coal_extract,1997,188.58571618237238
d.2_NZE-NUC_13,r.A,f.coal_extract,1998,202.71374535231803
d.2_NZE-NUC_13,r.A,f.coal_extract,1999,201.92030595195214
d.2_NZE-NUC_13,r.A,f.coal_extract,2000,207.60711597250733
d.2_NZE-NUC_13,r.A,f.coal_extract,2001,236.9861742547459
d.2_NZE-NUC_13,r.A,f.coal_extract,2002,234.59722142996736
d.2_NZE-NUC_13,r.A,f.coal_extract,2003,234.57201293600386
d.2_NZE-NUC_13,r.A,f.coal_extract,2004,250.264702104267
d.2_NZE-NUC_13,r.A,f.coal_extract,2005,225.3368781013804
d.2_NZE-NUC_13,r.A,f.coal_extract,2006,206.4509352217863
d.2_NZE-NUC_13,r.A,f.coal_extract,2007,190.99517181492638
d.2_NZE-NUC_13,r.A,f.coal_extract,2008,188.52933048686694
d.2_NZE-NUC_13,r.A,f.coal_extract,2009,154.58091033123503
d.2_NZE-NUC_13,r.A,f.coal_extract,2010,175.70968698313362
d.2_NZE-NUC_13,r.A,f.coal_extract,2011,184.2753318151052
d.2_NZE-NUC_13,r.A,f.coal_extract,2012,188.8703182284305
d.2_NZE-NUC_13,r.A,f.coal_extract,2013,156.3991218815843
d.2_NZE-NUC_13,r.A,f.coal_extract,2014,148.434507246585
d.2_NZE-NUC_13,r.A,f.coal_extract,2015,144.14181489638165
d.2_NZE-NUC_13,r.A,f.coal_extract,2016,125.27756337277806
d.2_NZE-NUC_13,r.A,f.coal_extract,2017,111.40528259239241
d.2_NZE-NUC_13,r.A,f.coal_extract,2018,101.74305659969099
d.2_NZE-NUC_13,r.A,f.coal_extract,2019,76.1921375805484
d.2_NZE-NUC_13,r.A,f.coal_extract,2020,62.34899299999972
d.2_NZE-NUC_13,r.A,f.coal_extract,2051,56.81039047405039
d.2_NZE-NUC_13,r.A,f.coal_extract,2052,56.81039047405039
d.2_NZE-NUC_13,r.A,f.coal_extract,2053,56.81039047405039
d.2_NZE-NUC_13,r.A,f.coal_extract,2054,56.81039047405039
d.2_NZE-NUC_13,r.A,f.coal_extract,2055,56.81039047405039
d.2_NZE-NUC_13,r.A,f.coal_extract,2056,56.81039047405039
d.2_NZE-NUC_13,r.A,f.coal_extract,2057,56.81039047405039
d.2_NZE-NUC_13,r.A,f.coal_extract,2058,56.81039047405039
d.2_NZE-NUC_13,r.A,f.coal_extract,2059,56.81039047405039
d.2_NZE-NUC_13,r.A,f.coal_extract,2060,56.81039047405039
d.2_NZE-NUC_13,r.A,f.coal_extract,2061,56.81039047405039
d.2_NZE-NUC_13,r.A,f.coal_extract,2062,56.81039047405039
d.2_NZE-NUC_13,r.A,f.coal_extract,2063,56.81039047405039
d.2_NZE-NUC_13,r.A,f.coal_extract,2064,56.81039047405039
d.2_NZE-NUC_13,r.A,f.coal_extract,2065,56.81039047405039
d.2_NZE-NUC_13,r.A,f.coal_extract,2066,56.81039047405039
d.2_NZE-NUC_13,r.A,f.coal_extract,2067,56.81039047405039
d.2_NZE-NUC_13,r.A,f.coal_extract,2068,56.81039047405039
d.2_NZE-NUC_13,r.A,f.coal_extract,2069,56.81039047405039
d.2_NZE-NUC_13,r.A,f.coal_extract,2070,56.81039047405039
d.2_NZE-NUC_13,r.A,f.oil_extract,2021,686.5614881027544
d.2_NZE-NUC_13,r.A,f.oil_extract,2022,619.5866749085084
d.2_NZE-NUC_13,r.A,f.oil_extract,2023,586.4646425335519
d.2_NZE-NUC_13,r.A,f.oil_extract,2024,546.929820274027
d.2_NZE-NUC_13,r.A,f.oil_extract,2025,519.1247680044844
d.2_NZE-NUC_13,r.A,f.oil_extract,2026,495.0744368732943
d.2_NZE-NUC_13,r.A,f.oil_extract,2027,471.0241057421042
d.2_NZE-NUC_13,r.A,f.oil_extract,2028,446.9737746109142
d.2_NZE-NUC_13,r.A,f.oil_extract,2029,422.9234434797239
d.2_NZE-NUC_13,r.A,f.oil_extract,2030,398.87311234853354
d.2_NZE-NUC_13,r.A,f.oil_extract,2031,386.08913199128335
d.2_NZE-NUC_13,r.A,f.oil_extract,2032,373.3051516340331
d.2_NZE-NUC_13,r.A,f.oil_extract,2033,360.5211712767829
d.2_NZE-NUC_13,r.A,f.oil_extract,2034,347.73719091953257
d.2_NZE-NUC_13,r.A,f.oil_extract,2035,334.9532105622824
d.2_NZE-NUC_13,r.A,f.oil_extract,2036,322.16923020503214
d.2_NZE-NUC_13,r.A,f.oil_extract,2037,309.3852498477819
d.2_NZE-NUC_13,r.A,f.oil_extract,2038,296.6012694905316
d.2_NZE-NUC_13,r.A,f.oil_extract,2039,283.8172891332814
d.2_NZE-NUC_13,r.A,f.oil_extract,2040,271.03330877603105
d.2_NZE-NUC_13,r.A,f.oil_extract,2041,242.4218332052527
d.2_NZE-NUC_13,r.A,f.oil_extract,2042,216.87506848702833
d.2_NZE-NUC_13,r.A,f.oil_extract,2043,194.05452459971292
d.2_NZE-NUC_13,r.A,f.oil_extract,2044,173.65964215422878
d.2_NZE-NUC_13,r.A,f.oil_extract,2045,155.42349487161576
d.2_NZE-NUC_13,r.A,f.oil_extract,2046,139.1089830597867
d.2_NZE-NUC_13,r.A,f.oil_extract,2047,124.50546163360382
d.2_NZE-NUC_13,r.A,f.oil_extract,2048,111.42575274542112
d.2_NZE-NUC_13,r.A,f.oil_extract,2049,99.7034988597666
d.2_NZE-NUC_13,r.A,f.oil_extract,2050,89.19081720385375
d.2_NZE-NUC_13,r.A,f.oil_extract,1990,1473.3572557792936
d.2_NZE-NUC_13,r.A,f.oil_extract,1991,1462.8565408957024
d.2_NZE-NUC_13,r.A,f.oil_extract,1992,1499.7118048053185
d.2_NZE-NUC_13,r.A,f.oil_extract,1993,1492.3072180230592
d.2_NZE-NUC_13,r.A,f.oil_extract,1994,1469.915188502483
d.2_NZE-NUC_13,r.A,f.oil_extract,1995,1460.4433112171735
d.2_NZE-NUC_13,r.A,f.oil_extract,1996,1433.2320314040437
d.2_NZE-NUC_13,r.A,f.oil_extract,1997,1497.2139644124898
d.2_NZE-NUC_13,r.A,f.oil_extract,1998,1485.006896802868
d.2_NZE-NUC_13,r.A,f.oil_extract,1999,1393.7114376234858
d.2_NZE-NUC_13,r.A,f.oil_extract,2000,1391.9270456011125
d.2_NZE-NUC_13,r.A,f.oil_extract,2001,1402.6751716394033
d.2_NZE-NUC_13,r.A,f.oil_extract,2002,1414.29029570593
d.2_NZE-NUC_13,r.A,f.oil_extract,2003,1413.4302454566114
d.2_NZE-NUC_13,r.A,f.oil_extract,2004,1402.195406795763
d.2_NZE-NUC_13,r.A,f.oil_extract,2005,1443.327040119367
d.2_NZE-NUC_13,r.A,f.oil_extract,2006,1440.1919778695826
d.2_NZE-NUC_13,r.A,f.oil_extract,2007,1518.0760328472347
d.2_NZE-NUC_13,r.A,f.oil_extract,2008,1466.9716758299571
d.2_NZE-NUC_13,r.A,f.oil_extract,2009,1390.384414813209
d.2_NZE-NUC_13,r.A,f.oil_extract,2010,1487.3840505782466
d.2_NZE-NUC_13,r.A,f.oil_extract,2011,1447.2953397461547
d.2_NZE-NUC_13,r.A,f.oil_extract,2012,1404.9576422185212
d.2_NZE-NUC_13,r.A,f.oil_extract,2013,1260.0212298730273
d.2_NZE-NUC_13,r.A,f.oil_extract,2014,1229.8142704108834
d.2_NZE-NUC_13,r.A,f.oil_extract,2015,1377.6369030681929
d.2_NZE-NUC_13,r.A,f.oil_extract,2016,1365.2963206247236
d.2_NZE-NUC_13,r.A,f.oil_extract,2017,1369.115376749994
d.2_NZE-NUC_13,r.A,f.oil_extract,2018,1245.2892668740355
d.2_NZE-NUC_13,r.A,f.oil_extract,2019,1027.0157790843268
d.2_NZE-NUC_13,r.A,f.oil_extract,2020,871.2606693912655
d.2_NZE-NUC_13,r.A,f.oil_extract,2051,89.19081720385375
d.2_NZE-NUC_13,r.A,f.oil_extract,2052,89.19081720385375
d.2_NZE-NUC_13,r.A,f.oil_extract,2053,89.19081720385375
d.2_NZE-NUC_13,r.A,f.oil_extract,2054,89.19081720385375
d.2_NZE-NUC_13,r.A,f.oil_extract,2055,89.19081720385375
d.2_NZE-NUC_13,r.A,f.oil_extract,2056,89.19081720385375
d.2_NZE-NUC_13,r.A,f.oil_extract,2057,89.19081720385377
d.2_NZE-NUC_13,r.A,f.oil_extract,2058,89.19081720385375
d.2_NZE-NUC_13,r.A,f.oil_extract,2059,89.19081720385375
d.2_NZE-NUC_13,r.A,f.oil_extract,2060,89.19081720385375
d.2_NZE-NUC_13,r.A,f.oil_extract,2061,89.19081720385375
d.2_NZE-NUC_13,r.A,f.oil_extract,2062,89.19081720385375
d.2_NZE-NUC_13,r.A,f.oil_extract,2063,89.19081720385375
d.2_NZE-NUC_13,r.A,f.oil_extract,2064,89.19081720385377
d.2_NZE-NUC_13,r.A,f.oil_extract,2065,89.19081720385375
d.2_NZE-NUC_13,r.A,f.oil_extract,2066,89.19081720385377
d.2_NZE-NUC_13,r.A,f.oil_extract,2067,89.19081720385375
d.2_NZE-NUC_13,r.A,f.oil_extract,2068,89.19081720385375
d.2_NZE-NUC_13,r.A,f.oil_extract,2069,89.19081720385375
d.2_NZE-NUC_13,r.A,f.oil_extract,2070,89.19081720385375
d.2_NZE-NUC_13,r.A,f.natgas_extract,2021,765.2500949771961
d.2_NZE-NUC_13,r.A,f.natgas_extract,2022,745.3973190699294
d.2_NZE-NUC_13,r.A,f.natgas_extract,2023,723.5825917314721
d.2_NZE-NUC_13,r.A,f.natgas_extract,2024,701.7379477421955
d.2_NZE-NUC_13,r.A,f.natgas_extract,2025,680.0390465659256
d.2_NZE-NUC_13,r.A,f.natgas_extract,2026,660.134754719067
d.2_NZE-NUC_13,r.A,f.natgas_extract,2027,646.8396929205568
d.2_NZE-NUC_13,r.A,f.natgas_extract,2028,627.5036145294047
d.2_NZE-NUC_13,r.A,f.natgas_extract,2029,610.5699280732473
d.2_NZE-NUC_13,r.A,f.natgas_extract,2030,623.1868799568545
d.2_NZE-NUC_13,r.A,f.natgas_extract,2031,557.9851937548182
d.2_NZE-NUC_13,r.A,f.natgas_extract,2032,514.3021968194388
d.2_NZE-NUC_13,r.A,f.natgas_extract,2033,455.9945755606196
d.2_NZE-NUC_13,r.A,f.natgas_extract,2034,419.21963168815034
d.2_NZE-NUC_13,r.A,f.natgas_extract,2035,383.4114242993504
d.2_NZE-NUC_13,r.A,f.natgas_extract,2036,353.17630452908014
d.2_NZE-NUC_13,r.A,f.natgas_extract,2037,325.64668487272155
d.2_NZE-NUC_13,r.A,f.natgas_extract,2038,305.842772072411
d.2_NZE-NUC_13,r.A,f.natgas_extract,2039,283.0441915084021
d.2_NZE-NUC_13,r.A,f.natgas_extract,2040,264.0523048993018
d.2_NZE-NUC_13,r.A,f.natgas_extract,2041,238.3160014190113
d.2_NZE-NUC_13,r.A,f.natgas_extract,2042,217.5309575169246
d.2_NZE-NUC_13,r.A,f.natgas_extract,2043,200.86899486904423
d.2_NZE-NUC_13,r.A,f.natgas_extract,2044,183.5562161568588
d.2_NZE-NUC_13,r.A,f.natgas_extract,2045,158.4861461228742
d.2_NZE-NUC_13,r.A,f.natgas_extract,2046,142.75774188140556
d.2_NZE-NUC_13,r.A,f.natgas_extract,2047,127.13483710910977
d.2_NZE-NUC_13,r.A,f.natgas_extract,2048,112.27204275792172
d.2_NZE-NUC_13,r.A,f.natgas_extract,2049,98.27516904490956
d.2_NZE-NUC_13,r.A,f.natgas_extract,2050,90.80548867609279
d.2_NZE-NUC_13,r.A,f.natgas_extract,1990,453.72812335126616
d.2_NZE-NUC_13,r.A,f.natgas_extract,1991,496.938219624901
d.2_NZE-NUC_13,r.A,f.natgas_extract,1992,472.09790310150277
d.2_NZE-NUC_13,r.A,f.natgas_extract,1993,484.9477654464167
d.2_NZE-NUC_13,r.A,f.natgas_extract,1994,478.83982290225504
d.2_NZE-NUC_13,r.A,f.natgas_extract,1995,519.2837389369861
d.2_NZE-NUC_13,r.A,f.natgas_extract,1996,536.9808600421252
d.2_NZE-NUC_13,r.A,f.natgas_extract,1997,551.5587471348737
d.2_NZE-NUC_13,r.A,f.natgas_extract,1998,595.5275737358993
d.2_NZE-NUC_13,r.A,f.natgas_extract,1999,645.9228386679068
d.2_NZE-NUC_13,r.A,f.natgas_extract,2000,674.0302535953793
d.2_NZE-NUC_13,r.A,f.natgas_extract,2001,677.6251769203393
d.2_NZE-NUC_13,r.A,f.natgas_extract,2002,674.4608292268675
d.2_NZE-NUC_13,r.A,f.natgas_extract,2003,744.9135150694161
d.2_NZE-NUC_13,r.A,f.natgas_extract,2004,771.8010097390879
d.2_NZE-NUC_13,r.A,f.natgas_extract,2005,826.8060970837673
d.2_NZE-NUC_13,r.A,f.natgas_extract,2006,809.7016954217438
d.2_NZE-NUC_13,r.A,f.natgas_extract,2007,810.7031750277314
d.2_NZE-NUC_13,r.A,f.natgas_extract,2008,813.6735232071612
d.2_NZE-NUC_13,r.A,f.natgas_extract,2009,747.1464373008585
d.2_NZE-NUC_13,r.A,f.natgas_extract,2010,795.4601226757268
d.2_NZE-NUC_13,r.A,f.natgas_extract,2011,747.8175270768692
d.2_NZE-NUC_13,r.A,f.natgas_extract,2012,717.2908041253089
d.2_NZE-NUC_13,r.A,f.natgas_extract,2013,671.4144122485008
d.2_NZE-NUC_13,r.A,f.natgas_extract,2014,631.6804225486057
d.2_NZE-NUC_13,r.A,f.natgas_extract,2015,648.7577393515162
d.2_NZE-NUC_13,r.A,f.natgas_extract,2016,681.5738667502068
d.2_NZE-NUC_13,r.A,f.natgas_extract,2017,719.4246591046726
d.2_NZE-NUC_13,r.A,f.natgas_extract,2018,695.68384218082
d.2_NZE-NUC_13,r.A,f.natgas_extract,2019,712.1297884440547
d.2_NZE-NUC_13,r.A,f.natgas_extract,2020,682.820893988585
d.2_NZE-NUC_13,r.A,f.natgas_extract,2051,79.94810571042947
d.2_NZE-NUC_13,r.A,f.natgas_extract,2052,76.369974296769
d.2_NZE-NUC_13,r.A,f.natgas_extract,2053,75.03440704642202
d.2_NZE-NUC_13,r.A,f.natgas_extract,2054,74.40812375318927
d.2_NZE-NUC_13,r.A,f.natgas_extract,2055,72.50670696821759
d.2_NZE-NUC_13,r.A,f.natgas_extract,2056,69.05598761771343
d.2_NZE-NUC_13,r.A,f.natgas_extract,2057,68.21091349105934
d.2_NZE-NUC_13,r.A,f.natgas_extract,2058,68.21091349105934
d.2_NZE-NUC_13,r.A,f.natgas_extract,2059,68.21091349105934
d.2_NZE-NUC_13,r.A,f.natgas_extract,2060,68.21091349105934
d.2_NZE-NUC_13,r.A,f.natgas_extract,2061,68.21091349105934
d.2_NZE-NUC_13,r.A,f.natgas_extract,2062,68.21091349105934
d.2_NZE-NUC_13,r.A,f.natgas_extract,2063,68.21091349105934
d.2_NZE-NUC_13,r.A,f.natgas_extract,2064,68.21091349105934
d.2_NZE-NUC_13,r.A,f.natgas_extract,2065,68.21091349105934
d.2_NZE-NUC_13,r.A,f.natgas_extract,2066,68.21091349105934
d.2_NZE-NUC_13,r.A,f.natgas_extract,2067,68.21091349105934
d.2_NZE-NUC_13,r.A,f.natgas_extract,2068,68.21091349105934
d.2_NZE-NUC_13,r.A,f.natgas_extract,2069,68.21091349105934
d.2_NZE-NUC_13,r.A,f.natgas_extract,2070,68.21091349105934
d.2_NZE-NUC_13,r.A,f.biomass,2021,304.6686536197514
d.2_NZE-NUC_13,r.A,f.biomass,2022,316.8438822027581
d.2_NZE-NUC_13,r.A,f.biomass,2023,280.46411929125304
d.2_NZE-NUC_13,r.A,f.biomass,2024,281.9607687228316
d.2_NZE-NUC_13,r.A,f.biomass,2025,288.31308472582583
d.2_NZE-NUC_13,r.A,f.biomass,2026,285.9281861866709
d.2_NZE-NUC_13,r.A,f.biomass,2027,283.7655142768452
d.2_NZE-NUC_13,r.A,f.biomass,2028,275.53188665825945
d.2_NZE-NUC_13,r.A,f.biomass,2029,276.9948448438872
d.2_NZE-NUC_13,r.A,f.biomass,2030,288.52204360162636
d.2_NZE-NUC_13,r.A,f.biomass,2031,326.82509153452787
d.2_NZE-NUC_13,r.A,f.biomass,2032,334.71938283527027
d.2_NZE-NUC_13,r.A,f.biomass,2033,332.255880725841
d.2_NZE-NUC_13,r.A,f.biomass,2034,341.6396773847824
d.2_NZE-NUC_13,r.A,f.biomass,2035,351.4786214611919
d.2_NZE-NUC_13,r.A,f.biomass,2036,353.6271588978862
d.2_NZE-NUC_13,r.A,f.biomass,2037,360.8068962294872
d.2_NZE-NUC_13,r.A,f.biomass,2038,369.79962315140915
d.2_NZE-NUC_13,r.A,f.biomass,2039,377.8631696110737
d.2_NZE-NUC_13,r.A,f.biomass,2040,386.22020496965916
d.2_NZE-NUC_13,r.A,f.biomass,2041,391.29714745346473
d.2_NZE-NUC_13,r.A,f.biomass,2042,391.1704006575865
d.2_NZE-NUC_13,r.A,f.biomass,2043,382.5687395638131
d.2_NZE-NUC_13,r.A,f.biomass,2044,385.68741754565264
d.2_NZE-NUC_13,r.A,f.biomass,2045,384.7760045949464
d.2_NZE-NUC_13,r.A,f.biomass,2046,389.83172577260876
d.2_NZE-NUC_13,r.A,f.biomass,2047,395.7111710788061
d.2_NZE-NUC_13,r.A,f.biomass,2048,401.75931484271706
d.2_NZE-NUC_13,r.A,f.biomass,2049,407.9785638254373
d.2_NZE-NUC_13,r.A,f.biomass,2050,417.8317381898153
d.2_NZE-NUC_13,r.A,f.biomass,1990,14.742357868143106
d.2_NZE-NUC_13,r.A,f.biomass,1991,20.920396959162066
d.2_NZE-NUC_13,r.A,f.biomass,1992,24.520041111943744
d.2_NZE-NUC_13,r.A,f.biomass,1993,23.573471607949994
d.2_NZE-NUC_13,r.A,f.biomass,1994,28.421418607487375
d.2_NZE-NUC_13,r.A,f.biomass,1995,27.965446579842773
d.2_NZE-NUC_13,r.A,f.biomass,1996,27.05191913525375
d.2_NZE-NUC_13,r.A,f.biomass,1997,30.330874126077063
d.2_NZE-NUC_13,r.A,f.biomass,1998,30.72760338165841
d.2_NZE-NUC_13,r.A,f.biomass,1999,36.014425449749545
d.2_NZE-NUC_13,r.A,f.biomass,2000,40.729448921220055
d.2_NZE-NUC_13,r.A,f.biomass,2001,38.04471516272775
d.2_NZE-NUC_13,r.A,f.biomass,2002,55.750336658154836
d.2_NZE-NUC_13,r.A,f.biomass,2003,83.91408762453467
d.2_NZE-NUC_13,r.A,f.biomass,2004,76.54820120987729
d.2_NZE-NUC_13,r.A,f.biomass,2005,109.17699934367128
d.2_NZE-NUC_13,r.A,f.biomass,2006,132.57114107595666
d.2_NZE-NUC_13,r.A,f.biomass,2007,160.96605630099106
d.2_NZE-NUC_13,r.A,f.biomass,2008,204.1254958353999
d.2_NZE-NUC_13,r.A,f.biomass,2009,211.15386193530762
d.2_NZE-NUC_13,r.A,f.biomass,2010,208.41491372716573
d.2_NZE-NUC_13,r.A,f.biomass,2011,162.18908726070882
d.2_NZE-NUC_13,r.A,f.biomass,2012,219.91138784109611
d.2_NZE-NUC_13,r.A,f.biomass,2013,222.2850484433265
d.2_NZE-NUC_13,r.A,f.biomass,2014,200.89236410496463
d.2_NZE-NUC_13,r.A,f.biomass,2015,215.60634107784742
d.2_NZE-NUC_13,r.A,f.biomass,2016,210.42210116004438
d.2_NZE-NUC_13,r.A,f.biomass,2017,226.26423132591268
d.2_NZE-NUC_13,r.A,f.biomass,2018,219.4944156880954
d.2_NZE-NUC_13,r.A,f.biomass,2019,280.95936185382646
d.2_NZE-NUC_13,r.A,f.biomass,2020,249.54968380144902
d.2_NZE-NUC_13,r.A,f.biomass,2051,414.3719621792635
d.2_NZE-NUC_13,r.A,f.biomass,2052,414.18557693963777
d.2_NZE-NUC_13,r.A,f.biomass,2053,413.06726550188364
d.2_NZE-NUC_13,r.A,f.biomass,2054,408.0348640319899
d.2_NZE-NUC_13,r.A,f.biomass,2055,397.0381348940741
d.2_NZE-NUC_13,r.A,f.biomass,2056,395.91982345632005
d.2_NZE-NUC_13,r.A,f.biomass,2057,395.91982345632005
d.2_NZE-NUC_13,r.A,f.biomass,2058,395.91982345632005
d.2_NZE-NUC_13,r.A,f.biomass,2059,395.91982345632005
d.2_NZE-NUC_13,r.A,f.biomass,2060,395.91982345632005
d.2_NZE-NUC_13,r.A,f.biomass,2061,395.91982345632005
d.2_NZE-NUC_13,r.A,f.biomass,2062,395.91982345632
d.2_NZE-NUC_13,r.A,f.biomass,2063,395.91982345632005
d.2_NZE-NUC_13,r.A,f.biomass,2064,395.91982345632005
d.2_NZE-NUC_13,r.A,f.biomass,2065,395.91982345632
d.2_NZE-NUC_13,r.A,f.biomass,2066,395.91982345632005
d.2_NZE-NUC_13,r.A,f.biomass,2067,395.91982345632005
d.2_NZE-NUC_13,r.A,f.biomass,2068,395.91982345632005
d.2_NZE-NUC_13,r.A,f.biomass,2069,395.91982345632005
d.2_NZE-NUC_13,r.A,f.biomass,2070,395.91982345632005
d.2_NZE-NUC_13,r.A,f.coal,2021,347.4926175636563
d.2_NZE-NUC_13,r.A,f.coal,2022,333.50018689054787
d.2_NZE-NUC_13,r.A,f.coal,2023,318.3681800649318
d.2_NZE-NUC_13,r.A,f.coal,2024,301.78344748491907
d.2_NZE-NUC_13,r.A,f.coal,2025,287.641935491846
d.2_NZE-NUC_13,r.A,f.coal,2026,274.29281936480754
d.2_NZE-NUC_13,r.A,f.coal,2027,260.94370323776906
d.2_NZE-NUC_13,r.A,f.coal,2028,247.59458711073054
d.2_NZE-NUC_13,r.A,f.coal,2029,234.245470983692
d.2_NZE-NUC_13,r.A,f.coal,2030,220.89635485665346
d.2_NZE-NUC_13,r.A,f.coal,2031,213.7047547305998
d.2_NZE-NUC_13,r.A,f.coal,2032,206.5131546045461
d.2_NZE-NUC_13,r.A,f.coal,2033,199.32155447849243
d.2_NZE-NUC_13,r.A,f.coal,2034,192.12995435243872
d.2_NZE-NUC_13,r.A,f.coal,2035,184.9383542263851
d.2_NZE-NUC_13,r.A,f.coal,2036,177.7467541003314
d.2_NZE-NUC_13,r.A,f.coal,2037,170.55515397427774
d.2_NZE-NUC_13,r.A,f.coal,2038,163.3635538482241
d.2_NZE-NUC_13,r.A,f.coal,2039,156.17195372217043
d.2_NZE-NUC_13,r.A,f.coal,2040,148.98035359611674
d.2_NZE-NUC_13,r.A,f.coal,2041,133.10356099093687
d.2_NZE-NUC_13,r.A,f.coal,2042,118.94896712938723
d.2_NZE-NUC_13,r.A,f.coal,2043,106.32288738793513
d.2_NZE-NUC_13,r.A,f.coal,2044,95.05391520896767
d.2_NZE-NUC_13,r.A,f.coal,2045,84.99030252725541
d.2_NZE-NUC_13,r.A,f.coal,2046,75.9976554419186
d.2_NZE-NUC_13,r.A,f.coal,2047,67.95690621033883
d.2_NZE-NUC_13,r.A,f.coal,2048,60.76252758795886
d.2_NZE-NUC_13,r.A,f.coal,2049,54.320959835725375
d.2_NZE-NUC_13,r.A,f.coal,2050,48.54922445344181
d.2_NZE-NUC_13,r.A,f.coal,1990,51.22788097350022
d.2_NZE-NUC_13,r.A,f.coal,1991,53.9322484671351
d.2_NZE-NUC_13,r.A,f.coal,1992,54.30967206223559
d.2_NZE-NUC_13,r.A,f.coal,1993,59.71499466512242
d.2_NZE-NUC_13,r.A,f.coal,1994,55.25099356396657
d.2_NZE-NUC_13,r.A,f.coal,1995,52.81126701361776
d.2_NZE-NUC_13,r.A,f.coal,1996,53.118421277646206
d.2_NZE-NUC_13,r.A,f.coal,1997,58.23816997621563
d.2_NZE-NUC_13,r.A,f.coal,1998,57.760044372345504
d.2_NZE-NUC_13,r.A,f.coal,1999,47.79610639248179
d.2_NZE-NUC_13,r.A,f.coal,2000,48.37230006656567
d.2_NZE-NUC_13,r.A,f.coal,2001,49.136866648813275
d.2_NZE-NUC_13,r.A,f.coal,2002,42.388175765570615
d.2_NZE-NUC_13,r.A,f.coal,2003,44.7670507954803
d.2_NZE-NUC_13,r.A,f.coal,2004,44.26746440432241
d.2_NZE-NUC_13,r.A,f.coal,2005,42.84692385041008
d.2_NZE-NUC_13,r.A,f.coal,2006,40.06190109816565
d.2_NZE-NUC_13,r.A,f.coal,2007,34.92385304720755
d.2_NZE-NUC_13,r.A,f.coal,2008,31.042838413052696
d.2_NZE-NUC_13,r.A,f.coal,2009,21.349506201760427
d.2_NZE-NUC_13,r.A,f.coal,2010,32.79250069384523
d.2_NZE-NUC_13,r.A,f.coal,2011,34.855010944400156
d.2_NZE-NUC_13,r.A,f.coal,2012,34.751364234242445
d.2_NZE-NUC_13,r.A,f.coal,2013,24.88433724160487
d.2_NZE-NUC_13,r.A,f.coal,2014,23.110964285555042
d.2_NZE-NUC_13,r.A,f.coal,2015,18.18874894397113
d.2_NZE-NUC_13,r.A,f.coal,2016,20.55216207612589
d.2_NZE-NUC_13,r.A,f.coal,2017,17.55377002705137
d.2_NZE-NUC_13,r.A,f.coal,2018,18.679902036816678
d.2_NZE-NUC_13,r.A,f.coal,2019,17.27086419373623
d.2_NZE-NUC_13,r.A,f.coal,2020,14.679566239281652
d.2_NZE-NUC_13,r.A,f.coal,2051,48.54922445344181
d.2_NZE-NUC_13,r.A,f.coal,2052,48.54922445344181
d.2_NZE-NUC_13,r.A,f.coal,2053,48.54922445344181
d.2_NZE-NUC_13,r.A,f.coal,2054,48.54922445344181
d.2_NZE-NUC_13,r.A,f.coal,2055,48.54922445344181
d.2_NZE-NUC_13,r.A,f.coal,2056,48.54922445344181
d.2_NZE-NUC_13,r.A,f.coal,2057,48.54922445344181
d.2_NZE-NUC_13,r.A,f.coal,2058,48.54922445344181
d.2_NZE-NUC_13,r.A,f.coal,2059,48.54922445344181
d.2_NZE-NUC_13,r.A,f.coal,2060,48.54922445344181
d.2_NZE-NUC_13,r.A,f.coal,2061,48.54922445344181
d.2_NZE-NUC_13,r.A,f.coal,2062,48.54922445344181
d.2_NZE-NUC_13,r.A,f.coal,2063,48.54922445344181
d.2_NZE-NUC_13,r.A,f.coal,2064,48.54922445344181
d.2_NZE-NUC_13,r.A,f.coal,2065,48.54922445344181
d.2_NZE-NUC_13,r.A,f.coal,2066,48.54922445344181
d.2_NZE-NUC_13,r.A,f.coal,2067,48.54922445344181
d.2_NZE-NUC_13,r.A,f.coal,2068,48.54922445344181
d.2_NZE-NUC_13,r.A,f.coal,2069,48.54922445344181
d.2_NZE-NUC_13,r.A,f.coal,2070,48.54922445344181
d.2_NZE-NUC_13,r.A,f.oil,2021,668.7864325471988
d.2_NZE-NUC_13,r.A,f.oil,2022,602.5067150596666
d.2_NZE-NUC_13,r.A,f.oil,2023,570.0797783914238
d.2_NZE-NUC_13,r.A,f.oil,2024,531.2400518386127
d.2_NZE-NUC_13,r.A,f.oil,2025,504.1300952757838
d.2_NZE-NUC_13,r.A,f.oil,2026,480.7748598513074
d.2_NZE-NUC_13,r.A,f.oil,2027,457.4196244268311
d.2_NZE-NUC_13,r.A,f.oil,2028,434.0643890023548
d.2_NZE-NUC_13,r.A,f.oil,2029,410.7091535778783
d.2_NZE-NUC_13,r.A,f.oil,2030,387.35391815340165
d.2_NZE-NUC_13,r.A,f.oil,2031,374.93946741615196
d.2_NZE-NUC_13,r.A,f.oil,2032,362.5250166789022
d.2_NZE-NUC_13,r.A,f.oil,2033,350.1105659416525
d.2_NZE-NUC_13,r.A,f.oil,2034,337.69611520440264
d.2_NZE-NUC_13,r.A,f.oil,2035,325.28166446715295
d.2_NZE-NUC_13,r.A,f.oil,2036,312.86721372990314
d.2_NZE-NUC_13,r.A,f.oil,2037,300.4527629926534
d.2_NZE-NUC_13,r.A,f.oil,2038,288.0383122554036
d.2_NZE-NUC_13,r.A,f.oil,2039,275.62386151815383
d.2_NZE-NUC_13,r.A,f.oil,2040,263.209410780904
d.2_NZE-NUC_13,r.A,f.oil,2041,235.42491009218273
d.2_NZE-NUC_13,r.A,f.oil,2042,210.61653964562316
d.2_NZE-NUC_13,r.A,f.oil,2043,188.4555929418323
d.2_NZE-NUC_13,r.A,f.oil,2044,168.65019778868054
d.2_NZE-NUC_13,r.A,f.oil,2045,150.94114299198262
d.2_NZE-NUC_13,r.A,f.oil,2046,135.0981818538233
d.2_NZE-NUC_13,r.A,f.oil,2047,120.91675765441265
d.2_NZE-NUC_13,r.A,f.oil,2048,108.21510262784658
d.2_NZE-NUC_13,r.A,f.oil,2049,96.831667542004
d.2_NZE-NUC_13,r.A,f.oil,2050,86.62284394347925
d.2_NZE-NUC_13,r.A,f.oil,1990,1441.1255427878934
d.2_NZE-NUC_13,r.A,f.oil,1991,1454.0122933897314
d.2_NZE-NUC_13,r.A,f.oil,1992,1467.188164895703
d.2_NZE-NUC_13,r.A,f.oil,1993,1471.2712621216099
d.2_NZE-NUC_13,r.A,f.oil,1994,1455.5329316431348
d.2_NZE-NUC_13,r.A,f.oil,1995,1453.1890483544162
d.2_NZE-NUC_13,r.A,f.oil,1996,1427.0702011121161
d.2_NZE-NUC_13,r.A,f.oil,1997,1489.6776173174107
d.2_NZE-NUC_13,r.A,f.oil,1998,1477.5581315238578
d.2_NZE-NUC_13,r.A,f.oil,1999,1390.5014376234858
d.2_NZE-NUC_13,r.A,f.oil,2000,1385.8678789344458
d.2_NZE-NUC_13,r.A,f.oil,2001,1395.6390605282922
d.2_NZE-NUC_13,r.A,f.oil,2002,1409.6847401503744
d.2_NZE-NUC_13,r.A,f.oil,2003,1400.4860787899447
d.2_NZE-NUC_13,r.A,f.oil,2004,1381.1053365211237
d.2_NZE-NUC_13,r.A,f.oil,2005,1424.6214365371998
d.2_NZE-NUC_13,r.A,f.oil,2006,1420.351422314027
d.2_NZE-NUC_13,r.A,f.oil,2007,1494.6182550694568
d.2_NZE-NUC_13,r.A,f.oil,2008,1442.0252869410683
d.2_NZE-NUC_13,r.A,f.oil,2009,1363.6352481465424
d.2_NZE-NUC_13,r.A,f.oil,2010,1467.0198839115799
d.2_NZE-NUC_13,r.A,f.oil,2011,1430.6992286350435
d.2_NZE-NUC_13,r.A,f.oil,2012,1379.5926422185212
d.2_NZE-NUC_13,r.A,f.oil,2013,1243.0648409841385
d.2_NZE-NUC_13,r.A,f.oil,2014,1214.869825966439
d.2_NZE-NUC_13,r.A,f.oil,2015,1362.8902364015262
d.2_NZE-NUC_13,r.A,f.oil,2016,1344.513265069168
d.2_NZE-NUC_13,r.A,f.oil,2017,1350.0884323055495
d.2_NZE-NUC_13,r.A,f.oil,2018,1222.5642668740356
d.2_NZE-NUC_13,r.A,f.oil,2019,1012.756890195438
d.2_NZE-NUC_13,r.A,f.oil,2020,856.9259471690433
d.2_NZE-NUC_13,r.A,f.oil,2051,86.62284394347925
d.2_NZE-NUC_13,r.A,f.oil,2052,86.62284394347925
d.2_NZE-NUC_13,r.A,f.oil,2053,86.62284394347925
d.2_NZE-NUC_13,r.A,f.oil,2054,86.62284394347925
d.2_NZE-NUC_13,r.A,f.oil,2055,86.62284394347925
d.2_NZE-NUC_13,r.A,f.oil,2056,86.62284394347925
d.2_NZE-NUC_13,r.A,f.oil,2057,86.62284394347927
d.2_NZE-NUC_13,r.A,f.oil,2058,86.62284394347925
d.2_NZE-NUC_13,r.A,f.oil,2059,86.62284394347925
d.2_NZE-NUC_13,r.A,f.oil,2060,86.62284394347925
d.2_NZE-NUC_13,r.A,f.oil,2061,86.62284394347925
d.2_NZE-NUC_13,r.A,f.oil,2062,86.62284394347925
d.2_NZE-NUC_13,r.A,f.oil,2063,86.62284394347925
d.2_NZE-NUC_13,r.A,f.oil,2064,86.62284394347927
d.2_NZE-NUC_13,r.A,f.oil,2065,86.62284394347925
d.2_NZE-NUC_13,r.A,f.oil,2066,86.62284394347927
d.2_NZE-NUC_13,r.A,f.oil,2067,86.62284394347925
d.2_NZE-NUC_13,r.A,f.oil,2068,86.62284394347925
d.2_NZE-NUC_13,r.A,f.oil,2069,86.62284394347925
d.2_NZE-NUC_13,r.A,f.oil,2070,86.62284394347925
d.2_NZE-NUC_13,r.A,f.biofuels,2021,61.95382208614399
d.2_NZE-NUC_13,r.A,f.biofuels,2022,66.90791750109781
d.2_NZE-NUC_13,r.A,f.biofuels,2023,55.16701411123093
d.2_NZE-NUC_13,r.A,f.biofuels,2024,56.522023054376334
d.2_NZE-NUC_13,r.A,f.biofuels,2025,59.59365959974576
d.2_NZE-NUC_13,r.A,f.biofuels,2026,59.894820339115114
d.2_NZE-NUC_13,r.A,f.biofuels,2027,60.216586796352615
d.2_NZE-NUC_13,r.A,f.biofuels,2028,58.446950862189
d.2_NZE-NUC_13,r.A,f.biofuels,2029,59.944458816986455
d.2_NZE-NUC_13,r.A,f.biofuels,2030,66.73346593632259
d.2_NZE-NUC_13,r.A,f.biofuels,2031,81.09800153450868
d.2_NZE-NUC_13,r.A,f.biofuels,2032,85.3015048827107
d.2_NZE-NUC_13,r.A,f.biofuels,2033,86.40009057076207
d.2_NZE-NUC_13,r.A,f.biofuels,2034,91.88385516334787
d.2_NZE-NUC_13,r.A,f.biofuels,2035,98.16272601017667
d.2_NZE-NUC_13,r.A,f.biofuels,2036,101.41503267815756
d.2_NZE-NUC_13,r.A,f.biofuels,2037,105.45031665937674
d.2_NZE-NUC_13,r.A,f.biofuels,2038,110.25674082772755
d.2_NZE-NUC_13,r.A,f.biofuels,2039,114.55314671592748
d.2_NZE-NUC_13,r.A,f.biofuels,2040,119.0630760923293
d.2_NZE-NUC_13,r.A,f.biofuels,2041,122.26716780411479
d.2_NZE-NUC_13,r.A,f.biofuels,2042,123.71330072777698
d.2_NZE-NUC_13,r.A,f.biofuels,2043,122.27578660892627
d.2_NZE-NUC_13,r.A,f.biofuels,2044,124.94225542440515
d.2_NZE-NUC_13,r.A,f.biofuels,2045,125.77912517505777
d.2_NZE-NUC_13,r.A,f.biofuels,2046,128.70086865761067
d.2_NZE-NUC_13,r.A,f.biofuels,2047,131.9312981837182
d.2_NZE-NUC_13,r.A,f.biofuels,2048,135.24592835638722
d.2_NZE-NUC_13,r.A,f.biofuels,2049,138.64744800756796
d.2_NZE-NUC_13,r.A,f.biofuels,2050,143.3348935098877
d.2_NZE-NUC_13,r.A,f.biofuels,1990,0.011747090641050902
d.2_NZE-NUC_13,r.A,f.biofuels,1991,0.03413088872779888
d.2_NZE-NUC_13,r.A,f.biofuels,1992,0.04756438501309745
d.2_NZE-NUC_13,r.A,f.biofuels,1993,0.03814215069425455
d.2_NZE-NUC_13,r.A,f.biofuels,1994,0.08693810833235018
d.2_NZE-NUC_13,r.A,f.biofuels,1995,0.17224573592095332
d.2_NZE-NUC_13,r.A,f.biofuels,1996,0.2378961400240815
d.2_NZE-NUC_13,r.A,f.biofuels,1997,0.3817268116627339
d.2_NZE-NUC_13,r.A,f.biofuels,1998,0.3217710191953556
d.2_NZE-NUC_13,r.A,f.biofuels,1999,1.2957961120089105
d.2_NZE-NUC_13,r.A,f.biofuels,2000,1.5419219336783143
d.2_NZE-NUC_13,r.A,f.biofuels,2001,0.859413587558505
d.2_NZE-NUC_13,r.A,f.biofuels,2002,0.9344628933396469
d.2_NZE-NUC_13,r.A,f.biofuels,2003,0.865908465592279
d.2_NZE-NUC_13,r.A,f.biofuels,2004,6.277234250031951
d.2_NZE-NUC_13,r.A,f.biofuels,2005,5.047618300887834
d.2_NZE-NUC_13,r.A,f.biofuels,2006,6.735676956180708
d.2_NZE-NUC_13,r.A,f.biofuels,2007,5.213004086141664
d.2_NZE-NUC_13,r.A,f.biofuels,2008,13.442022612426726
d.2_NZE-NUC_13,r.A,f.biofuels,2009,20.014152597581116
d.2_NZE-NUC_13,r.A,f.biofuels,2010,24.63619660700657
d.2_NZE-NUC_13,r.A,f.biofuels,2011,26.88798428487398
d.2_NZE-NUC_13,r.A,f.biofuels,2012,30.91994348381997
d.2_NZE-NUC_13,r.A,f.biofuels,2013,31.37026518448514
d.2_NZE-NUC_13,r.A,f.biofuels,2014,30.00338085676669
d.2_NZE-NUC_13,r.A,f.biofuels,2015,30.59722358459458
d.2_NZE-NUC_13,r.A,f.biofuels,2016,30.06194071564829
d.2_NZE-NUC_13,r.A,f.biofuels,2017,31.877781213350715
d.2_NZE-NUC_13,r.A,f.biofuels,2018,33.982585966030356
d.2_NZE-NUC_13,r.A,f.biofuels,2019,55.951403326709624
d.2_NZE-NUC_13,r.A,f.biofuels,2020,47.62706740414849
d.2_NZE-NUC_13,r.A,f.biofuels,2051,142.13866291350396
d.2_NZE-NUC_13,r.A,f.biofuels,2052,142.07421951437212
d.2_NZE-NUC_13,r.A,f.biofuels,2053,141.68755911958138
d.2_NZE-NUC_13,r.A,f.biofuels,2054,139.94758734302314
d.2_NZE-NUC_13,r.A,f.biofuels,2055,136.14542679424753
d.2_NZE-NUC_13,r.A,f.biofuels,2056,135.75876639945682
d.2_NZE-NUC_13,r.A,f.biofuels,2057,135.75876639945682
d.2_NZE-NUC_13,r.A,f.biofuels,2058,135.75876639945682
d.2_NZE-NUC_13,r.A,f.biofuels,2059,135.75876639945682
d.2_NZE-NUC_13,r.A,f.biofuels,2060,135.75876639945682
d.2_NZE-NUC_13,r.A,f.biofuels,2061,135.75876639945682
d.2_NZE-NUC_13,r.A,f.biofuels,2062,135.7587663994568
d.2_NZE-NUC_13,r.A,f.biofuels,2063,135.75876639945682
d.2_NZE-NUC_13,r.A,f.biofuels,2064,135.75876639945682
d.2_NZE-NUC_13,r.A,f.biofuels,2065,135.7587663994568
d.2_NZE-NUC_13,r.A,f.biofuels,2066,135.75876639945682
d.2_NZE-NUC_13,r.A,f.biofuels,2067,135.75876639945682
d.2_NZE-NUC_13,r.A,f.biofuels,2068,135.75876639945682
d.2_NZE-NUC_13,r.A,f.biofuels,2069,135.75876639945682
d.2_NZE-NUC_13,r.A,f.biofuels,2070,135.75876639945682
d.2_NZE-NUC_13,r.A,f.uranium_fuel,2021,0.0
d.2_NZE-NUC_13,r.A,f.uranium_fuel,2022,0.0
d.2_NZE-NUC_13,r.A,f.uranium_fuel,2023,0.0
d.2_NZE-NUC_13,r.A,f.uranium_fuel,2024,0.0
d.2_NZE-NUC_13,r.A,f.uranium_fuel,2025,0.0
d.2_NZE-NUC_13,r.A,f.uranium_fuel,2026,0.0
d.2_NZE-NUC_13,r.A,f.uranium_fuel,2027,0.0
d.2_NZE-NUC_13,r.A,f.uranium_fuel,2028,0.0
d.2_NZE-NUC_13,r.A,f.uranium_fuel,2029,0.0
d.2_NZE-NUC_13,r.A,f.uranium_fuel,2030,0.0
d.2_NZE-NUC_13,r.A,f.uranium_fuel,2031,0.0
d.2_NZE-NUC_13,r.A,f.uranium_fuel,2032,0.0
d.2_NZE-NUC_13,r.A,f.uranium_fuel,2033,61.5120939545112
d.2_NZE-NUC_13,r.A,f.uranium_fuel,2034,123.0241879090224
d.2_NZE-NUC_13,r.A,f.uranium_fuel,2035,181.02844313380203
d.2_NZE-NUC_13,r.A,f.uranium_fuel,2036,238.64614888746348
d.2_NZE-NUC_13,r.A,f.uranium_fuel,2037,302.02646710255897
d.2_NZE-NUC_13,r.A,f.uranium_fuel,2038,299.5868503528404
d.2_NZE-NUC_13,r.A,f.uranium_fuel,2039,308.2048045728309
d.2_NZE-NUC_13,r.A,f.uranium_fuel,2040,318.60174615006116
d.2_NZE-NUC_13,r.A,f.uranium_fuel,2041,341.4586379261392
d.2_NZE-NUC_13,r.A,f.uranium_fuel,2042,367.9636082859344
d.2_NZE-NUC_13,r.A,f.uranium_fuel,2043,397.8540781235202
d.2_NZE-NUC_13,r.A,f.uranium_fuel,2044,429.7698742409875
d.2_NZE-NUC_13,r.A,f.uranium_fuel,2045,503.7215792735968
d.2_NZE-NUC_13,r.A,f.uranium_fuel,2046,573.4612208754669
d.2_NZE-NUC_13,r.A,f.uranium_fuel,2047,666.911534743569
d.2_NZE-NUC_13,r.A,f.uranium_fuel,2048,739.005471504408
d.2_NZE-NUC_13,r.A,f.uranium_fuel,2049,833.6358245132166
d.2_NZE-NUC_13,r.A,f.uranium_fuel,2050,923.1222198725363
d.2_NZE-NUC_13,r.A,f.uranium_fuel,1990,0.0
d.2_NZE-NUC_13,r.A,f.uranium_fuel,1991,0.0
d.2_NZE-NUC_13,r.A,f.uranium_fuel,1992,0.0
d.2_NZE-NUC_13,r.A,f.uranium_fuel,1993,0.0
d.2_NZE-NUC_13,r.A,f.uranium_fuel,1994,0.0
d.2_NZE-NUC_13,r.A,f.uranium_fuel,1995,0.0
d.2_NZE-NUC_13,r.A,f.uranium_fuel,1996,0.0
d.2_NZE-NUC_13,r.A,f.uranium_fuel,1997,0.0
d.2_NZE-NUC_13,r.A,f.uranium_fuel,1998,0.0
d.2_NZE-NUC_13,r.A,f.uranium_fuel,1999,0.0
d.2_NZE-NUC_13,r.A,f.uranium_fuel,2000,0.0
d.2_NZE-NUC_13,r.A,f.uranium_fuel,2001,0.0
d.2_NZE-NUC_13,r.A,f.uranium_fuel,2002,0.0
d.2_NZE-NUC_13,r.A,f.uranium_fuel,2003,0.0
d.2_NZE-NUC_13,r.A,f.uranium_fuel,2004,0.0
d.2_NZE-NUC_13,r.A,f.uranium_fuel,2005,0.0
d.2_NZE-NUC_13,r.A,f.uranium_fuel,2006,0.0
d.2_NZE-NUC_13,r.A,f.uranium_fuel,2007,0.0
d.2_NZE-NUC_13,r.A,f.uranium_fuel,2008,0.0
d.2_NZE-NUC_13,r.A,f.uranium_fuel,2009,0.0
d.2_NZE-NUC_13,r.A,f.uranium_fuel,2010,0.0
d.2_NZE-NUC_13,r.A,f.uranium_fuel,2011,0.0
d.2_NZE-NUC_13,r.A,f.uranium_fuel,2012,0.0
d.2_NZE-NUC_13,r.A,f.uranium_fuel,2013,0.0
d.2_NZE-NUC_13,r.A,f.uranium_fuel,2014,0.0
d.2_NZE-NUC_13,r.A,f.uranium_fuel,2015,0.0
d.2_NZE-NUC_13,r.A,f.uranium_fuel,2016,0.0
d.2_NZE-NUC_13,r.A,f.uranium_fuel,2017,0.0
d.2_NZE-NUC_13,r.A,f.uranium_fuel,2018,0.0
d.2_NZE-NUC_13,r.A,f.uranium_fuel,2019,0.0
d.2_NZE-NUC_13,r.A,f.uranium_fuel,2020,0.0
d.2_NZE-NUC_13,r.A,f.uranium_fuel,2051,827.8525688267043
d.2_NZE-NUC_13,r.A,f.uranium_fuel,2052,728.7806998993711
d.2_NZE-NUC_13,r.A,f.uranium_fuel,2053,728.7806998993711
d.2_NZE-NUC_13,r.A,f.uranium_fuel,2054,728.7806998993711
d.2_NZE-NUC_13,r.A,f.uranium_fuel,2055,762.9057095373145
d.2_NZE-NUC_13,r.A,f.uranium_fuel,2056,834.7379754196049
d.2_NZE-NUC_13,r.A,f.uranium_fuel,2057,909.7587798350664
d.2_NZE-NUC_13,r.A,f.uranium_fuel,2058,923.1222198725363
d.2_NZE-NUC_13,r.A,f.uranium_fuel,2059,923.1222198725363
d.2_NZE-NUC_13,r.A,f.uranium_fuel,2060,923.1222198725363
d.2_NZE-NUC_13,r.A,f.uranium_fuel,2061,923.1222198725363
d.2_NZE-NUC_13,r.A,f.uranium_fuel,2062,923.1222198725363
d.2_NZE-NUC_13,r.A,f.uranium_fuel,2063,923.1222198725363
d.2_NZE-NUC_13,r.A,f.uranium_fuel,2064,923.1222198725363
d.2_NZE-NUC_13,r.A,f.uranium_fuel,2065,923.1222198725363
d.2_NZE-NUC_13,r.A,f.uranium_fuel,2066,923.1222198725363
d.2_NZE-NUC_13,r.A,f.uranium_fuel,2067,923.1222198725363
d.2_NZE-NUC_13,r.A,f.uranium_fuel,2068,923.1222198725363
d.2_NZE-NUC_13,r.A,f.uranium_fuel,2069,923.1222198725363
d.2_NZE-NUC_13,r.A,f.uranium_fuel,2070,923.1222198725363
d.2_NZE-NUC_13,r.A,f.CO2_capt,2021,9.999999999999999e-05
d.2_NZE-NUC_13,r.A,f.CO2_capt,2022,9.999999999999999e-05
d.2_NZE-NUC_13,r.A,f.CO2_capt,2023,9.999999999999999e-05
d.2_NZE-NUC_13,r.A,f.CO2_capt,2024,9.999999999999999e-05
d.2_NZE-NUC_13,r.A,f.CO2_capt,2025,9.999999999999999e-05
d.2_NZE-NUC_13,r.A,f.CO2_capt,2026,9.897959183673468e-05
d.2_NZE-NUC_13,r.A,f.CO2_capt,2027,9.795918367346937e-05
d.2_NZE-NUC_13,r.A,f.CO2_capt,2028,9.693877551020405e-05
d.2_NZE-NUC_13,r.A,f.CO2_capt,2029,9.591836734693874e-05
d.2_NZE-NUC_13,r.A,f.CO2_capt,2030,18.206670141025132
d.2_NZE-NUC_13,r.A,f.CO2_capt,2031,18.206668100208805
d.2_NZE-NUC_13,r.A,f.CO2_capt,2032,18.206665038984315
d.2_NZE-NUC_13,r.A,f.CO2_capt,2033,18.206660957351662
d.2_NZE-NUC_13,r.A,f.CO2_capt,2034,18.20665687571901
d.2_NZE-NUC_13,r.A,f.CO2_capt,2035,18.206651773678193
d.2_NZE-NUC_13,r.A,f.CO2_capt,2036,18.206645651229213
d.2_NZE-NUC_13,r.A,f.CO2_capt,2037,18.20663850837207
d.2_NZE-NUC_13,r.A,f.CO2_capt,2038,18.206631365514927
d.2_NZE-NUC_13,r.A,f.CO2_capt,2039,18.02084283221417
d.2_NZE-NUC_13,r.A,f.CO2_capt,2040,17.835053278505253
d.2_NZE-NUC_13,r.A,f.CO2_capt,2041,17.649264745204494
d.2_NZE-NUC_13,r.A,f.CO2_capt,2042,17.46347621190374
d.2_NZE-NUC_13,r.A,f.CO2_capt,2043,17.091907308567535
d.2_NZE-NUC_13,r.A,f.CO2_capt,2044,16.72033942563949
d.2_NZE-NUC_13,r.A,f.CO2_capt,2045,16.162991172675998
d.2_NZE-NUC_13,r.A,f.CO2_capt,2046,17.80373212386189
d.2_NZE-NUC_13,r.A,f.CO2_capt,2047,21.40390377076603
d.2_NZE-NUC_13,r.A,f.CO2_capt,2048,25.610368019518745
d.2_NZE-NUC_13,r.A,f.CO2_capt,2049,30.359906661649816
d.2_NZE-NUC_13,r.A,f.CO2_capt,2050,36.263157679574796
d.2_NZE-NUC_13,r.A,f.CO2_capt,1990,0.0
d.2_NZE-NUC_13,r.A,f.CO2_capt,1991,0.0
d.2_NZE-NUC_13,r.A,f.CO2_capt,1992,0.0
d.2_NZE-NUC_13,r.A,f.CO2_capt,1993,0.0
d.2_NZE-NUC_13,r.A,f.CO2_capt,1994,0.0
d.2_NZE-NUC_13,r.A,f.CO2_capt,1995,0.0
d.2_NZE-NUC_13,r.A,f.CO2_capt,1996,0.0
d.2_NZE-NUC_13,r.A,f.CO2_capt,1997,0.0
d.2_NZE-NUC_13,r.A,f.CO2_capt,1998,0.0
d.2_NZE-NUC_13,r.A,f.CO2_capt,1999,0.0
d.2_NZE-NUC_13,r.A,f.CO2_capt,2000,0.0
d.2_NZE-NUC_13,r.A,f.CO2_capt,2001,0.0
d.2_NZE-NUC_13,r.A,f.CO2_capt,2002,0.0
d.2_NZE-NUC_13,r.A,f.CO2_capt,2003,0.0
d.2_NZE-NUC_13,r.A,f.CO2_capt,2004,0.0
d.2_NZE-NUC_13,r.A,f.CO2_capt,2005,0.0
d.2_NZE-NUC_13,r.A,f.CO2_capt,2006,0.0
d.2_NZE-NUC_13,r.A,f.CO2_capt,2007,0.0
d.2_NZE-NUC_13,r.A,f.CO2_capt,2008,0.0
d.2_NZE-NUC_13,r.A,f.CO2_capt,2009,0.0
d.2_NZE-NUC_13,r.A,f.CO2_capt,2010,0.0
d.2_NZE-NUC_13,r.A,f.CO2_capt,2011,0.0
d.2_NZE-NUC_13,r.A,f.CO2_capt,2012,0.0
d.2_NZE-NUC_13,r.A,f.CO2_capt,2013,0.0
d.2_NZE-NUC_13,r.A,f.CO2_capt,2014,0.0
d.2_NZE-NUC_13,r.A,f.CO2_capt,2015,0.0
d.2_NZE-NUC_13,r.A,f.CO2_capt,2016,0.0
d.2_NZE-NUC_13,r.A,f.CO2_capt,2017,9.999999999999999e-05
d.2_NZE-NUC_13,r.A,f.CO2_capt,2018,9.999999999999999e-05
d.2_NZE-NUC_13,r.A,f.CO2_capt,2019,9.999999999999999e-05
d.2_NZE-NUC_13,r.A,f.CO2_capt,2020,9.999999999999999e-05
d.2_NZE-NUC_13,r.A,f.CO2_capt,2051,79.96854749128697
d.2_NZE-NUC_13,r.A,f.CO2_capt,2052,79.52530524629327
d.2_NZE-NUC_13,r.A,f.CO2_capt,2053,79.25851696682268
d.2_NZE-NUC_13,r.A,f.CO2_capt,2054,78.6983767348843
d.2_NZE-NUC_13,r.A,f.CO2_capt,2055,77.49093309161046
d.2_NZE-NUC_13,r.A,f.CO2_capt,2056,77.36814221263344
d.2_NZE-NUC_13,r.A,f.CO2_capt,2057,77.36814221263344
d.2_NZE-NUC_13,r.A,f.CO2_capt,2058,77.36814221263344
d.2_NZE-NUC_13,r.A,f.CO2_capt,2059,77.36814221263344
d.2_NZE-NUC_13,r.A,f.CO2_capt,2060,77.36814221263344
d.2_NZE-NUC_13,r.A,f.CO2_capt,2061,77.36814221263344
d.2_NZE-NUC_13,r.A,f.CO2_capt,2062,77.36814221263344
d.2_NZE-NUC_13,r.A,f.CO2_capt,2063,77.36814221263344
d.2_NZE-NUC_13,r.A,f.CO2_capt,2064,77.36814221263344
d.2_NZE-NUC_13,r.A,f.CO2_capt,2065,77.36814221263344
d.2_NZE-NUC_13,r.A,f.CO2_capt,2066,77.36814221263344
d.2_NZE-NUC_13,r.A,f.CO2_capt,2067,77.36814221263344
d.2_NZE-NUC_13,r.A,f.CO2_capt,2068,77.36814221263344
d.2_NZE-NUC_13,r.A,f.CO2_capt,2069,77.36814221263344
d.2_NZE-NUC_13,r.A,f.CO2_capt,2070,77.36814221263344
d.2_NZE-NUC_13,r.A,f.elect,2021,354.09185405415684
d.2_NZE-NUC_13,r.A,f.elect,2022,356.7304131801337
d.2_NZE-NUC_13,r.A,f.elect,2023,357.37975445504344
d.2_NZE-NUC_13,r.A,f.elect,2024,358.0942584814669
d.2_NZE-NUC_13,r.A,f.elect,2025,358.6446274809655
d.2_NZE-NUC_13,r.A,f.elect,2026,361.0932716064172
d.2_NZE-NUC_13,r.A,f.elect,2027,362.19493901744426
d.2_NZE-NUC_13,r.A,f.elect,2028,363.1766187200849
d.2_NZE-NUC_13,r.A,f.elect,2029,363.9384230807452
d.2_NZE-NUC_13,r.A,f.elect,2030,395.7414905123722
d.2_NZE-NUC_13,r.A,f.elect,2031,403.4154983571659
d.2_NZE-NUC_13,r.A,f.elect,2032,411.1506766468777
d.2_NZE-NUC_13,r.A,f.elect,2033,418.691119709512
d.2_NZE-NUC_13,r.A,f.elect,2034,435.0412906865567
d.2_NZE-NUC_13,r.A,f.elect,2035,449.88539466175934
d.2_NZE-NUC_13,r.A,f.elect,2036,464.7763198327067
d.2_NZE-NUC_13,r.A,f.elect,2037,479.05409725649633
d.2_NZE-NUC_13,r.A,f.elect,2038,493.57533480835815
d.2_NZE-NUC_13,r.A,f.elect,2039,507.8431158386874
d.2_NZE-NUC_13,r.A,f.elect,2040,523.3484007785496
d.2_NZE-NUC_13,r.A,f.elect,2041,543.4206508191048
d.2_NZE-NUC_13,r.A,f.elect,2042,562.4176544282467
d.2_NZE-NUC_13,r.A,f.elect,2043,579.5103773901358
d.2_NZE-NUC_13,r.A,f.elect,2044,600.2570196509524
d.2_NZE-NUC_13,r.A,f.elect,2045,630.4084394268302
d.2_NZE-NUC_13,r.A,f.elect,2046,657.6061188327421
d.2_NZE-NUC_13,r.A,f.elect,2047,690.6196739957044
d.2_NZE-NUC_13,r.A,f.elect,2048,727.1601615687506
d.2_NZE-NUC_13,r.A,f.elect,2049,766.7912785420806
d.2_NZE-NUC_13,r.A,f.elect,2050,808.0694995008201
d.2_NZE-NUC_13,r.A,f.elect,1990,253.91755613054139
d.2_NZE-NUC_13,r.A,f.elect,1991,259.10933241204765
d.2_NZE-NUC_13,r.A,f.elect,1992,264.1030284961868
d.2_NZE-NUC_13,r.A,f.elect,1993,265.2189659945522
d.2_NZE-NUC_13,r.A,f.elect,1994,272.657245902712
d.2_NZE-NUC_13,r.A,f.elect,1995,282.404662758467
d.2_NZE-NUC_13,r.A,f.elect,1996,284.95545275316687
d.2_NZE-NUC_13,r.A,f.elect,1997,293.8385574497576
d.2_NZE-NUC_13,r.A,f.elect,1998,304.6766001888884
d.2_NZE-NUC_13,r.A,f.elect,1999,311.8611675284096
d.2_NZE-NUC_13,r.A,f.elect,2000,325.63549706398874
d.2_NZE-NUC_13,r.A,f.elect,2001,333.4534832605113
d.2_NZE-NUC_13,r.A,f.elect,2002,343.25036595057384
d.2_NZE-NUC_13,r.A,f.elect,2003,352.14776726749005
d.2_NZE-NUC_13,r.A,f.elect,2004,356.4256226594417
d.2_NZE-NUC_13,r.A,f.elect,2005,361.48357819407556
d.2_NZE-NUC_13,r.A,f.elect,2006,368.00503549282513
d.2_NZE-NUC_13,r.A,f.elect,2007,370.4896292571013
d.2_NZE-NUC_13,r.A,f.elect,2008,369.65204604010444
d.2_NZE-NUC_13,r.A,f.elect,2009,347.4140717989785
d.2_NZE-NUC_13,r.A,f.elect,2010,356.73623489488205
d.2_NZE-NUC_13,r.A,f.elect,2011,359.3535574868385
d.2_NZE-NUC_13,r.A,f.elect,2012,353.5241352631686
d.2_NZE-NUC_13,r.A,f.elect,2013,342.95905568901526
d.2_NZE-NUC_13,r.A,f.elect,2014,336.86331609253546
d.2_NZE-NUC_13,r.A,f.elect,2015,342.58961785472223
d.2_NZE-NUC_13,r.A,f.elect,2016,341.6854932151782
d.2_NZE-NUC_13,r.A,f.elect,2017,347.03601734488797
d.2_NZE-NUC_13,r.A,f.elect,2018,344.1686597029082
d.2_NZE-NUC_13,r.A,f.elect,2019,344.4643420394732
d.2_NZE-NUC_13,r.A,f.elect,2020,326.51945202331945
d.2_NZE-NUC_13,r.A,f.elect,2051,890.1675529735534
d.2_NZE-NUC_13,r.A,f.elect,2052,892.5071857384896
d.2_NZE-NUC_13,r.A,f.elect,2053,893.1221805942239
d.2_NZE-NUC_13,r.A,f.elect,2054,892.2439642649908
d.2_NZE-NUC_13,r.A,f.elect,2055,890.2098790814134
d.2_NZE-NUC_13,r.A,f.elect,2056,890.0396400776617
d.2_NZE-NUC_13,r.A,f.elect,2057,890.0948080176221
d.2_NZE-NUC_13,r.A,f.elect,2058,890.1615671373831
d.2_NZE-NUC_13,r.A,f.elect,2059,890.231500858718
d.2_NZE-NUC_13,r.A,f.elect,2060,890.3162003614277
d.2_NZE-NUC_13,r.A,f.elect,2061,890.4124910439382
d.2_NZE-NUC_13,r.A,f.elect,2062,890.5119563280227
d.2_NZE-NUC_13,r.A,f.elect,2063,890.6149565056636
d.2_NZE-NUC_13,r.A,f.elect,2064,890.7183169752866
d.2_NZE-NUC_13,r.A,f.elect,2065,890.8216774449095
d.2_NZE-NUC_13,r.A,f.elect,2066,890.913807026714
d.2_NZE-NUC_13,r.A,f.elect,2067,891.0059366085186
d.2_NZE-NUC_13,r.A,f.elect,2068,891.0836607009305
d.2_NZE-NUC_13,r.A,f.elect,2069,891.149793613542
d.2_NZE-NUC_13,r.A,f.elect,2070,891.1902901489422
d.2_NZE-NUC_13,r.A,f.hydrogen,2021,0.13629555889988876
d.2_NZE-NUC_13,r.A,f.hydrogen,2022,0.2668309679110124
d.2_NZE-NUC_13,r.A,f.hydrogen,2023,0.4157983769221358
d.2_NZE-NUC_13,r.A,f.hydrogen,2024,0.5979433859332594
d.2_NZE-NUC_13,r.A,f.hydrogen,2025,0.8734003949443825
d.2_NZE-NUC_13,r.A,f.hydrogen,2026,1.3168190039555066
d.2_NZE-NUC_13,r.A,f.hydrogen,2027,2.244673968862194
d.2_NZE-NUC_13,r.A,f.hydrogen,2028,3.8241612988195834
d.2_NZE-NUC_13,r.A,f.hydrogen,2029,6.973128007653188
d.2_NZE-NUC_13,r.A,f.hydrogen,2030,11.82449664
d.2_NZE-NUC_13,r.A,f.hydrogen,2031,16.659322752
d.2_NZE-NUC_13,r.A,f.hydrogen,2032,21.6123938304
d.2_NZE-NUC_13,r.A,f.hydrogen,2033,26.595563627520015
d.2_NZE-NUC_13,r.A,f.hydrogen,2034,32.488574693376016
d.2_NZE-NUC_13,r.A,f.hydrogen,2035,36.899567847628816
d.2_NZE-NUC_13,r.A,f.hydrogen,2036,41.89030102278145
d.2_NZE-NUC_13,r.A,f.hydrogen,2037,46.196766916681725
d.2_NZE-NUC_13,r.A,f.hydrogen,2038,50.92040641606288
d.2_NZE-NUC_13,r.A,f.hydrogen,2039,55.216216788973234
d.2_NZE-NUC_13,r.A,f.hydrogen,2040,59.94927569095059
d.2_NZE-NUC_13,r.A,f.hydrogen,2041,63.945638700509605
d.2_NZE-NUC_13,r.A,f.hydrogen,2042,68.16670978304771
d.2_NZE-NUC_13,r.A,f.hydrogen,2043,71.74859636370856
d.2_NZE-NUC_13,r.A,f.hydrogen,2044,75.52112807050618
d.2_NZE-NUC_13,r.A,f.hydrogen,2045,79.50059311009637
d.2_NZE-NUC_13,r.A,f.hydrogen,2046,82.82136010134616
d.2_NZE-NUC_13,r.A,f.hydrogen,2047,86.29000284274483
d.2_NZE-NUC_13,r.A,f.hydrogen,2048,89.9171956821211
d.2_NZE-NUC_13,r.A,f.hydrogen,2049,93.71444380088654
d.2_NZE-NUC_13,r.A,f.hydrogen,2050,97.69414921843739
d.2_NZE-NUC_13,r.A,f.hydrogen,1990,0.0
d.2_NZE-NUC_13,r.A,f.hydrogen,1991,0.0005209641537191862
d.2_NZE-NUC_13,r.A,f.hydrogen,1992,0.0010419283074383724
d.2_NZE-NUC_13,r.A,f.hydrogen,1993,0.0015628924611575587
d.2_NZE-NUC_13,r.A,f.hydrogen,1994,0.002083856614876745
d.2_NZE-NUC_13,r.A,f.hydrogen,1995,0.002604820768595931
d.2_NZE-NUC_13,r.A,f.hydrogen,1996,0.003125784922315117
d.2_NZE-NUC_13,r.A,f.hydrogen,1997,0.0036467490760343033
d.2_NZE-NUC_13,r.A,f.hydrogen,1998,0.00416771322975349
d.2_NZE-NUC_13,r.A,f.hydrogen,1999,0.004688677383472676
d.2_NZE-NUC_13,r.A,f.hydrogen,2000,0.005209641537191863
d.2_NZE-NUC_13,r.A,f.hydrogen,2001,0.0057306056909110495
d.2_NZE-NUC_13,r.A,f.hydrogen,2002,0.006251569844630236
d.2_NZE-NUC_13,r.A,f.hydrogen,2003,0.006772533998349422
d.2_NZE-NUC_13,r.A,f.hydrogen,2004,0.007293498152068609
d.2_NZE-NUC_13,r.A,f.hydrogen,2005,0.007814462305787796
d.2_NZE-NUC_13,r.A,f.hydrogen,2006,0.008335426459506981
d.2_NZE-NUC_13,r.A,f.hydrogen,2007,0.008856390613226168
d.2_NZE-NUC_13,r.A,f.hydrogen,2008,0.009377354766945354
d.2_NZE-NUC_13,r.A,f.hydrogen,2009,0.00989831892066454
d.2_NZE-NUC_13,r.A,f.hydrogen,2010,0.010419283074383728
d.2_NZE-NUC_13,r.A,f.hydrogen,2011,0.010940247228102913
d.2_NZE-NUC_13,r.A,f.hydrogen,2012,0.0114612113818221
d.2_NZE-NUC_13,r.A,f.hydrogen,2013,0.011982175535541288
d.2_NZE-NUC_13,r.A,f.hydrogen,2014,0.012503139689260473
d.2_NZE-NUC_13,r.A,f.hydrogen,2015,0.01302410384297966
d.2_NZE-NUC_13,r.A,f.hydrogen,2016,0.013545067996698846
d.2_NZE-NUC_13,r.A,f.hydrogen,2017,0.014066032150418033
d.2_NZE-NUC_13,r.A,f.hydrogen,2018,0.01458699630413722
d.2_NZE-NUC_13,r.A,f.hydrogen,2019,0.015107960457856406
d.2_NZE-NUC_13,r.A,f.hydrogen,2020,0.016149888765294773
d.2_NZE-NUC_13,r.A,f.hydrogen,2051,97.6941492184374
d.2_NZE-NUC_13,r.A,f.hydrogen,2052,97.6941492184374
d.2_NZE-NUC_13,r.A,f.hydrogen,2053,97.6941492184374
d.2_NZE-NUC_13,r.A,f.hydrogen,2054,97.6941492184374
d.2_NZE-NUC_13,r.A,f.hydrogen,2055,97.6941492184374
d.2_NZE-NUC_13,r.A,f.hydrogen,2056,97.6941492184374
d.2_NZE-NUC_13,r.A,f.hydrogen,2057,97.6941492184374
d.2_NZE-NUC_13,r.A,f.hydrogen,2058,97.6941492184374
d.2_NZE-NUC_13,r.A,f.hydrogen,2059,97.6941492184374
d.2_NZE-NUC_13,r.A,f.hydrogen,2060,97.6941492184374
d.2_NZE-NUC_13,r.A,f.hydrogen,2061,97.6941492184374
d.2_NZE-NUC_13,r.A,f.hydrogen,2062,97.6941492184374
d.2_NZE-NUC_13,r.A,f.hydrogen,2063,97.6941492184374
d.2_NZE-NUC_13,r.A,f.hydrogen,2064,97.6941492184374
d.2_NZE-NUC_13,r.A,f.hydrogen,2065,97.6941492184374
d.2_NZE-NUC_13,r.A,f.hydrogen,2066,97.6941492184374
d.2_NZE-NUC_13,r.A,f.hydrogen,2067,97.6941492184374
d.2_NZE-NUC_13,r.A,f.hydrogen,2068,97.6941492184374
d.2_NZE-NUC_13,r.A,f.hydrogen,2069,97.6941492184374
d.2_NZE-NUC_13,r.A,f.hydrogen,2070,97.6941492184374
d.2_NZE-NUC_13,r.A,f.blended_gas,2021,0.0
d.2_NZE-NUC_13,r.A,f.blended_gas,2022,0.0
d.2_NZE-NUC_13,r.A,f.blended_gas,2023,0.0
d.2_NZE-NUC_13,r.A,f.blended_gas,2024,0.0
d.2_NZE-NUC_13,r.A,f.blended_gas,2025,0.09973755434626128
d.2_NZE-NUC_13,r.A,f.blended_gas,2026,0.860954653569464
d.2_NZE-NUC_13,r.A,f.blended_gas,2027,1.6221717527926662
d.2_NZE-NUC_13,r.A,f.blended_gas,2028,2.383388852015869
d.2_NZE-NUC_13,r.A,f.blended_gas,2029,3.1446059512390714
d.2_NZE-NUC_13,r.A,f.blended_gas,2030,7.705986603645463
d.2_NZE-NUC_13,r.A,f.blended_gas,2031,10.626667040601601
d.2_NZE-NUC_13,r.A,f.blended_gas,2032,14.479444143060412
d.2_NZE-NUC_13,r.A,f.blended_gas,2033,19.590287595204636
d.2_NZE-NUC_13,r.A,f.blended_gas,2034,25.464247315590338
d.2_NZE-NUC_13,r.A,f.blended_gas,2035,33.02258229627417
d.2_NZE-NUC_13,r.A,f.blended_gas,2036,39.61008218783271
d.2_NZE-NUC_13,r.A,f.blended_gas,2037,43.67109040661599
d.2_NZE-NUC_13,r.A,f.blended_gas,2038,48.113199447277594
d.2_NZE-NUC_13,r.A,f.blended_gas,2039,52.05678521338055
d.2_NZE-NUC_13,r.A,f.blended_gas,2040,56.29631082180382
d.2_NZE-NUC_13,r.A,f.blended_gas,2041,59.24982903911429
d.2_NZE-NUC_13,r.A,f.blended_gas,2042,62.33989343491232
d.2_NZE-NUC_13,r.A,f.blended_gas,2043,65.57346834488447
d.2_NZE-NUC_13,r.A,f.blended_gas,2044,68.95788002417791
d.2_NZE-NUC_13,r.A,f.blended_gas,2045,71.19970334845902
d.2_NZE-NUC_13,r.A,f.blended_gas,2046,73.50409006482408
d.2_NZE-NUC_13,r.A,f.blended_gas,2047,75.87319794427131
d.2_NZE-NUC_13,r.A,f.blended_gas,2048,78.30927757785214
d.2_NZE-NUC_13,r.A,f.blended_gas,2049,80.8146779699657
d.2_NZE-NUC_13,r.A,f.blended_gas,2050,83.39185258032045
d.2_NZE-NUC_13,r.A,f.blended_gas,1990,0.0
d.2_NZE-NUC_13,r.A,f.blended_gas,1991,0.0
d.2_NZE-NUC_13,r.A,f.blended_gas,1992,0.0
d.2_NZE-NUC_13,r.A,f.blended_gas,1993,0.0
d.2_NZE-NUC_13,r.A,f.blended_gas,1994,0.0
d.2_NZE-NUC_13,r.A,f.blended_gas,1995,0.0
d.2_NZE-NUC_13,r.A,f.blended_gas,1996,0.0
d.2_NZE-NUC_13,r.A,f.blended_gas,1997,0.0
d.2_NZE-NUC_13,r.A,f.blended_gas,1998,0.0
d.2_NZE-NUC_13,r.A,f.blended_gas,1999,0.0
d.2_NZE-NUC_13,r.A,f.blended_gas,2000,0.0
d.2_NZE-NUC_13,r.A,f.blended_gas,2001,0.0
d.2_NZE-NUC_13,r.A,f.blended_gas,2002,0.0
d.2_NZE-NUC_13,r.A,f.blended_gas,2003,0.0
d.2_NZE-NUC_13,r.A,f.blended_gas,2004,0.0
d.2_NZE-NUC_13,r.A,f.blended_gas,2005,0.0
d.2_NZE-NUC_13,r.A,f.blended_gas,2006,0.0
d.2_NZE-NUC_13,r.A,f.blended_gas,2007,0.0
d.2_NZE-NUC_13,r.A,f.blended_gas,2008,0.0
d.2_NZE-NUC_13,r.A,f.blended_gas,2009,0.0
d.2_NZE-NUC_13,r.A,f.blended_gas,2010,0.0
d.2_NZE-NUC_13,r.A,f.blended_gas,2011,0.0
d.2_NZE-NUC_13,r.A,f.blended_gas,2012,0.0
d.2_NZE-NUC_13,r.A,f.blended_gas,2013,0.0
d.2_NZE-NUC_13,r.A,f.blended_gas,2014,0.0
d.2_NZE-NUC_13,r.A,f.blended_gas,2015,0.0
d.2_NZE-NUC_13,r.A,f.blended_gas,2016,0.0
d.2_NZE-NUC_13,r.A,f.blended_gas,2017,0.0
d.2_NZE-NUC_13,r.A,f.blended_gas,2018,0.0
d.2_NZE-NUC_13,r.A,f.blended_gas,2019,0.0
d.2_NZE-NUC_13,r.A,f.blended_gas,2020,0.0
d.2_NZE-NUC_13,r.A,f.blended_gas,2051,83.39185258032045
d.2_NZE-NUC_13,r.A,f.blended_gas,2052,83.39185258032045
d.2_NZE-NUC_13,r.A,f.blended_gas,2053,83.39185258032045
d.2_NZE-NUC_13,r.A,f.blended_gas,2054,83.39185258032045
d.2_NZE-NUC_13,r.A,f.blended_gas,2055,83.39185258032045
d.2_NZE-NUC_13,r.A,f.blended_gas,2056,83.39185258032045
d.2_NZE-NUC_13,r.A,f.blended_gas,2057,83.39185258032045
d.2_NZE-NUC_13,r.A,f.blended_gas,2058,83.39185258032045
d.2_NZE-NUC_13,r.A,f.blended_gas,2059,83.39185258032045
d.2_NZE-NUC_13,r.A,f.blended_gas,2060,83.39185258032045
d.2_NZE-NUC_13,r.A,f.blended_gas,2061,83.39185258032045
d.2_NZE-NUC_13,r.A,f.blended_gas,2062,83.39185258032045
d.2_NZE-NUC_13,r.A,f.blended_gas,2063,83.39185258032045
d.2_NZE-NUC_13,r.A,f.blended_gas,2064,83.39185258032045
d.2_NZE-NUC_13,r.A,f.blended_gas,2065,83.39185258032045
d.2_NZE-NUC_13,r.A,f.blended_gas,2066,83.39185258032045
d.2_NZE-NUC_13,r.A,f.blended_gas,2067,83.39185258032045
d.2_NZE-NUC_13,r.A,f.blended_gas,2068,83.39185258032045
d.2_NZE-NUC_13,r.A,f.blended_gas,2069,83.39185258032045
d.2_NZE-NUC_13,r.A,f.blended_gas,2070,83.39185258032045
