;;;;value
NetZero2050;r.A;t.elect_coal;1990;0.004609861
NetZero2050;r.A;t.elect_coal;1991;0
NetZero2050;r.A;t.elect_coal;1992;0
NetZero2050;r.A;t.elect_coal;1993;0
NetZero2050;r.A;t.elect_coal;1994;0.002198542
NetZero2050;r.A;t.elect_coal;1995;0.000405526
NetZero2050;r.A;t.elect_coal;1996;0
NetZero2050;r.A;t.elect_coal;1997;0
NetZero2050;r.A;t.elect_coal;1998;0
NetZero2050;r.A;t.elect_coal;1999;0
NetZero2050;r.A;t.elect_coal;2000;0
NetZero2050;r.A;t.elect_coal;2001;0
NetZero2050;r.A;t.elect_coal;2002;0
NetZero2050;r.A;t.elect_coal;2003;0
NetZero2050;r.A;t.elect_coal;2004;0
NetZero2050;r.A;t.elect_coal;2005;0
NetZero2050;r.A;t.elect_coal;2006;0
NetZero2050;r.A;t.elect_coal;2007;0
NetZero2050;r.A;t.elect_coal;2008;0
NetZero2050;r.A;t.elect_coal;2009;0
NetZero2050;r.A;t.elect_coal;2010;0
NetZero2050;r.A;t.elect_coal;2011;0
NetZero2050;r.A;t.elect_coal;2012;0
NetZero2050;r.A;t.elect_coal;2013;0
NetZero2050;r.A;t.elect_coal;2014;0
NetZero2050;r.A;t.elect_coal;2015;0
NetZero2050;r.A;t.elect_coal;2016;0
NetZero2050;r.A;t.elect_coal;2017;0
NetZero2050;r.A;t.elect_coal;2018;0
NetZero2050;r.A;t.elect_coal;2019;0
NetZero2050;r.A;t.elect_coal;2020;0
NetZero2050;r.A;t.elect_coal;2021;0
NetZero2050;r.A;t.elect_coal;2022;0
NetZero2050;r.A;t.elect_coal;2023;0
NetZero2050;r.A;t.elect_coal;2024;0
NetZero2050;r.A;t.elect_coal;2025;0
NetZero2050;r.A;t.elect_coal;2026;0
NetZero2050;r.A;t.elect_coal;2027;0
NetZero2050;r.A;t.elect_coal;2028;0
NetZero2050;r.A;t.elect_coal;2029;0
NetZero2050;r.A;t.elect_coal;2030;0
NetZero2050;r.A;t.elect_coal;2031;0
NetZero2050;r.A;t.elect_coal;2032;0
NetZero2050;r.A;t.elect_coal;2033;0
NetZero2050;r.A;t.elect_coal;2034;0
NetZero2050;r.A;t.elect_coal;2035;0
NetZero2050;r.A;t.elect_coal;2036;0
NetZero2050;r.A;t.elect_coal;2037;0
NetZero2050;r.A;t.elect_coal;2038;0
NetZero2050;r.A;t.elect_coal;2039;0
NetZero2050;r.A;t.elect_coal;2040;0
NetZero2050;r.A;t.elect_coal;2041;0
NetZero2050;r.A;t.elect_coal;2042;0
NetZero2050;r.A;t.elect_coal;2043;0
NetZero2050;r.A;t.elect_coal;2044;0
NetZero2050;r.A;t.elect_coal;2045;0
NetZero2050;r.A;t.elect_coal;2046;0
NetZero2050;r.A;t.elect_coal;2047;0
NetZero2050;r.A;t.elect_coal;2048;0
NetZero2050;r.A;t.elect_coal;2049;0
NetZero2050;r.A;t.elect_coal;2050;0
NetZero2050;r.A;t.elect_coal;2051;0
NetZero2050;r.A;t.elect_coal;2052;0
NetZero2050;r.A;t.elect_coal;2053;0
NetZero2050;r.A;t.elect_coal;2054;0
NetZero2050;r.A;t.elect_coal;2055;0
NetZero2050;r.A;t.elect_coal;2056;0
NetZero2050;r.A;t.elect_coal;2057;0
NetZero2050;r.A;t.elect_coal;2058;0
NetZero2050;r.A;t.elect_coal;2059;0
NetZero2050;r.A;t.elect_coal;2060;0
NetZero2050;r.A;t.elect_coal;2061;0
NetZero2050;r.A;t.elect_coal;2062;0
NetZero2050;r.A;t.elect_coal;2063;0
NetZero2050;r.A;t.elect_coal;2064;0
NetZero2050;r.A;t.elect_coal;2065;0
NetZero2050;r.A;t.elect_coal;2066;0
NetZero2050;r.A;t.elect_coal;2067;0
NetZero2050;r.A;t.elect_coal;2068;0
NetZero2050;r.A;t.elect_coal;2069;0
NetZero2050;r.A;t.elect_coal;2070;0
NetZero2050;r.A;t.elect_oil;1990;0.013440227
NetZero2050;r.A;t.elect_oil;1991;0
NetZero2050;r.A;t.elect_oil;1992;0.001514768
NetZero2050;r.A;t.elect_oil;1993;0
NetZero2050;r.A;t.elect_oil;1994;3.67E-05
NetZero2050;r.A;t.elect_oil;1995;0.00058454
NetZero2050;r.A;t.elect_oil;1996;0
NetZero2050;r.A;t.elect_oil;1997;0.000494168
NetZero2050;r.A;t.elect_oil;1998;0
NetZero2050;r.A;t.elect_oil;1999;0
NetZero2050;r.A;t.elect_oil;2000;0
NetZero2050;r.A;t.elect_oil;2001;0
NetZero2050;r.A;t.elect_oil;2002;0
NetZero2050;r.A;t.elect_oil;2003;0
NetZero2050;r.A;t.elect_oil;2004;0
NetZero2050;r.A;t.elect_oil;2005;0
NetZero2050;r.A;t.elect_oil;2006;0
NetZero2050;r.A;t.elect_oil;2007;0
NetZero2050;r.A;t.elect_oil;2008;0
NetZero2050;r.A;t.elect_oil;2009;0
NetZero2050;r.A;t.elect_oil;2010;0
NetZero2050;r.A;t.elect_oil;2011;0
NetZero2050;r.A;t.elect_oil;2012;0
NetZero2050;r.A;t.elect_oil;2013;0
NetZero2050;r.A;t.elect_oil;2014;0
NetZero2050;r.A;t.elect_oil;2015;0
NetZero2050;r.A;t.elect_oil;2016;0
NetZero2050;r.A;t.elect_oil;2017;0
NetZero2050;r.A;t.elect_oil;2018;0
NetZero2050;r.A;t.elect_oil;2019;0
NetZero2050;r.A;t.elect_oil;2020;0
NetZero2050;r.A;t.elect_oil;2021;0
NetZero2050;r.A;t.elect_oil;2022;0
NetZero2050;r.A;t.elect_oil;2023;0
NetZero2050;r.A;t.elect_oil;2024;0
NetZero2050;r.A;t.elect_oil;2025;0
NetZero2050;r.A;t.elect_oil;2026;0
NetZero2050;r.A;t.elect_oil;2027;0
NetZero2050;r.A;t.elect_oil;2028;0
NetZero2050;r.A;t.elect_oil;2029;0
NetZero2050;r.A;t.elect_oil;2030;0
NetZero2050;r.A;t.elect_oil;2031;0
NetZero2050;r.A;t.elect_oil;2032;0
NetZero2050;r.A;t.elect_oil;2033;0
NetZero2050;r.A;t.elect_oil;2034;0
NetZero2050;r.A;t.elect_oil;2035;0
NetZero2050;r.A;t.elect_oil;2036;0
NetZero2050;r.A;t.elect_oil;2037;0
NetZero2050;r.A;t.elect_oil;2038;0
NetZero2050;r.A;t.elect_oil;2039;0
NetZero2050;r.A;t.elect_oil;2040;0
NetZero2050;r.A;t.elect_oil;2041;0
NetZero2050;r.A;t.elect_oil;2042;0
NetZero2050;r.A;t.elect_oil;2043;0
NetZero2050;r.A;t.elect_oil;2044;0
NetZero2050;r.A;t.elect_oil;2045;0
NetZero2050;r.A;t.elect_oil;2046;0
NetZero2050;r.A;t.elect_oil;2047;0
NetZero2050;r.A;t.elect_oil;2048;0
NetZero2050;r.A;t.elect_oil;2049;0
NetZero2050;r.A;t.elect_oil;2050;0
NetZero2050;r.A;t.elect_oil;2051;0
NetZero2050;r.A;t.elect_oil;2052;0
NetZero2050;r.A;t.elect_oil;2053;0
NetZero2050;r.A;t.elect_oil;2054;0
NetZero2050;r.A;t.elect_oil;2055;0
NetZero2050;r.A;t.elect_oil;2056;0
NetZero2050;r.A;t.elect_oil;2057;0
NetZero2050;r.A;t.elect_oil;2058;0
NetZero2050;r.A;t.elect_oil;2059;0
NetZero2050;r.A;t.elect_oil;2060;0
NetZero2050;r.A;t.elect_oil;2061;0
NetZero2050;r.A;t.elect_oil;2062;0
NetZero2050;r.A;t.elect_oil;2063;0
NetZero2050;r.A;t.elect_oil;2064;0
NetZero2050;r.A;t.elect_oil;2065;0
NetZero2050;r.A;t.elect_oil;2066;0
NetZero2050;r.A;t.elect_oil;2067;0
NetZero2050;r.A;t.elect_oil;2068;0
NetZero2050;r.A;t.elect_oil;2069;0
NetZero2050;r.A;t.elect_oil;2070;0
NetZero2050;r.A;t.elect_natgas;1990;0.01015989
NetZero2050;r.A;t.elect_natgas;1991;0
NetZero2050;r.A;t.elect_natgas;1992;0
NetZero2050;r.A;t.elect_natgas;1993;0
NetZero2050;r.A;t.elect_natgas;1994;0
NetZero2050;r.A;t.elect_natgas;1995;0
NetZero2050;r.A;t.elect_natgas;1996;0
NetZero2050;r.A;t.elect_natgas;1997;0
NetZero2050;r.A;t.elect_natgas;1998;0
NetZero2050;r.A;t.elect_natgas;1999;0.003388326
NetZero2050;r.A;t.elect_natgas;2000;0
NetZero2050;r.A;t.elect_natgas;2001;0
NetZero2050;r.A;t.elect_natgas;2002;0
NetZero2050;r.A;t.elect_natgas;2003;0.0037
NetZero2050;r.A;t.elect_natgas;2004;0.0048
NetZero2050;r.A;t.elect_natgas;2005;0.0043
NetZero2050;r.A;t.elect_natgas;2006;0.0048
NetZero2050;r.A;t.elect_natgas;2007;0.0028
NetZero2050;r.A;t.elect_natgas;2008;0.0044
NetZero2050;r.A;t.elect_natgas;2009;0
NetZero2050;r.A;t.elect_natgas;2010;0.0029
NetZero2050;r.A;t.elect_natgas;2011;0.0014
NetZero2050;r.A;t.elect_natgas;2012;0
NetZero2050;r.A;t.elect_natgas;2013;0
NetZero2050;r.A;t.elect_natgas;2014;0
NetZero2050;r.A;t.elect_natgas;2015;0
NetZero2050;r.A;t.elect_natgas;2016;0.001969786
NetZero2050;r.A;t.elect_natgas;2017;0
NetZero2050;r.A;t.elect_natgas;2018;0.0002
NetZero2050;r.A;t.elect_natgas;2019;0
NetZero2050;r.A;t.elect_natgas;2020;0
NetZero2050;r.A;t.elect_natgas;2021;0
NetZero2050;r.A;t.elect_natgas;2022;0
NetZero2050;r.A;t.elect_natgas;2023;0
NetZero2050;r.A;t.elect_natgas;2024;0
NetZero2050;r.A;t.elect_natgas;2025;0
NetZero2050;r.A;t.elect_natgas;2026;0
NetZero2050;r.A;t.elect_natgas;2027;0
NetZero2050;r.A;t.elect_natgas;2028;0
NetZero2050;r.A;t.elect_natgas;2029;0
NetZero2050;r.A;t.elect_natgas;2030;0
NetZero2050;r.A;t.elect_natgas;2031;0
NetZero2050;r.A;t.elect_natgas;2032;0
NetZero2050;r.A;t.elect_natgas;2033;0
NetZero2050;r.A;t.elect_natgas;2034;0
NetZero2050;r.A;t.elect_natgas;2035;0
NetZero2050;r.A;t.elect_natgas;2036;0
NetZero2050;r.A;t.elect_natgas;2037;0
NetZero2050;r.A;t.elect_natgas;2038;0
NetZero2050;r.A;t.elect_natgas;2039;0
NetZero2050;r.A;t.elect_natgas;2040;0
NetZero2050;r.A;t.elect_natgas;2041;0
NetZero2050;r.A;t.elect_natgas;2042;0
NetZero2050;r.A;t.elect_natgas;2043;0
NetZero2050;r.A;t.elect_natgas;2044;0
NetZero2050;r.A;t.elect_natgas;2045;0
NetZero2050;r.A;t.elect_natgas;2046;0
NetZero2050;r.A;t.elect_natgas;2047;0
NetZero2050;r.A;t.elect_natgas;2048;0
NetZero2050;r.A;t.elect_natgas;2049;0
NetZero2050;r.A;t.elect_natgas;2050;0
NetZero2050;r.A;t.elect_natgas;2051;0
NetZero2050;r.A;t.elect_natgas;2052;0
NetZero2050;r.A;t.elect_natgas;2053;0
NetZero2050;r.A;t.elect_natgas;2054;0
NetZero2050;r.A;t.elect_natgas;2055;0
NetZero2050;r.A;t.elect_natgas;2056;0
NetZero2050;r.A;t.elect_natgas;2057;0
NetZero2050;r.A;t.elect_natgas;2058;0
NetZero2050;r.A;t.elect_natgas;2059;0
NetZero2050;r.A;t.elect_natgas;2060;0
NetZero2050;r.A;t.elect_natgas;2061;0
NetZero2050;r.A;t.elect_natgas;2062;0
NetZero2050;r.A;t.elect_natgas;2063;0
NetZero2050;r.A;t.elect_natgas;2064;0
NetZero2050;r.A;t.elect_natgas;2065;0
NetZero2050;r.A;t.elect_natgas;2066;0
NetZero2050;r.A;t.elect_natgas;2067;0
NetZero2050;r.A;t.elect_natgas;2068;0
NetZero2050;r.A;t.elect_natgas;2069;0
NetZero2050;r.A;t.elect_natgas;2070;0
NetZero2050;r.A;t.elect_natgas_ccs;1990;0
NetZero2050;r.A;t.elect_natgas_ccs;1991;0
NetZero2050;r.A;t.elect_natgas_ccs;1992;0
NetZero2050;r.A;t.elect_natgas_ccs;1993;0
NetZero2050;r.A;t.elect_natgas_ccs;1994;0
NetZero2050;r.A;t.elect_natgas_ccs;1995;0
NetZero2050;r.A;t.elect_natgas_ccs;1996;0
NetZero2050;r.A;t.elect_natgas_ccs;1997;0
NetZero2050;r.A;t.elect_natgas_ccs;1998;0
NetZero2050;r.A;t.elect_natgas_ccs;1999;0
NetZero2050;r.A;t.elect_natgas_ccs;2000;0
NetZero2050;r.A;t.elect_natgas_ccs;2001;0
NetZero2050;r.A;t.elect_natgas_ccs;2002;0
NetZero2050;r.A;t.elect_natgas_ccs;2003;0
NetZero2050;r.A;t.elect_natgas_ccs;2004;0
NetZero2050;r.A;t.elect_natgas_ccs;2005;0
NetZero2050;r.A;t.elect_natgas_ccs;2006;0
NetZero2050;r.A;t.elect_natgas_ccs;2007;0
NetZero2050;r.A;t.elect_natgas_ccs;2008;0
NetZero2050;r.A;t.elect_natgas_ccs;2009;0
NetZero2050;r.A;t.elect_natgas_ccs;2010;0
NetZero2050;r.A;t.elect_natgas_ccs;2011;0
NetZero2050;r.A;t.elect_natgas_ccs;2012;0
NetZero2050;r.A;t.elect_natgas_ccs;2013;0
NetZero2050;r.A;t.elect_natgas_ccs;2014;0
NetZero2050;r.A;t.elect_natgas_ccs;2015;0
NetZero2050;r.A;t.elect_natgas_ccs;2016;0
NetZero2050;r.A;t.elect_natgas_ccs;2017;0
NetZero2050;r.A;t.elect_natgas_ccs;2018;0
NetZero2050;r.A;t.elect_natgas_ccs;2019;0
NetZero2050;r.A;t.elect_natgas_ccs;2020;0
NetZero2050;r.A;t.elect_natgas_ccs;2021;0
NetZero2050;r.A;t.elect_natgas_ccs;2022;0
NetZero2050;r.A;t.elect_natgas_ccs;2023;0
NetZero2050;r.A;t.elect_natgas_ccs;2024;0
NetZero2050;r.A;t.elect_natgas_ccs;2025;0
NetZero2050;r.A;t.elect_natgas_ccs;2026;0
NetZero2050;r.A;t.elect_natgas_ccs;2027;0.0005
NetZero2050;r.A;t.elect_natgas_ccs;2028;0.0005
NetZero2050;r.A;t.elect_natgas_ccs;2029;0.0005
NetZero2050;r.A;t.elect_natgas_ccs;2030;0.001
NetZero2050;r.A;t.elect_natgas_ccs;2031;0.001
NetZero2050;r.A;t.elect_natgas_ccs;2032;0.001
NetZero2050;r.A;t.elect_natgas_ccs;2033;0.001
NetZero2050;r.A;t.elect_natgas_ccs;2034;0.001
NetZero2050;r.A;t.elect_natgas_ccs;2035;0.001
NetZero2050;r.A;t.elect_natgas_ccs;2036;0.009101239
NetZero2050;r.A;t.elect_natgas_ccs;2037;0.008729896
NetZero2050;r.A;t.elect_natgas_ccs;2038;0.004021226
NetZero2050;r.A;t.elect_natgas_ccs;2039;0.001150577
NetZero2050;r.A;t.elect_natgas_ccs;2040;0
NetZero2050;r.A;t.elect_natgas_ccs;2041;0
NetZero2050;r.A;t.elect_natgas_ccs;2042;0
NetZero2050;r.A;t.elect_natgas_ccs;2043;0
NetZero2050;r.A;t.elect_natgas_ccs;2044;0
NetZero2050;r.A;t.elect_natgas_ccs;2045;0
NetZero2050;r.A;t.elect_natgas_ccs;2046;0
NetZero2050;r.A;t.elect_natgas_ccs;2047;0.006119664
NetZero2050;r.A;t.elect_natgas_ccs;2048;0.00936249
NetZero2050;r.A;t.elect_natgas_ccs;2049;0.008684183
NetZero2050;r.A;t.elect_natgas_ccs;2050;0.010006397
NetZero2050;r.A;t.elect_natgas_ccs;2051;0
NetZero2050;r.A;t.elect_natgas_ccs;2052;0
NetZero2050;r.A;t.elect_natgas_ccs;2053;0
NetZero2050;r.A;t.elect_natgas_ccs;2054;0
NetZero2050;r.A;t.elect_natgas_ccs;2055;0
NetZero2050;r.A;t.elect_natgas_ccs;2056;0
NetZero2050;r.A;t.elect_natgas_ccs;2057;0
NetZero2050;r.A;t.elect_natgas_ccs;2058;0
NetZero2050;r.A;t.elect_natgas_ccs;2059;0
NetZero2050;r.A;t.elect_natgas_ccs;2060;0
NetZero2050;r.A;t.elect_natgas_ccs;2061;0
NetZero2050;r.A;t.elect_natgas_ccs;2062;0
NetZero2050;r.A;t.elect_natgas_ccs;2063;0
NetZero2050;r.A;t.elect_natgas_ccs;2064;0
NetZero2050;r.A;t.elect_natgas_ccs;2065;0
NetZero2050;r.A;t.elect_natgas_ccs;2066;0
NetZero2050;r.A;t.elect_natgas_ccs;2067;0
NetZero2050;r.A;t.elect_natgas_ccs;2068;0
NetZero2050;r.A;t.elect_natgas_ccs;2069;0
NetZero2050;r.A;t.elect_natgas_ccs;2070;0
NetZero2050;r.A;t.elect_nuclear;1990;0
NetZero2050;r.A;t.elect_nuclear;1991;0
NetZero2050;r.A;t.elect_nuclear;1992;0
NetZero2050;r.A;t.elect_nuclear;1993;0
NetZero2050;r.A;t.elect_nuclear;1994;0
NetZero2050;r.A;t.elect_nuclear;1995;0
NetZero2050;r.A;t.elect_nuclear;1996;0
NetZero2050;r.A;t.elect_nuclear;1997;0
NetZero2050;r.A;t.elect_nuclear;1998;0
NetZero2050;r.A;t.elect_nuclear;1999;0
NetZero2050;r.A;t.elect_nuclear;2000;0
NetZero2050;r.A;t.elect_nuclear;2001;0
NetZero2050;r.A;t.elect_nuclear;2002;0
NetZero2050;r.A;t.elect_nuclear;2003;0
NetZero2050;r.A;t.elect_nuclear;2004;0
NetZero2050;r.A;t.elect_nuclear;2005;0
NetZero2050;r.A;t.elect_nuclear;2006;0
NetZero2050;r.A;t.elect_nuclear;2007;0
NetZero2050;r.A;t.elect_nuclear;2008;0
NetZero2050;r.A;t.elect_nuclear;2009;0
NetZero2050;r.A;t.elect_nuclear;2010;0
NetZero2050;r.A;t.elect_nuclear;2011;0
NetZero2050;r.A;t.elect_nuclear;2012;0
NetZero2050;r.A;t.elect_nuclear;2013;0
NetZero2050;r.A;t.elect_nuclear;2014;0
NetZero2050;r.A;t.elect_nuclear;2015;0
NetZero2050;r.A;t.elect_nuclear;2016;0
NetZero2050;r.A;t.elect_nuclear;2017;0
NetZero2050;r.A;t.elect_nuclear;2018;0
NetZero2050;r.A;t.elect_nuclear;2019;0
NetZero2050;r.A;t.elect_nuclear;2020;0
NetZero2050;r.A;t.elect_nuclear;2021;0
NetZero2050;r.A;t.elect_nuclear;2022;0
NetZero2050;r.A;t.elect_nuclear;2023;0
NetZero2050;r.A;t.elect_nuclear;2024;0
NetZero2050;r.A;t.elect_nuclear;2025;0
NetZero2050;r.A;t.elect_nuclear;2026;0
NetZero2050;r.A;t.elect_nuclear;2027;0
NetZero2050;r.A;t.elect_nuclear;2028;0
NetZero2050;r.A;t.elect_nuclear;2029;0
NetZero2050;r.A;t.elect_nuclear;2030;0
NetZero2050;r.A;t.elect_nuclear;2031;0
NetZero2050;r.A;t.elect_nuclear;2032;0
NetZero2050;r.A;t.elect_nuclear;2033;0
NetZero2050;r.A;t.elect_nuclear;2034;0
NetZero2050;r.A;t.elect_nuclear;2035;0
NetZero2050;r.A;t.elect_nuclear;2036;0
NetZero2050;r.A;t.elect_nuclear;2037;0
NetZero2050;r.A;t.elect_nuclear;2038;0
NetZero2050;r.A;t.elect_nuclear;2039;0
NetZero2050;r.A;t.elect_nuclear;2040;0
NetZero2050;r.A;t.elect_nuclear;2041;0
NetZero2050;r.A;t.elect_nuclear;2042;0
NetZero2050;r.A;t.elect_nuclear;2043;0
NetZero2050;r.A;t.elect_nuclear;2044;0
NetZero2050;r.A;t.elect_nuclear;2045;0
NetZero2050;r.A;t.elect_nuclear;2046;0
NetZero2050;r.A;t.elect_nuclear;2047;0
NetZero2050;r.A;t.elect_nuclear;2048;0
NetZero2050;r.A;t.elect_nuclear;2049;0
NetZero2050;r.A;t.elect_nuclear;2050;0
NetZero2050;r.A;t.elect_nuclear;2051;0
NetZero2050;r.A;t.elect_nuclear;2052;0
NetZero2050;r.A;t.elect_nuclear;2053;0
NetZero2050;r.A;t.elect_nuclear;2054;0
NetZero2050;r.A;t.elect_nuclear;2055;0
NetZero2050;r.A;t.elect_nuclear;2056;0
NetZero2050;r.A;t.elect_nuclear;2057;0
NetZero2050;r.A;t.elect_nuclear;2058;0
NetZero2050;r.A;t.elect_nuclear;2059;0
NetZero2050;r.A;t.elect_nuclear;2060;0
NetZero2050;r.A;t.elect_nuclear;2061;0
NetZero2050;r.A;t.elect_nuclear;2062;0
NetZero2050;r.A;t.elect_nuclear;2063;0
NetZero2050;r.A;t.elect_nuclear;2064;0
NetZero2050;r.A;t.elect_nuclear;2065;0
NetZero2050;r.A;t.elect_nuclear;2066;0
NetZero2050;r.A;t.elect_nuclear;2067;0
NetZero2050;r.A;t.elect_nuclear;2068;0
NetZero2050;r.A;t.elect_nuclear;2069;0
NetZero2050;r.A;t.elect_nuclear;2070;0
NetZero2050;r.A;t.elect_pv;1990;0
NetZero2050;r.A;t.elect_pv;1991;0
NetZero2050;r.A;t.elect_pv;1992;0
NetZero2050;r.A;t.elect_pv;1993;0
NetZero2050;r.A;t.elect_pv;1994;0
NetZero2050;r.A;t.elect_pv;1995;0
NetZero2050;r.A;t.elect_pv;1996;0
NetZero2050;r.A;t.elect_pv;1997;0
NetZero2050;r.A;t.elect_pv;1998;0
NetZero2050;r.A;t.elect_pv;1999;0
NetZero2050;r.A;t.elect_pv;2000;0
NetZero2050;r.A;t.elect_pv;2001;0
NetZero2050;r.A;t.elect_pv;2002;0
NetZero2050;r.A;t.elect_pv;2003;0
NetZero2050;r.A;t.elect_pv;2004;0
NetZero2050;r.A;t.elect_pv;2005;0
NetZero2050;r.A;t.elect_pv;2006;0
NetZero2050;r.A;t.elect_pv;2007;0
NetZero2050;r.A;t.elect_pv;2008;0
NetZero2050;r.A;t.elect_pv;2009;0
NetZero2050;r.A;t.elect_pv;2010;0
NetZero2050;r.A;t.elect_pv;2011;0.008163912
NetZero2050;r.A;t.elect_pv;2012;0.006087565
NetZero2050;r.A;t.elect_pv;2013;0.002072971
NetZero2050;r.A;t.elect_pv;2014;0.000589918
NetZero2050;r.A;t.elect_pv;2015;0.000400202
NetZero2050;r.A;t.elect_pv;2016;0
NetZero2050;r.A;t.elect_pv;2017;0.003539411
NetZero2050;r.A;t.elect_pv;2018;0
NetZero2050;r.A;t.elect_pv;2019;0
NetZero2050;r.A;t.elect_pv;2020;0.000534126
NetZero2050;r.A;t.elect_pv;2021;0
NetZero2050;r.A;t.elect_pv;2022;0.002892725
NetZero2050;r.A;t.elect_pv;2023;0.018234618
NetZero2050;r.A;t.elect_pv;2024;0
NetZero2050;r.A;t.elect_pv;2025;0.001640059
NetZero2050;r.A;t.elect_pv;2026;0.01815215
NetZero2050;r.A;t.elect_pv;2027;0.0172724
NetZero2050;r.A;t.elect_pv;2028;0.004471443
NetZero2050;r.A;t.elect_pv;2029;0
NetZero2050;r.A;t.elect_pv;2030;0.006279915
NetZero2050;r.A;t.elect_pv;2031;0.005858929
NetZero2050;r.A;t.elect_pv;2032;0
NetZero2050;r.A;t.elect_pv;2033;0
NetZero2050;r.A;t.elect_pv;2034;0
NetZero2050;r.A;t.elect_pv;2035;0
NetZero2050;r.A;t.elect_pv;2036;0
NetZero2050;r.A;t.elect_pv;2037;0
NetZero2050;r.A;t.elect_pv;2038;0.01125428
NetZero2050;r.A;t.elect_pv;2039;0.017958708
NetZero2050;r.A;t.elect_pv;2040;0.020094889
NetZero2050;r.A;t.elect_pv;2041;0.01786284
NetZero2050;r.A;t.elect_pv;2042;0.018511481
NetZero2050;r.A;t.elect_pv;2043;0.017112247
NetZero2050;r.A;t.elect_pv;2044;0.017418065
NetZero2050;r.A;t.elect_pv;2045;0.019329058
NetZero2050;r.A;t.elect_pv;2046;0.016091018
NetZero2050;r.A;t.elect_pv;2047;0
NetZero2050;r.A;t.elect_pv;2048;0
NetZero2050;r.A;t.elect_pv;2049;0
NetZero2050;r.A;t.elect_pv;2050;0
NetZero2050;r.A;t.elect_pv;2051;0.212421777
NetZero2050;r.A;t.elect_pv;2052;0.013776484
NetZero2050;r.A;t.elect_pv;2053;0.012501842
NetZero2050;r.A;t.elect_pv;2054;0.010567153
NetZero2050;r.A;t.elect_pv;2055;0.007647018
NetZero2050;r.A;t.elect_pv;2056;0.00604962
NetZero2050;r.A;t.elect_pv;2057;0.004236435
NetZero2050;r.A;t.elect_pv;2058;0.001056066
NetZero2050;r.A;t.elect_pv;2059;0.002069174
NetZero2050;r.A;t.elect_pv;2060;0.014488567
NetZero2050;r.A;t.elect_pv;2061;0.02308176
NetZero2050;r.A;t.elect_pv;2062;0.025064964
NetZero2050;r.A;t.elect_pv;2063;0.024793736
NetZero2050;r.A;t.elect_pv;2064;0.029489896
NetZero2050;r.A;t.elect_pv;2065;0.039466503
NetZero2050;r.A;t.elect_pv;2066;0.038650941
NetZero2050;r.A;t.elect_pv;2067;0.036306706
NetZero2050;r.A;t.elect_pv;2068;0.037813263
NetZero2050;r.A;t.elect_pv;2069;0.041978016
NetZero2050;r.A;t.elect_pv;2070;0.044486884
NetZero2050;r.A;t.elect_wind_on;1990;0
NetZero2050;r.A;t.elect_wind_on;1991;0
NetZero2050;r.A;t.elect_wind_on;1992;0
NetZero2050;r.A;t.elect_wind_on;1993;0
NetZero2050;r.A;t.elect_wind_on;1994;0
NetZero2050;r.A;t.elect_wind_on;1995;0
NetZero2050;r.A;t.elect_wind_on;1996;0
NetZero2050;r.A;t.elect_wind_on;1997;0
NetZero2050;r.A;t.elect_wind_on;1998;0
NetZero2050;r.A;t.elect_wind_on;1999;0
NetZero2050;r.A;t.elect_wind_on;2000;0
NetZero2050;r.A;t.elect_wind_on;2001;0
NetZero2050;r.A;t.elect_wind_on;2002;0
NetZero2050;r.A;t.elect_wind_on;2003;0
NetZero2050;r.A;t.elect_wind_on;2004;0
NetZero2050;r.A;t.elect_wind_on;2005;0
NetZero2050;r.A;t.elect_wind_on;2006;0.015856366
NetZero2050;r.A;t.elect_wind_on;2007;0
NetZero2050;r.A;t.elect_wind_on;2008;0
NetZero2050;r.A;t.elect_wind_on;2009;0
NetZero2050;r.A;t.elect_wind_on;2010;0
NetZero2050;r.A;t.elect_wind_on;2011;0
NetZero2050;r.A;t.elect_wind_on;2012;0
NetZero2050;r.A;t.elect_wind_on;2013;0
NetZero2050;r.A;t.elect_wind_on;2014;0
NetZero2050;r.A;t.elect_wind_on;2015;0
NetZero2050;r.A;t.elect_wind_on;2016;0
NetZero2050;r.A;t.elect_wind_on;2017;0
NetZero2050;r.A;t.elect_wind_on;2018;0
NetZero2050;r.A;t.elect_wind_on;2019;0.000185189
NetZero2050;r.A;t.elect_wind_on;2020;0
NetZero2050;r.A;t.elect_wind_on;2021;0.001624206
NetZero2050;r.A;t.elect_wind_on;2022;0
NetZero2050;r.A;t.elect_wind_on;2023;0
NetZero2050;r.A;t.elect_wind_on;2024;0.013827106
NetZero2050;r.A;t.elect_wind_on;2025;0.012365332
NetZero2050;r.A;t.elect_wind_on;2026;0
NetZero2050;r.A;t.elect_wind_on;2027;0
NetZero2050;r.A;t.elect_wind_on;2028;0
NetZero2050;r.A;t.elect_wind_on;2029;0
NetZero2050;r.A;t.elect_wind_on;2030;0
NetZero2050;r.A;t.elect_wind_on;2031;0.006776487
NetZero2050;r.A;t.elect_wind_on;2032;0.014275294
NetZero2050;r.A;t.elect_wind_on;2033;0.014429043
NetZero2050;r.A;t.elect_wind_on;2034;0.010801466
NetZero2050;r.A;t.elect_wind_on;2035;0.010025434
NetZero2050;r.A;t.elect_wind_on;2036;0
NetZero2050;r.A;t.elect_wind_on;2037;0.000969704
NetZero2050;r.A;t.elect_wind_on;2038;0.001050608
NetZero2050;r.A;t.elect_wind_on;2039;0.001612013
NetZero2050;r.A;t.elect_wind_on;2040;0.002409559
NetZero2050;r.A;t.elect_wind_on;2041;0.003387638
NetZero2050;r.A;t.elect_wind_on;2042;0.004255
NetZero2050;r.A;t.elect_wind_on;2043;0.004802207
NetZero2050;r.A;t.elect_wind_on;2044;0.004691724
NetZero2050;r.A;t.elect_wind_on;2045;0.003869416
NetZero2050;r.A;t.elect_wind_on;2046;0.00297242
NetZero2050;r.A;t.elect_wind_on;2047;0.002907765
NetZero2050;r.A;t.elect_wind_on;2048;0.003968216
NetZero2050;r.A;t.elect_wind_on;2049;0.00560669
NetZero2050;r.A;t.elect_wind_on;2050;0
NetZero2050;r.A;t.elect_wind_on;2051;0
NetZero2050;r.A;t.elect_wind_on;2052;0
NetZero2050;r.A;t.elect_wind_on;2053;0
NetZero2050;r.A;t.elect_wind_on;2054;0
NetZero2050;r.A;t.elect_wind_on;2055;0
NetZero2050;r.A;t.elect_wind_on;2056;0
NetZero2050;r.A;t.elect_wind_on;2057;0
NetZero2050;r.A;t.elect_wind_on;2058;0
NetZero2050;r.A;t.elect_wind_on;2059;0
NetZero2050;r.A;t.elect_wind_on;2060;0
NetZero2050;r.A;t.elect_wind_on;2061;0
NetZero2050;r.A;t.elect_wind_on;2062;0
NetZero2050;r.A;t.elect_wind_on;2063;0
NetZero2050;r.A;t.elect_wind_on;2064;0
NetZero2050;r.A;t.elect_wind_on;2065;0
NetZero2050;r.A;t.elect_wind_on;2066;0
NetZero2050;r.A;t.elect_wind_on;2067;0
NetZero2050;r.A;t.elect_wind_on;2068;0
NetZero2050;r.A;t.elect_wind_on;2069;0
NetZero2050;r.A;t.elect_wind_on;2070;0
NetZero2050;r.A;t.elect_wind_off;1990;0
NetZero2050;r.A;t.elect_wind_off;1991;0
NetZero2050;r.A;t.elect_wind_off;1992;0
NetZero2050;r.A;t.elect_wind_off;1993;0
NetZero2050;r.A;t.elect_wind_off;1994;0
NetZero2050;r.A;t.elect_wind_off;1995;0
NetZero2050;r.A;t.elect_wind_off;1996;0
NetZero2050;r.A;t.elect_wind_off;1997;0
NetZero2050;r.A;t.elect_wind_off;1998;0
NetZero2050;r.A;t.elect_wind_off;1999;0
NetZero2050;r.A;t.elect_wind_off;2000;0
NetZero2050;r.A;t.elect_wind_off;2001;0
NetZero2050;r.A;t.elect_wind_off;2002;0
NetZero2050;r.A;t.elect_wind_off;2003;0
NetZero2050;r.A;t.elect_wind_off;2004;0
NetZero2050;r.A;t.elect_wind_off;2005;0
NetZero2050;r.A;t.elect_wind_off;2006;0
NetZero2050;r.A;t.elect_wind_off;2007;0
NetZero2050;r.A;t.elect_wind_off;2008;0
NetZero2050;r.A;t.elect_wind_off;2009;0
NetZero2050;r.A;t.elect_wind_off;2010;0
NetZero2050;r.A;t.elect_wind_off;2011;0
NetZero2050;r.A;t.elect_wind_off;2012;0
NetZero2050;r.A;t.elect_wind_off;2013;0
NetZero2050;r.A;t.elect_wind_off;2014;0
NetZero2050;r.A;t.elect_wind_off;2015;0
NetZero2050;r.A;t.elect_wind_off;2016;0
NetZero2050;r.A;t.elect_wind_off;2017;0
NetZero2050;r.A;t.elect_wind_off;2018;0
NetZero2050;r.A;t.elect_wind_off;2019;0
NetZero2050;r.A;t.elect_wind_off;2020;0
NetZero2050;r.A;t.elect_wind_off;2021;0
NetZero2050;r.A;t.elect_wind_off;2022;0
NetZero2050;r.A;t.elect_wind_off;2023;0
NetZero2050;r.A;t.elect_wind_off;2024;0
NetZero2050;r.A;t.elect_wind_off;2025;0
NetZero2050;r.A;t.elect_wind_off;2026;0
NetZero2050;r.A;t.elect_wind_off;2027;0
NetZero2050;r.A;t.elect_wind_off;2028;0.004560187
NetZero2050;r.A;t.elect_wind_off;2029;0.006209951
NetZero2050;r.A;t.elect_wind_off;2030;0.002889219
NetZero2050;r.A;t.elect_wind_off;2031;0
NetZero2050;r.A;t.elect_wind_off;2032;0
NetZero2050;r.A;t.elect_wind_off;2033;0
NetZero2050;r.A;t.elect_wind_off;2034;0
NetZero2050;r.A;t.elect_wind_off;2035;0
NetZero2050;r.A;t.elect_wind_off;2036;0
NetZero2050;r.A;t.elect_wind_off;2037;0
NetZero2050;r.A;t.elect_wind_off;2038;0
NetZero2050;r.A;t.elect_wind_off;2039;0
NetZero2050;r.A;t.elect_wind_off;2040;0
NetZero2050;r.A;t.elect_wind_off;2041;0
NetZero2050;r.A;t.elect_wind_off;2042;0
NetZero2050;r.A;t.elect_wind_off;2043;0
NetZero2050;r.A;t.elect_wind_off;2044;0
NetZero2050;r.A;t.elect_wind_off;2045;0
NetZero2050;r.A;t.elect_wind_off;2046;0
NetZero2050;r.A;t.elect_wind_off;2047;0
NetZero2050;r.A;t.elect_wind_off;2048;0
NetZero2050;r.A;t.elect_wind_off;2049;0
NetZero2050;r.A;t.elect_wind_off;2050;0
NetZero2050;r.A;t.elect_wind_off;2051;0
NetZero2050;r.A;t.elect_wind_off;2052;0
NetZero2050;r.A;t.elect_wind_off;2053;0
NetZero2050;r.A;t.elect_wind_off;2054;0
NetZero2050;r.A;t.elect_wind_off;2055;0
NetZero2050;r.A;t.elect_wind_off;2056;0
NetZero2050;r.A;t.elect_wind_off;2057;0
NetZero2050;r.A;t.elect_wind_off;2058;0
NetZero2050;r.A;t.elect_wind_off;2059;0
NetZero2050;r.A;t.elect_wind_off;2060;0
NetZero2050;r.A;t.elect_wind_off;2061;0
NetZero2050;r.A;t.elect_wind_off;2062;0
NetZero2050;r.A;t.elect_wind_off;2063;0
NetZero2050;r.A;t.elect_wind_off;2064;0
NetZero2050;r.A;t.elect_wind_off;2065;0
NetZero2050;r.A;t.elect_wind_off;2066;0
NetZero2050;r.A;t.elect_wind_off;2067;0
NetZero2050;r.A;t.elect_wind_off;2068;0
NetZero2050;r.A;t.elect_wind_off;2069;0
NetZero2050;r.A;t.elect_wind_off;2070;0
NetZero2050;r.A;t.elect_geothermal;1990;0.000577304
NetZero2050;r.A;t.elect_geothermal;1991;0
NetZero2050;r.A;t.elect_geothermal;1992;0
NetZero2050;r.A;t.elect_geothermal;1993;0
NetZero2050;r.A;t.elect_geothermal;1994;0
NetZero2050;r.A;t.elect_geothermal;1995;0
NetZero2050;r.A;t.elect_geothermal;1996;0
NetZero2050;r.A;t.elect_geothermal;1997;0
NetZero2050;r.A;t.elect_geothermal;1998;0
NetZero2050;r.A;t.elect_geothermal;1999;0
NetZero2050;r.A;t.elect_geothermal;2000;0
NetZero2050;r.A;t.elect_geothermal;2001;0
NetZero2050;r.A;t.elect_geothermal;2002;0
NetZero2050;r.A;t.elect_geothermal;2003;0.000110397
NetZero2050;r.A;t.elect_geothermal;2004;0
NetZero2050;r.A;t.elect_geothermal;2005;0
NetZero2050;r.A;t.elect_geothermal;2006;0
NetZero2050;r.A;t.elect_geothermal;2007;0
NetZero2050;r.A;t.elect_geothermal;2008;0
NetZero2050;r.A;t.elect_geothermal;2009;0
NetZero2050;r.A;t.elect_geothermal;2010;0
NetZero2050;r.A;t.elect_geothermal;2011;4.82E-05
NetZero2050;r.A;t.elect_geothermal;2012;0
NetZero2050;r.A;t.elect_geothermal;2013;0
NetZero2050;r.A;t.elect_geothermal;2014;0
NetZero2050;r.A;t.elect_geothermal;2015;2.98E-05
NetZero2050;r.A;t.elect_geothermal;2016;1.23E-05
NetZero2050;r.A;t.elect_geothermal;2017;9.21E-05
NetZero2050;r.A;t.elect_geothermal;2018;0
NetZero2050;r.A;t.elect_geothermal;2019;0
NetZero2050;r.A;t.elect_geothermal;2020;0.000299788
NetZero2050;r.A;t.elect_geothermal;2021;3.00E-05
NetZero2050;r.A;t.elect_geothermal;2022;4.14E-05
NetZero2050;r.A;t.elect_geothermal;2023;4.14E-05
NetZero2050;r.A;t.elect_geothermal;2024;4.14E-05
NetZero2050;r.A;t.elect_geothermal;2025;4.14E-05
NetZero2050;r.A;t.elect_geothermal;2026;4.14E-05
NetZero2050;r.A;t.elect_geothermal;2027;4.14E-05
NetZero2050;r.A;t.elect_geothermal;2028;4.14E-05
NetZero2050;r.A;t.elect_geothermal;2029;4.14E-05
NetZero2050;r.A;t.elect_geothermal;2030;4.14E-05
NetZero2050;r.A;t.elect_geothermal;2031;4.14E-05
NetZero2050;r.A;t.elect_geothermal;2032;4.14E-05
NetZero2050;r.A;t.elect_geothermal;2033;4.72E-05
NetZero2050;r.A;t.elect_geothermal;2034;4.72E-05
NetZero2050;r.A;t.elect_geothermal;2035;5.89E-05
NetZero2050;r.A;t.elect_geothermal;2036;8.22E-05
NetZero2050;r.A;t.elect_geothermal;2037;0.000117187
NetZero2050;r.A;t.elect_geothermal;2038;0.0001755
NetZero2050;r.A;t.elect_geothermal;2039;0.000210488
NetZero2050;r.A;t.elect_geothermal;2040;0.000152175
NetZero2050;r.A;t.elect_geothermal;2041;5.89E-05
NetZero2050;r.A;t.elect_geothermal;2042;4.14E-05
NetZero2050;r.A;t.elect_geothermal;2043;4.14E-05
NetZero2050;r.A;t.elect_geothermal;2044;4.14E-05
NetZero2050;r.A;t.elect_geothermal;2045;4.14E-05
NetZero2050;r.A;t.elect_geothermal;2046;4.25E-05
NetZero2050;r.A;t.elect_geothermal;2047;4.25E-05
NetZero2050;r.A;t.elect_geothermal;2048;4.47E-05
NetZero2050;r.A;t.elect_geothermal;2049;4.92E-05
NetZero2050;r.A;t.elect_geothermal;2050;5.59E-05
NetZero2050;r.A;t.elect_geothermal;2051;2.56E-05
NetZero2050;r.A;t.elect_geothermal;2052;3.23E-05
NetZero2050;r.A;t.elect_geothermal;2053;2.12E-05
NetZero2050;r.A;t.elect_geothermal;2054;0
NetZero2050;r.A;t.elect_geothermal;2055;0
NetZero2050;r.A;t.elect_geothermal;2056;5.78E-06
NetZero2050;r.A;t.elect_geothermal;2057;3.41E-06
NetZero2050;r.A;t.elect_geothermal;2058;6.63E-06
NetZero2050;r.A;t.elect_geothermal;2059;1.16E-05
NetZero2050;r.A;t.elect_geothermal;2060;1.61E-05
NetZero2050;r.A;t.elect_geothermal;2061;1.27E-05
NetZero2050;r.A;t.elect_geothermal;2062;9.04E-06
NetZero2050;r.A;t.elect_geothermal;2063;1.81E-05
NetZero2050;r.A;t.elect_geothermal;2064;2.70E-05
NetZero2050;r.A;t.elect_geothermal;2065;4.05E-05
NetZero2050;r.A;t.elect_geothermal;2066;5.32E-05
NetZero2050;r.A;t.elect_geothermal;2067;6.16E-05
NetZero2050;r.A;t.elect_geothermal;2068;8.14E-05
NetZero2050;r.A;t.elect_geothermal;2069;0.000105236
NetZero2050;r.A;t.elect_geothermal;2070;8.64E-05
NetZero2050;r.A;t.elect_hydro;1990;0.013842323
NetZero2050;r.A;t.elect_hydro;1991;0
NetZero2050;r.A;t.elect_hydro;1992;0
NetZero2050;r.A;t.elect_hydro;1993;0
NetZero2050;r.A;t.elect_hydro;1994;0
NetZero2050;r.A;t.elect_hydro;1995;0
NetZero2050;r.A;t.elect_hydro;1996;0
NetZero2050;r.A;t.elect_hydro;1997;0
NetZero2050;r.A;t.elect_hydro;1998;0
NetZero2050;r.A;t.elect_hydro;1999;0.001235343
NetZero2050;r.A;t.elect_hydro;2000;0
NetZero2050;r.A;t.elect_hydro;2001;0.000700086
NetZero2050;r.A;t.elect_hydro;2002;0
NetZero2050;r.A;t.elect_hydro;2003;0.000232683
NetZero2050;r.A;t.elect_hydro;2004;0
NetZero2050;r.A;t.elect_hydro;2005;0
NetZero2050;r.A;t.elect_hydro;2006;0
NetZero2050;r.A;t.elect_hydro;2007;0
NetZero2050;r.A;t.elect_hydro;2008;0
NetZero2050;r.A;t.elect_hydro;2009;0
NetZero2050;r.A;t.elect_hydro;2010;0
NetZero2050;r.A;t.elect_hydro;2011;0.001769564
NetZero2050;r.A;t.elect_hydro;2012;2.21E-05
NetZero2050;r.A;t.elect_hydro;2013;0
NetZero2050;r.A;t.elect_hydro;2014;0
NetZero2050;r.A;t.elect_hydro;2015;0
NetZero2050;r.A;t.elect_hydro;2016;0
NetZero2050;r.A;t.elect_hydro;2017;0
NetZero2050;r.A;t.elect_hydro;2018;0
NetZero2050;r.A;t.elect_hydro;2019;0
NetZero2050;r.A;t.elect_hydro;2020;0.000947933
NetZero2050;r.A;t.elect_hydro;2021;2.00E-05
NetZero2050;r.A;t.elect_hydro;2022;6.48E-05
NetZero2050;r.A;t.elect_hydro;2023;6.48E-05
NetZero2050;r.A;t.elect_hydro;2024;6.48E-05
NetZero2050;r.A;t.elect_hydro;2025;6.48E-05
NetZero2050;r.A;t.elect_hydro;2026;6.48E-05
NetZero2050;r.A;t.elect_hydro;2027;6.48E-05
NetZero2050;r.A;t.elect_hydro;2028;6.48E-05
NetZero2050;r.A;t.elect_hydro;2029;6.48E-05
NetZero2050;r.A;t.elect_hydro;2030;6.48E-05
NetZero2050;r.A;t.elect_hydro;2031;6.48E-05
NetZero2050;r.A;t.elect_hydro;2032;6.48E-05
NetZero2050;r.A;t.elect_hydro;2033;6.48E-05
NetZero2050;r.A;t.elect_hydro;2034;6.48E-05
NetZero2050;r.A;t.elect_hydro;2035;6.48E-05
NetZero2050;r.A;t.elect_hydro;2036;6.48E-05
NetZero2050;r.A;t.elect_hydro;2037;6.48E-05
NetZero2050;r.A;t.elect_hydro;2038;6.48E-05
NetZero2050;r.A;t.elect_hydro;2039;6.48E-05
NetZero2050;r.A;t.elect_hydro;2040;6.48E-05
NetZero2050;r.A;t.elect_hydro;2041;6.48E-05
NetZero2050;r.A;t.elect_hydro;2042;6.48E-05
NetZero2050;r.A;t.elect_hydro;2043;6.48E-05
NetZero2050;r.A;t.elect_hydro;2044;6.48E-05
NetZero2050;r.A;t.elect_hydro;2045;6.48E-05
NetZero2050;r.A;t.elect_hydro;2046;6.48E-05
NetZero2050;r.A;t.elect_hydro;2047;6.48E-05
NetZero2050;r.A;t.elect_hydro;2048;6.48E-05
NetZero2050;r.A;t.elect_hydro;2049;0
NetZero2050;r.A;t.elect_hydro;2050;0
NetZero2050;r.A;t.elect_hydro;2051;0
NetZero2050;r.A;t.elect_hydro;2052;0
NetZero2050;r.A;t.elect_hydro;2053;0
NetZero2050;r.A;t.elect_hydro;2054;0
NetZero2050;r.A;t.elect_hydro;2055;0
NetZero2050;r.A;t.elect_hydro;2056;0.000129655
NetZero2050;r.A;t.elect_hydro;2057;0
NetZero2050;r.A;t.elect_hydro;2058;0
NetZero2050;r.A;t.elect_hydro;2059;0
NetZero2050;r.A;t.elect_hydro;2060;0
NetZero2050;r.A;t.elect_hydro;2061;0.000139821
NetZero2050;r.A;t.elect_hydro;2062;0.000139821
NetZero2050;r.A;t.elect_hydro;2063;0.000279643
NetZero2050;r.A;t.elect_hydro;2064;0.000559286
NetZero2050;r.A;t.elect_hydro;2065;0.000838929
NetZero2050;r.A;t.elect_hydro;2066;0.001258393
NetZero2050;r.A;t.elect_hydro;2067;0.001817679
NetZero2050;r.A;t.elect_hydro;2068;0.002376965
NetZero2050;r.A;t.elect_hydro;2069;0.002516786
NetZero2050;r.A;t.elect_hydro;2070;0.002249621
NetZero2050;r.A;t.elect_waste_biomass;1990;0.001448205
NetZero2050;r.A;t.elect_waste_biomass;1991;0
NetZero2050;r.A;t.elect_waste_biomass;1992;0
NetZero2050;r.A;t.elect_waste_biomass;1993;0
NetZero2050;r.A;t.elect_waste_biomass;1994;0
NetZero2050;r.A;t.elect_waste_biomass;1995;0
NetZero2050;r.A;t.elect_waste_biomass;1996;0
NetZero2050;r.A;t.elect_waste_biomass;1997;0
NetZero2050;r.A;t.elect_waste_biomass;1998;0
NetZero2050;r.A;t.elect_waste_biomass;1999;0
NetZero2050;r.A;t.elect_waste_biomass;2000;0
NetZero2050;r.A;t.elect_waste_biomass;2001;0
NetZero2050;r.A;t.elect_waste_biomass;2002;0
NetZero2050;r.A;t.elect_waste_biomass;2003;0
NetZero2050;r.A;t.elect_waste_biomass;2004;0
NetZero2050;r.A;t.elect_waste_biomass;2005;0
NetZero2050;r.A;t.elect_waste_biomass;2006;0
NetZero2050;r.A;t.elect_waste_biomass;2007;0
NetZero2050;r.A;t.elect_waste_biomass;2008;0
NetZero2050;r.A;t.elect_waste_biomass;2009;0
NetZero2050;r.A;t.elect_waste_biomass;2010;0
NetZero2050;r.A;t.elect_waste_biomass;2011;0
NetZero2050;r.A;t.elect_waste_biomass;2012;0.001
NetZero2050;r.A;t.elect_waste_biomass;2013;0
NetZero2050;r.A;t.elect_waste_biomass;2014;0
NetZero2050;r.A;t.elect_waste_biomass;2015;0
NetZero2050;r.A;t.elect_waste_biomass;2016;0
NetZero2050;r.A;t.elect_waste_biomass;2017;0
NetZero2050;r.A;t.elect_waste_biomass;2018;0
NetZero2050;r.A;t.elect_waste_biomass;2019;0.003299766
NetZero2050;r.A;t.elect_waste_biomass;2020;0
NetZero2050;r.A;t.elect_waste_biomass;2021;0
NetZero2050;r.A;t.elect_waste_biomass;2022;0
NetZero2050;r.A;t.elect_waste_biomass;2023;0
NetZero2050;r.A;t.elect_waste_biomass;2024;0
NetZero2050;r.A;t.elect_waste_biomass;2025;0
NetZero2050;r.A;t.elect_waste_biomass;2026;0
NetZero2050;r.A;t.elect_waste_biomass;2027;0
NetZero2050;r.A;t.elect_waste_biomass;2028;0
NetZero2050;r.A;t.elect_waste_biomass;2029;0
NetZero2050;r.A;t.elect_waste_biomass;2030;0
NetZero2050;r.A;t.elect_waste_biomass;2031;0
NetZero2050;r.A;t.elect_waste_biomass;2032;0
NetZero2050;r.A;t.elect_waste_biomass;2033;0
NetZero2050;r.A;t.elect_waste_biomass;2034;0
NetZero2050;r.A;t.elect_waste_biomass;2035;0
NetZero2050;r.A;t.elect_waste_biomass;2036;0
NetZero2050;r.A;t.elect_waste_biomass;2037;0
NetZero2050;r.A;t.elect_waste_biomass;2038;0
NetZero2050;r.A;t.elect_waste_biomass;2039;0
NetZero2050;r.A;t.elect_waste_biomass;2040;0
NetZero2050;r.A;t.elect_waste_biomass;2041;0
NetZero2050;r.A;t.elect_waste_biomass;2042;0
NetZero2050;r.A;t.elect_waste_biomass;2043;0
NetZero2050;r.A;t.elect_waste_biomass;2044;0
NetZero2050;r.A;t.elect_waste_biomass;2045;0
NetZero2050;r.A;t.elect_waste_biomass;2046;0
NetZero2050;r.A;t.elect_waste_biomass;2047;0
NetZero2050;r.A;t.elect_waste_biomass;2048;0
NetZero2050;r.A;t.elect_waste_biomass;2049;0
NetZero2050;r.A;t.elect_waste_biomass;2050;0
NetZero2050;r.A;t.elect_waste_biomass;2051;0
NetZero2050;r.A;t.elect_waste_biomass;2052;0
NetZero2050;r.A;t.elect_waste_biomass;2053;0
NetZero2050;r.A;t.elect_waste_biomass;2054;0
NetZero2050;r.A;t.elect_waste_biomass;2055;0
NetZero2050;r.A;t.elect_waste_biomass;2056;0
NetZero2050;r.A;t.elect_waste_biomass;2057;0
NetZero2050;r.A;t.elect_waste_biomass;2058;0
NetZero2050;r.A;t.elect_waste_biomass;2059;0
NetZero2050;r.A;t.elect_waste_biomass;2060;0
NetZero2050;r.A;t.elect_waste_biomass;2061;0
NetZero2050;r.A;t.elect_waste_biomass;2062;0
NetZero2050;r.A;t.elect_waste_biomass;2063;0
NetZero2050;r.A;t.elect_waste_biomass;2064;0
NetZero2050;r.A;t.elect_waste_biomass;2065;0
NetZero2050;r.A;t.elect_waste_biomass;2066;0
NetZero2050;r.A;t.elect_waste_biomass;2067;0
NetZero2050;r.A;t.elect_waste_biomass;2068;0
NetZero2050;r.A;t.elect_waste_biomass;2069;0
NetZero2050;r.A;t.elect_waste_biomass;2070;0
NetZero2050;r.A;t.elect_waste_biomass_ccs;1990;0
NetZero2050;r.A;t.elect_waste_biomass_ccs;1991;0
NetZero2050;r.A;t.elect_waste_biomass_ccs;1992;0
NetZero2050;r.A;t.elect_waste_biomass_ccs;1993;0
NetZero2050;r.A;t.elect_waste_biomass_ccs;1994;0
NetZero2050;r.A;t.elect_waste_biomass_ccs;1995;0
NetZero2050;r.A;t.elect_waste_biomass_ccs;1996;0
NetZero2050;r.A;t.elect_waste_biomass_ccs;1997;0
NetZero2050;r.A;t.elect_waste_biomass_ccs;1998;0
NetZero2050;r.A;t.elect_waste_biomass_ccs;1999;0
NetZero2050;r.A;t.elect_waste_biomass_ccs;2000;0
NetZero2050;r.A;t.elect_waste_biomass_ccs;2001;0
NetZero2050;r.A;t.elect_waste_biomass_ccs;2002;0
NetZero2050;r.A;t.elect_waste_biomass_ccs;2003;0
NetZero2050;r.A;t.elect_waste_biomass_ccs;2004;0
NetZero2050;r.A;t.elect_waste_biomass_ccs;2005;0
NetZero2050;r.A;t.elect_waste_biomass_ccs;2006;0
NetZero2050;r.A;t.elect_waste_biomass_ccs;2007;0
NetZero2050;r.A;t.elect_waste_biomass_ccs;2008;0
NetZero2050;r.A;t.elect_waste_biomass_ccs;2009;0
NetZero2050;r.A;t.elect_waste_biomass_ccs;2010;0
NetZero2050;r.A;t.elect_waste_biomass_ccs;2011;0
NetZero2050;r.A;t.elect_waste_biomass_ccs;2012;0
NetZero2050;r.A;t.elect_waste_biomass_ccs;2013;0
NetZero2050;r.A;t.elect_waste_biomass_ccs;2014;0
NetZero2050;r.A;t.elect_waste_biomass_ccs;2015;0
NetZero2050;r.A;t.elect_waste_biomass_ccs;2016;0
NetZero2050;r.A;t.elect_waste_biomass_ccs;2017;0
NetZero2050;r.A;t.elect_waste_biomass_ccs;2018;0
NetZero2050;r.A;t.elect_waste_biomass_ccs;2019;0
NetZero2050;r.A;t.elect_waste_biomass_ccs;2020;0
NetZero2050;r.A;t.elect_waste_biomass_ccs;2021;0
NetZero2050;r.A;t.elect_waste_biomass_ccs;2022;0
NetZero2050;r.A;t.elect_waste_biomass_ccs;2023;0
NetZero2050;r.A;t.elect_waste_biomass_ccs;2024;0
NetZero2050;r.A;t.elect_waste_biomass_ccs;2025;0
NetZero2050;r.A;t.elect_waste_biomass_ccs;2026;0
NetZero2050;r.A;t.elect_waste_biomass_ccs;2027;0
NetZero2050;r.A;t.elect_waste_biomass_ccs;2028;0
NetZero2050;r.A;t.elect_waste_biomass_ccs;2029;0
NetZero2050;r.A;t.elect_waste_biomass_ccs;2030;0.000335106
NetZero2050;r.A;t.elect_waste_biomass_ccs;2031;0
NetZero2050;r.A;t.elect_waste_biomass_ccs;2032;0
NetZero2050;r.A;t.elect_waste_biomass_ccs;2033;0
NetZero2050;r.A;t.elect_waste_biomass_ccs;2034;0
NetZero2050;r.A;t.elect_waste_biomass_ccs;2035;0
NetZero2050;r.A;t.elect_waste_biomass_ccs;2036;0
NetZero2050;r.A;t.elect_waste_biomass_ccs;2037;0
NetZero2050;r.A;t.elect_waste_biomass_ccs;2038;0
NetZero2050;r.A;t.elect_waste_biomass_ccs;2039;0
NetZero2050;r.A;t.elect_waste_biomass_ccs;2040;0
NetZero2050;r.A;t.elect_waste_biomass_ccs;2041;0
NetZero2050;r.A;t.elect_waste_biomass_ccs;2042;0
NetZero2050;r.A;t.elect_waste_biomass_ccs;2043;0
NetZero2050;r.A;t.elect_waste_biomass_ccs;2044;0
NetZero2050;r.A;t.elect_waste_biomass_ccs;2045;0
NetZero2050;r.A;t.elect_waste_biomass_ccs;2046;0
NetZero2050;r.A;t.elect_waste_biomass_ccs;2047;0
NetZero2050;r.A;t.elect_waste_biomass_ccs;2048;0
NetZero2050;r.A;t.elect_waste_biomass_ccs;2049;0
NetZero2050;r.A;t.elect_waste_biomass_ccs;2050;0
NetZero2050;r.A;t.elect_waste_biomass_ccs;2051;0
NetZero2050;r.A;t.elect_waste_biomass_ccs;2052;0
NetZero2050;r.A;t.elect_waste_biomass_ccs;2053;0
NetZero2050;r.A;t.elect_waste_biomass_ccs;2054;0
NetZero2050;r.A;t.elect_waste_biomass_ccs;2055;0
NetZero2050;r.A;t.elect_waste_biomass_ccs;2056;0
NetZero2050;r.A;t.elect_waste_biomass_ccs;2057;0
NetZero2050;r.A;t.elect_waste_biomass_ccs;2058;0
NetZero2050;r.A;t.elect_waste_biomass_ccs;2059;0
NetZero2050;r.A;t.elect_waste_biomass_ccs;2060;0
NetZero2050;r.A;t.elect_waste_biomass_ccs;2061;0
NetZero2050;r.A;t.elect_waste_biomass_ccs;2062;0
NetZero2050;r.A;t.elect_waste_biomass_ccs;2063;0
NetZero2050;r.A;t.elect_waste_biomass_ccs;2064;0
NetZero2050;r.A;t.elect_waste_biomass_ccs;2065;0
NetZero2050;r.A;t.elect_waste_biomass_ccs;2066;0
NetZero2050;r.A;t.elect_waste_biomass_ccs;2067;0
NetZero2050;r.A;t.elect_waste_biomass_ccs;2068;0
NetZero2050;r.A;t.elect_waste_biomass_ccs;2069;0
NetZero2050;r.A;t.elect_waste_biomass_ccs;2070;0
NetZero2050;r.A;t.elect_import;1990;0
NetZero2050;r.A;t.elect_import;1991;0
NetZero2050;r.A;t.elect_import;1992;0
NetZero2050;r.A;t.elect_import;1993;0
NetZero2050;r.A;t.elect_import;1994;0
NetZero2050;r.A;t.elect_import;1995;0
NetZero2050;r.A;t.elect_import;1996;0
NetZero2050;r.A;t.elect_import;1997;0
NetZero2050;r.A;t.elect_import;1998;0
NetZero2050;r.A;t.elect_import;1999;0
NetZero2050;r.A;t.elect_import;2000;0
NetZero2050;r.A;t.elect_import;2001;0
NetZero2050;r.A;t.elect_import;2002;0
NetZero2050;r.A;t.elect_import;2003;0
NetZero2050;r.A;t.elect_import;2004;0
NetZero2050;r.A;t.elect_import;2005;0
NetZero2050;r.A;t.elect_import;2006;0
NetZero2050;r.A;t.elect_import;2007;0
NetZero2050;r.A;t.elect_import;2008;0
NetZero2050;r.A;t.elect_import;2009;0
NetZero2050;r.A;t.elect_import;2010;0
NetZero2050;r.A;t.elect_import;2011;0
NetZero2050;r.A;t.elect_import;2012;0
NetZero2050;r.A;t.elect_import;2013;0
NetZero2050;r.A;t.elect_import;2014;0
NetZero2050;r.A;t.elect_import;2015;0.003810423
NetZero2050;r.A;t.elect_import;2016;0
NetZero2050;r.A;t.elect_import;2017;0.003110902
NetZero2050;r.A;t.elect_import;2018;0.003380068
NetZero2050;r.A;t.elect_import;2019;0.000498607
NetZero2050;r.A;t.elect_import;2020;0
NetZero2050;r.A;t.elect_import;2021;0
NetZero2050;r.A;t.elect_import;2022;0.0015
NetZero2050;r.A;t.elect_import;2023;0
NetZero2050;r.A;t.elect_import;2024;0.000871264
NetZero2050;r.A;t.elect_import;2025;0.000331733
NetZero2050;r.A;t.elect_import;2026;0.000181962
NetZero2050;r.A;t.elect_import;2027;0
NetZero2050;r.A;t.elect_import;2028;0
NetZero2050;r.A;t.elect_import;2029;0.000515042
NetZero2050;r.A;t.elect_import;2030;0
NetZero2050;r.A;t.elect_import;2031;0.00166
NetZero2050;r.A;t.elect_import;2032;0
NetZero2050;r.A;t.elect_import;2033;0
NetZero2050;r.A;t.elect_import;2034;0
NetZero2050;r.A;t.elect_import;2035;0
NetZero2050;r.A;t.elect_import;2036;0
NetZero2050;r.A;t.elect_import;2037;0
NetZero2050;r.A;t.elect_import;2038;0
NetZero2050;r.A;t.elect_import;2039;0
NetZero2050;r.A;t.elect_import;2040;0
NetZero2050;r.A;t.elect_import;2041;0.00166
NetZero2050;r.A;t.elect_import;2042;0
NetZero2050;r.A;t.elect_import;2043;0
NetZero2050;r.A;t.elect_import;2044;0
NetZero2050;r.A;t.elect_import;2045;0
NetZero2050;r.A;t.elect_import;2046;0
NetZero2050;r.A;t.elect_import;2047;0
NetZero2050;r.A;t.elect_import;2048;0
NetZero2050;r.A;t.elect_import;2049;0
NetZero2050;r.A;t.elect_import;2050;0
NetZero2050;r.A;t.elect_import;2051;0
NetZero2050;r.A;t.elect_import;2052;0
NetZero2050;r.A;t.elect_import;2053;0
NetZero2050;r.A;t.elect_import;2054;0
NetZero2050;r.A;t.elect_import;2055;0
NetZero2050;r.A;t.elect_import;2056;0
NetZero2050;r.A;t.elect_import;2057;0
NetZero2050;r.A;t.elect_import;2058;0
NetZero2050;r.A;t.elect_import;2059;0
NetZero2050;r.A;t.elect_import;2060;0
NetZero2050;r.A;t.elect_import;2061;0
NetZero2050;r.A;t.elect_import;2062;0
NetZero2050;r.A;t.elect_import;2063;0
NetZero2050;r.A;t.elect_import;2064;0
NetZero2050;r.A;t.elect_import;2065;0
NetZero2050;r.A;t.elect_import;2066;0
NetZero2050;r.A;t.elect_import;2067;0
NetZero2050;r.A;t.elect_import;2068;0
NetZero2050;r.A;t.elect_import;2069;0
NetZero2050;r.A;t.elect_import;2070;0
NetZero2050;r.A;t.steam_reform;1990;0
NetZero2050;r.A;t.steam_reform;1991;8.50E-08
NetZero2050;r.A;t.steam_reform;1992;8.50E-08
NetZero2050;r.A;t.steam_reform;1993;8.50E-08
NetZero2050;r.A;t.steam_reform;1994;8.50E-08
NetZero2050;r.A;t.steam_reform;1995;8.50E-08
NetZero2050;r.A;t.steam_reform;1996;0
NetZero2050;r.A;t.steam_reform;1997;0
NetZero2050;r.A;t.steam_reform;1998;0
NetZero2050;r.A;t.steam_reform;1999;0
NetZero2050;r.A;t.steam_reform;2000;0
NetZero2050;r.A;t.steam_reform;2001;0
NetZero2050;r.A;t.steam_reform;2002;0
NetZero2050;r.A;t.steam_reform;2003;0
NetZero2050;r.A;t.steam_reform;2004;0
NetZero2050;r.A;t.steam_reform;2005;0
NetZero2050;r.A;t.steam_reform;2006;0
NetZero2050;r.A;t.steam_reform;2007;0
NetZero2050;r.A;t.steam_reform;2008;0
NetZero2050;r.A;t.steam_reform;2009;0
NetZero2050;r.A;t.steam_reform;2010;0
NetZero2050;r.A;t.steam_reform;2011;0
NetZero2050;r.A;t.steam_reform;2012;0
NetZero2050;r.A;t.steam_reform;2013;0
NetZero2050;r.A;t.steam_reform;2014;0
NetZero2050;r.A;t.steam_reform;2015;5.78E-07
NetZero2050;r.A;t.steam_reform;2016;5.37E-07
NetZero2050;r.A;t.steam_reform;2017;0
NetZero2050;r.A;t.steam_reform;2018;2.61E-07
NetZero2050;r.A;t.steam_reform;2019;2.43E-07
NetZero2050;r.A;t.steam_reform;2020;4.06E-07
NetZero2050;r.A;t.steam_reform;2021;1.53E-05
NetZero2050;r.A;t.steam_reform;2022;2.62E-05
NetZero2050;r.A;t.steam_reform;2023;3.95E-06
NetZero2050;r.A;t.steam_reform;2024;2.08E-05
NetZero2050;r.A;t.steam_reform;2025;0
NetZero2050;r.A;t.steam_reform;2026;3.30E-05
NetZero2050;r.A;t.steam_reform;2027;8.90E-05
NetZero2050;r.A;t.steam_reform;2028;0.000165661
NetZero2050;r.A;t.steam_reform;2029;0.00031905
NetZero2050;r.A;t.steam_reform;2030;0.000686017
NetZero2050;r.A;t.steam_reform;2031;0.002249354
NetZero2050;r.A;t.steam_reform;2032;0.000937483
NetZero2050;r.A;t.steam_reform;2033;0.001240699
NetZero2050;r.A;t.steam_reform;2034;0.000170246
NetZero2050;r.A;t.steam_reform;2035;0
NetZero2050;r.A;t.steam_reform;2036;0
NetZero2050;r.A;t.steam_reform;2037;0
NetZero2050;r.A;t.steam_reform;2038;0.000530941
NetZero2050;r.A;t.steam_reform;2039;0.000572814
NetZero2050;r.A;t.steam_reform;2040;0.000639567
NetZero2050;r.A;t.steam_reform;2041;0.000568808
NetZero2050;r.A;t.steam_reform;2042;0.000570088
NetZero2050;r.A;t.steam_reform;2043;5.90E-06
NetZero2050;r.A;t.steam_reform;2044;0
NetZero2050;r.A;t.steam_reform;2045;0
NetZero2050;r.A;t.steam_reform;2046;0
NetZero2050;r.A;t.steam_reform;2047;0
NetZero2050;r.A;t.steam_reform;2048;0
NetZero2050;r.A;t.steam_reform;2049;0
NetZero2050;r.A;t.steam_reform;2050;0
NetZero2050;r.A;t.steam_reform;2051;0
NetZero2050;r.A;t.steam_reform;2052;0
NetZero2050;r.A;t.steam_reform;2053;0
NetZero2050;r.A;t.steam_reform;2054;0
NetZero2050;r.A;t.steam_reform;2055;0
NetZero2050;r.A;t.steam_reform;2056;0
NetZero2050;r.A;t.steam_reform;2057;0.001714353
NetZero2050;r.A;t.steam_reform;2058;0.003382749
NetZero2050;r.A;t.steam_reform;2059;0.003665659
NetZero2050;r.A;t.steam_reform;2060;0.001870425
NetZero2050;r.A;t.steam_reform;2061;0.000400619
NetZero2050;r.A;t.steam_reform;2062;0.000111603
NetZero2050;r.A;t.steam_reform;2063;6.83E-06
NetZero2050;r.A;t.steam_reform;2064;5.96E-08
NetZero2050;r.A;t.steam_reform;2065;0
NetZero2050;r.A;t.steam_reform;2066;0
NetZero2050;r.A;t.steam_reform;2067;0
NetZero2050;r.A;t.steam_reform;2068;0
NetZero2050;r.A;t.steam_reform;2069;0
NetZero2050;r.A;t.steam_reform;2070;0
NetZero2050;r.A;t.electrolyzer;1990;0
NetZero2050;r.A;t.electrolyzer;1991;0
NetZero2050;r.A;t.electrolyzer;1992;0
NetZero2050;r.A;t.electrolyzer;1993;0
NetZero2050;r.A;t.electrolyzer;1994;0
NetZero2050;r.A;t.electrolyzer;1995;0
NetZero2050;r.A;t.electrolyzer;1996;0
NetZero2050;r.A;t.electrolyzer;1997;0
NetZero2050;r.A;t.electrolyzer;1998;5.10E-08
NetZero2050;r.A;t.electrolyzer;1999;5.95E-08
NetZero2050;r.A;t.electrolyzer;2000;2.17E-07
NetZero2050;r.A;t.electrolyzer;2001;0
NetZero2050;r.A;t.electrolyzer;2002;1.53E-07
NetZero2050;r.A;t.electrolyzer;2003;0
NetZero2050;r.A;t.electrolyzer;2004;0
NetZero2050;r.A;t.electrolyzer;2005;0
NetZero2050;r.A;t.electrolyzer;2006;8.99E-08
NetZero2050;r.A;t.electrolyzer;2007;1.26E-07
NetZero2050;r.A;t.electrolyzer;2008;1.70E-07
NetZero2050;r.A;t.electrolyzer;2009;6.91E-07
NetZero2050;r.A;t.electrolyzer;2010;2.35E-07
NetZero2050;r.A;t.electrolyzer;2011;1.80E-07
NetZero2050;r.A;t.electrolyzer;2012;0
NetZero2050;r.A;t.electrolyzer;2013;0
NetZero2050;r.A;t.electrolyzer;2014;0
NetZero2050;r.A;t.electrolyzer;2015;0
NetZero2050;r.A;t.electrolyzer;2016;0
NetZero2050;r.A;t.electrolyzer;2017;0
NetZero2050;r.A;t.electrolyzer;2018;0
NetZero2050;r.A;t.electrolyzer;2019;0
NetZero2050;r.A;t.electrolyzer;2020;0
NetZero2050;r.A;t.electrolyzer;2021;0
NetZero2050;r.A;t.electrolyzer;2022;0
NetZero2050;r.A;t.electrolyzer;2023;0
NetZero2050;r.A;t.electrolyzer;2024;0
NetZero2050;r.A;t.electrolyzer;2025;0
NetZero2050;r.A;t.electrolyzer;2026;0
NetZero2050;r.A;t.electrolyzer;2027;0
NetZero2050;r.A;t.electrolyzer;2028;0
NetZero2050;r.A;t.electrolyzer;2029;0
NetZero2050;r.A;t.electrolyzer;2030;0
NetZero2050;r.A;t.electrolyzer;2031;0
NetZero2050;r.A;t.electrolyzer;2032;0
NetZero2050;r.A;t.electrolyzer;2033;0
NetZero2050;r.A;t.electrolyzer;2034;0
NetZero2050;r.A;t.electrolyzer;2035;0
NetZero2050;r.A;t.electrolyzer;2036;0
NetZero2050;r.A;t.electrolyzer;2037;0
NetZero2050;r.A;t.electrolyzer;2038;0
NetZero2050;r.A;t.electrolyzer;2039;0
NetZero2050;r.A;t.electrolyzer;2040;0
NetZero2050;r.A;t.electrolyzer;2041;0
NetZero2050;r.A;t.electrolyzer;2042;0
NetZero2050;r.A;t.electrolyzer;2043;0
NetZero2050;r.A;t.electrolyzer;2044;0
NetZero2050;r.A;t.electrolyzer;2045;0.000570506
NetZero2050;r.A;t.electrolyzer;2046;0.000807443
NetZero2050;r.A;t.electrolyzer;2047;0.001059547
NetZero2050;r.A;t.electrolyzer;2048;0.001525069
NetZero2050;r.A;t.electrolyzer;2049;0.002151102
NetZero2050;r.A;t.electrolyzer;2050;0.010875211
NetZero2050;r.A;t.electrolyzer;2051;0
NetZero2050;r.A;t.electrolyzer;2052;0
NetZero2050;r.A;t.electrolyzer;2053;0
NetZero2050;r.A;t.electrolyzer;2054;0
NetZero2050;r.A;t.electrolyzer;2055;0
NetZero2050;r.A;t.electrolyzer;2056;0
NetZero2050;r.A;t.electrolyzer;2057;0
NetZero2050;r.A;t.electrolyzer;2058;0
NetZero2050;r.A;t.electrolyzer;2059;0
NetZero2050;r.A;t.electrolyzer;2060;0
NetZero2050;r.A;t.electrolyzer;2061;0
NetZero2050;r.A;t.electrolyzer;2062;0
NetZero2050;r.A;t.electrolyzer;2063;0
NetZero2050;r.A;t.electrolyzer;2064;0
NetZero2050;r.A;t.electrolyzer;2065;0
NetZero2050;r.A;t.electrolyzer;2066;0
NetZero2050;r.A;t.electrolyzer;2067;0
NetZero2050;r.A;t.electrolyzer;2068;0
NetZero2050;r.A;t.electrolyzer;2069;0
NetZero2050;r.A;t.electrolyzer;2070;0
NetZero2050;r.A;t.elect_storage;1990;0
NetZero2050;r.A;t.elect_storage;1991;0
NetZero2050;r.A;t.elect_storage;1992;0
NetZero2050;r.A;t.elect_storage;1993;0
NetZero2050;r.A;t.elect_storage;1994;0
NetZero2050;r.A;t.elect_storage;1995;0
NetZero2050;r.A;t.elect_storage;1996;0
NetZero2050;r.A;t.elect_storage;1997;0
NetZero2050;r.A;t.elect_storage;1998;0
NetZero2050;r.A;t.elect_storage;1999;0
NetZero2050;r.A;t.elect_storage;2000;0
NetZero2050;r.A;t.elect_storage;2001;0
NetZero2050;r.A;t.elect_storage;2002;0
NetZero2050;r.A;t.elect_storage;2003;0
NetZero2050;r.A;t.elect_storage;2004;0
NetZero2050;r.A;t.elect_storage;2005;0
NetZero2050;r.A;t.elect_storage;2006;0
NetZero2050;r.A;t.elect_storage;2007;0
NetZero2050;r.A;t.elect_storage;2008;0
NetZero2050;r.A;t.elect_storage;2009;0
NetZero2050;r.A;t.elect_storage;2010;0
NetZero2050;r.A;t.elect_storage;2011;0
NetZero2050;r.A;t.elect_storage;2012;0
NetZero2050;r.A;t.elect_storage;2013;0
NetZero2050;r.A;t.elect_storage;2014;0
NetZero2050;r.A;t.elect_storage;2015;0
NetZero2050;r.A;t.elect_storage;2016;0
NetZero2050;r.A;t.elect_storage;2017;0
NetZero2050;r.A;t.elect_storage;2018;0
NetZero2050;r.A;t.elect_storage;2019;0
NetZero2050;r.A;t.elect_storage;2020;0
NetZero2050;r.A;t.elect_storage;2021;0.007711456
NetZero2050;r.A;t.elect_storage;2022;0.080473315
NetZero2050;r.A;t.elect_storage;2023;0
NetZero2050;r.A;t.elect_storage;2024;0
NetZero2050;r.A;t.elect_storage;2025;0
NetZero2050;r.A;t.elect_storage;2026;0
NetZero2050;r.A;t.elect_storage;2027;0
NetZero2050;r.A;t.elect_storage;2028;0
NetZero2050;r.A;t.elect_storage;2029;0
NetZero2050;r.A;t.elect_storage;2030;0
NetZero2050;r.A;t.elect_storage;2031;0.024002478
NetZero2050;r.A;t.elect_storage;2032;0.001189772
NetZero2050;r.A;t.elect_storage;2033;0.000858501
NetZero2050;r.A;t.elect_storage;2034;0.047396503
NetZero2050;r.A;t.elect_storage;2035;0.062819429
NetZero2050;r.A;t.elect_storage;2036;0
NetZero2050;r.A;t.elect_storage;2037;0
NetZero2050;r.A;t.elect_storage;2038;0
NetZero2050;r.A;t.elect_storage;2039;0
NetZero2050;r.A;t.elect_storage;2040;0.016253415
NetZero2050;r.A;t.elect_storage;2041;0.034690419
NetZero2050;r.A;t.elect_storage;2042;0.023164124
NetZero2050;r.A;t.elect_storage;2043;0.035651063
NetZero2050;r.A;t.elect_storage;2044;0.031785869
NetZero2050;r.A;t.elect_storage;2045;0.034348264
NetZero2050;r.A;t.elect_storage;2046;0.054949374
NetZero2050;r.A;t.elect_storage;2047;0.079063196
NetZero2050;r.A;t.elect_storage;2048;0
NetZero2050;r.A;t.elect_storage;2049;0
NetZero2050;r.A;t.elect_storage;2050;0
NetZero2050;r.A;t.elect_storage;2051;0
NetZero2050;r.A;t.elect_storage;2052;0
NetZero2050;r.A;t.elect_storage;2053;0
NetZero2050;r.A;t.elect_storage;2054;0
NetZero2050;r.A;t.elect_storage;2055;0
NetZero2050;r.A;t.elect_storage;2056;0
NetZero2050;r.A;t.elect_storage;2057;0
NetZero2050;r.A;t.elect_storage;2058;0
NetZero2050;r.A;t.elect_storage;2059;0
NetZero2050;r.A;t.elect_storage;2060;0
NetZero2050;r.A;t.elect_storage;2061;0
NetZero2050;r.A;t.elect_storage;2062;0
NetZero2050;r.A;t.elect_storage;2063;0
NetZero2050;r.A;t.elect_storage;2064;0
NetZero2050;r.A;t.elect_storage;2065;0
NetZero2050;r.A;t.elect_storage;2066;0
NetZero2050;r.A;t.elect_storage;2067;0
NetZero2050;r.A;t.elect_storage;2068;0
NetZero2050;r.A;t.elect_storage;2069;0
NetZero2050;r.A;t.elect_storage;2070;0
NetZero2050;r.A;t.hydrogen_storage;1990;0
NetZero2050;r.A;t.hydrogen_storage;1991;0
NetZero2050;r.A;t.hydrogen_storage;1992;0
NetZero2050;r.A;t.hydrogen_storage;1993;0
NetZero2050;r.A;t.hydrogen_storage;1994;0
NetZero2050;r.A;t.hydrogen_storage;1995;0
NetZero2050;r.A;t.hydrogen_storage;1996;0
NetZero2050;r.A;t.hydrogen_storage;1997;0
NetZero2050;r.A;t.hydrogen_storage;1998;0
NetZero2050;r.A;t.hydrogen_storage;1999;0
NetZero2050;r.A;t.hydrogen_storage;2000;0
NetZero2050;r.A;t.hydrogen_storage;2001;0
NetZero2050;r.A;t.hydrogen_storage;2002;0
NetZero2050;r.A;t.hydrogen_storage;2003;0
NetZero2050;r.A;t.hydrogen_storage;2004;0
NetZero2050;r.A;t.hydrogen_storage;2005;0
NetZero2050;r.A;t.hydrogen_storage;2006;0
NetZero2050;r.A;t.hydrogen_storage;2007;0
NetZero2050;r.A;t.hydrogen_storage;2008;0
NetZero2050;r.A;t.hydrogen_storage;2009;0
NetZero2050;r.A;t.hydrogen_storage;2010;0
NetZero2050;r.A;t.hydrogen_storage;2011;0
NetZero2050;r.A;t.hydrogen_storage;2012;0
NetZero2050;r.A;t.hydrogen_storage;2013;0
NetZero2050;r.A;t.hydrogen_storage;2014;0
NetZero2050;r.A;t.hydrogen_storage;2015;0
NetZero2050;r.A;t.hydrogen_storage;2016;0
NetZero2050;r.A;t.hydrogen_storage;2017;0
NetZero2050;r.A;t.hydrogen_storage;2018;0
NetZero2050;r.A;t.hydrogen_storage;2019;0
NetZero2050;r.A;t.hydrogen_storage;2020;3.72E-07
NetZero2050;r.A;t.hydrogen_storage;2021;2.53E-06
NetZero2050;r.A;t.hydrogen_storage;2022;0.006353446
NetZero2050;r.A;t.hydrogen_storage;2023;0
NetZero2050;r.A;t.hydrogen_storage;2024;0
NetZero2050;r.A;t.hydrogen_storage;2025;0
NetZero2050;r.A;t.hydrogen_storage;2026;0
NetZero2050;r.A;t.hydrogen_storage;2027;0
NetZero2050;r.A;t.hydrogen_storage;2028;0
NetZero2050;r.A;t.hydrogen_storage;2029;0
NetZero2050;r.A;t.hydrogen_storage;2030;0
NetZero2050;r.A;t.hydrogen_storage;2031;0.000457431
NetZero2050;r.A;t.hydrogen_storage;2032;0
NetZero2050;r.A;t.hydrogen_storage;2033;0
NetZero2050;r.A;t.hydrogen_storage;2034;0
NetZero2050;r.A;t.hydrogen_storage;2035;0
NetZero2050;r.A;t.hydrogen_storage;2036;0
NetZero2050;r.A;t.hydrogen_storage;2037;0
NetZero2050;r.A;t.hydrogen_storage;2038;0.000515761
NetZero2050;r.A;t.hydrogen_storage;2039;0
NetZero2050;r.A;t.hydrogen_storage;2040;0
NetZero2050;r.A;t.hydrogen_storage;2041;0
NetZero2050;r.A;t.hydrogen_storage;2042;0
NetZero2050;r.A;t.hydrogen_storage;2043;0.005416952
NetZero2050;r.A;t.hydrogen_storage;2044;0.015398131
NetZero2050;r.A;t.hydrogen_storage;2045;0.004907051
NetZero2050;r.A;t.hydrogen_storage;2046;0.022541652
NetZero2050;r.A;t.hydrogen_storage;2047;0.011389899
NetZero2050;r.A;t.hydrogen_storage;2048;0
NetZero2050;r.A;t.hydrogen_storage;2049;0
NetZero2050;r.A;t.hydrogen_storage;2050;0
NetZero2050;r.A;t.hydrogen_storage;2051;0
NetZero2050;r.A;t.hydrogen_storage;2052;0
NetZero2050;r.A;t.hydrogen_storage;2053;0
NetZero2050;r.A;t.hydrogen_storage;2054;0
NetZero2050;r.A;t.hydrogen_storage;2055;0
NetZero2050;r.A;t.hydrogen_storage;2056;0
NetZero2050;r.A;t.hydrogen_storage;2057;0
NetZero2050;r.A;t.hydrogen_storage;2058;0
NetZero2050;r.A;t.hydrogen_storage;2059;0
NetZero2050;r.A;t.hydrogen_storage;2060;0
NetZero2050;r.A;t.hydrogen_storage;2061;0
NetZero2050;r.A;t.hydrogen_storage;2062;0
NetZero2050;r.A;t.hydrogen_storage;2063;0
NetZero2050;r.A;t.hydrogen_storage;2064;0
NetZero2050;r.A;t.hydrogen_storage;2065;0
NetZero2050;r.A;t.hydrogen_storage;2066;0
NetZero2050;r.A;t.hydrogen_storage;2067;0
NetZero2050;r.A;t.hydrogen_storage;2068;0
NetZero2050;r.A;t.hydrogen_storage;2069;0
NetZero2050;r.A;t.hydrogen_storage;2070;0
NetZero2050;r.A;t.gas_blender;1990;0
NetZero2050;r.A;t.gas_blender;1991;0
NetZero2050;r.A;t.gas_blender;1992;0
NetZero2050;r.A;t.gas_blender;1993;0
NetZero2050;r.A;t.gas_blender;1994;0
NetZero2050;r.A;t.gas_blender;1995;0
NetZero2050;r.A;t.gas_blender;1996;0
NetZero2050;r.A;t.gas_blender;1997;0
NetZero2050;r.A;t.gas_blender;1998;0
NetZero2050;r.A;t.gas_blender;1999;0
NetZero2050;r.A;t.gas_blender;2000;0
NetZero2050;r.A;t.gas_blender;2001;0
NetZero2050;r.A;t.gas_blender;2002;0
NetZero2050;r.A;t.gas_blender;2003;0
NetZero2050;r.A;t.gas_blender;2004;0
NetZero2050;r.A;t.gas_blender;2005;0
NetZero2050;r.A;t.gas_blender;2006;0
NetZero2050;r.A;t.gas_blender;2007;0
NetZero2050;r.A;t.gas_blender;2008;0
NetZero2050;r.A;t.gas_blender;2009;0
NetZero2050;r.A;t.gas_blender;2010;0
NetZero2050;r.A;t.gas_blender;2011;0
NetZero2050;r.A;t.gas_blender;2012;0
NetZero2050;r.A;t.gas_blender;2013;0
NetZero2050;r.A;t.gas_blender;2014;0
NetZero2050;r.A;t.gas_blender;2015;0
NetZero2050;r.A;t.gas_blender;2016;0
NetZero2050;r.A;t.gas_blender;2017;0
NetZero2050;r.A;t.gas_blender;2018;0
NetZero2050;r.A;t.gas_blender;2019;0
NetZero2050;r.A;t.gas_blender;2020;0
NetZero2050;r.A;t.gas_blender;2021;0
NetZero2050;r.A;t.gas_blender;2022;0
NetZero2050;r.A;t.gas_blender;2023;0
NetZero2050;r.A;t.gas_blender;2024;0
NetZero2050;r.A;t.gas_blender;2025;1.33E-05
NetZero2050;r.A;t.gas_blender;2026;0.00010064
NetZero2050;r.A;t.gas_blender;2027;0.00010064
NetZero2050;r.A;t.gas_blender;2028;0.00010064
NetZero2050;r.A;t.gas_blender;2029;0.00010064
NetZero2050;r.A;t.gas_blender;2030;0.00060327
NetZero2050;r.A;t.gas_blender;2031;0.000372265
NetZero2050;r.A;t.gas_blender;2032;0.000518697
NetZero2050;r.A;t.gas_blender;2033;0.000630701
NetZero2050;r.A;t.gas_blender;2034;0.000904562
NetZero2050;r.A;t.gas_blender;2035;0.001088375
NetZero2050;r.A;t.gas_blender;2036;0.000993656
NetZero2050;r.A;t.gas_blender;2037;0.00071299
NetZero2050;r.A;t.gas_blender;2038;0.00087835
NetZero2050;r.A;t.gas_blender;2039;0.000960823
NetZero2050;r.A;t.gas_blender;2040;0.001070726
NetZero2050;r.A;t.gas_blender;2041;0.000987811
NetZero2050;r.A;t.gas_blender;2042;0.001160761
NetZero2050;r.A;t.gas_blender;2043;0.001331381
NetZero2050;r.A;t.gas_blender;2044;0.001417937
NetZero2050;r.A;t.gas_blender;2045;0.001216093
NetZero2050;r.A;t.gas_blender;2046;0.001163419
NetZero2050;r.A;t.gas_blender;2047;0.001215562
NetZero2050;r.A;t.gas_blender;2048;0.001310239
NetZero2050;r.A;t.gas_blender;2049;0.001382625
NetZero2050;r.A;t.gas_blender;2050;0.000325206
NetZero2050;r.A;t.gas_blender;2051;57.99141638
NetZero2050;r.A;t.gas_blender;2052;0
NetZero2050;r.A;t.gas_blender;2053;8.109574422
NetZero2050;r.A;t.gas_blender;2054;0
NetZero2050;r.A;t.gas_blender;2055;17.8683431
NetZero2050;r.A;t.gas_blender;2056;0
NetZero2050;r.A;t.gas_blender;2057;9.361697297
NetZero2050;r.A;t.gas_blender;2058;0
NetZero2050;r.A;t.gas_blender;2059;38.59117648
NetZero2050;r.A;t.gas_blender;2060;0
NetZero2050;r.A;t.gas_blender;2061;19.16105186
NetZero2050;r.A;t.gas_blender;2062;0
NetZero2050;r.A;t.gas_blender;2063;14.86034205
NetZero2050;r.A;t.gas_blender;2064;0
NetZero2050;r.A;t.gas_blender;2065;7.287607087
NetZero2050;r.A;t.gas_blender;2066;8.465063128
NetZero2050;r.A;t.gas_blender;2067;12.87116524
NetZero2050;r.A;t.gas_blender;2068;16.82028192
NetZero2050;r.A;t.gas_blender;2069;12.71430945
NetZero2050;r.A;t.gas_blender;2070;9.331618071
NetZero2050;r.A;t.biogas_blender;1990;0
NetZero2050;r.A;t.biogas_blender;1991;0
NetZero2050;r.A;t.biogas_blender;1992;0
NetZero2050;r.A;t.biogas_blender;1993;0
NetZero2050;r.A;t.biogas_blender;1994;0
NetZero2050;r.A;t.biogas_blender;1995;0
NetZero2050;r.A;t.biogas_blender;1996;0
NetZero2050;r.A;t.biogas_blender;1997;0
NetZero2050;r.A;t.biogas_blender;1998;0
NetZero2050;r.A;t.biogas_blender;1999;0
NetZero2050;r.A;t.biogas_blender;2000;0
NetZero2050;r.A;t.biogas_blender;2001;0
NetZero2050;r.A;t.biogas_blender;2002;0
NetZero2050;r.A;t.biogas_blender;2003;0
NetZero2050;r.A;t.biogas_blender;2004;0
NetZero2050;r.A;t.biogas_blender;2005;0
NetZero2050;r.A;t.biogas_blender;2006;0
NetZero2050;r.A;t.biogas_blender;2007;0
NetZero2050;r.A;t.biogas_blender;2008;0
NetZero2050;r.A;t.biogas_blender;2009;0
NetZero2050;r.A;t.biogas_blender;2010;0
NetZero2050;r.A;t.biogas_blender;2011;0
NetZero2050;r.A;t.biogas_blender;2012;0
NetZero2050;r.A;t.biogas_blender;2013;0
NetZero2050;r.A;t.biogas_blender;2014;0
NetZero2050;r.A;t.biogas_blender;2015;0
NetZero2050;r.A;t.biogas_blender;2016;0
NetZero2050;r.A;t.biogas_blender;2017;0
NetZero2050;r.A;t.biogas_blender;2018;0
NetZero2050;r.A;t.biogas_blender;2019;0
NetZero2050;r.A;t.biogas_blender;2020;0
NetZero2050;r.A;t.biogas_blender;2021;0
NetZero2050;r.A;t.biogas_blender;2022;0
NetZero2050;r.A;t.biogas_blender;2023;0
NetZero2050;r.A;t.biogas_blender;2024;0
NetZero2050;r.A;t.biogas_blender;2025;0
NetZero2050;r.A;t.biogas_blender;2026;0
NetZero2050;r.A;t.biogas_blender;2027;0
NetZero2050;r.A;t.biogas_blender;2028;0
NetZero2050;r.A;t.biogas_blender;2029;0
NetZero2050;r.A;t.biogas_blender;2030;0
NetZero2050;r.A;t.biogas_blender;2031;0
NetZero2050;r.A;t.biogas_blender;2032;0
NetZero2050;r.A;t.biogas_blender;2033;0
NetZero2050;r.A;t.biogas_blender;2034;0
NetZero2050;r.A;t.biogas_blender;2035;0
NetZero2050;r.A;t.biogas_blender;2036;0
NetZero2050;r.A;t.biogas_blender;2037;0
NetZero2050;r.A;t.biogas_blender;2038;0
NetZero2050;r.A;t.biogas_blender;2039;0
NetZero2050;r.A;t.biogas_blender;2040;0
NetZero2050;r.A;t.biogas_blender;2041;0
NetZero2050;r.A;t.biogas_blender;2042;0
NetZero2050;r.A;t.biogas_blender;2043;0
NetZero2050;r.A;t.biogas_blender;2044;0
NetZero2050;r.A;t.biogas_blender;2045;0
NetZero2050;r.A;t.biogas_blender;2046;0
NetZero2050;r.A;t.biogas_blender;2047;0
NetZero2050;r.A;t.biogas_blender;2048;0
NetZero2050;r.A;t.biogas_blender;2049;0
NetZero2050;r.A;t.biogas_blender;2050;0
NetZero2050;r.A;t.biogas_blender;2051;0
NetZero2050;r.A;t.biogas_blender;2052;0
NetZero2050;r.A;t.biogas_blender;2053;0
NetZero2050;r.A;t.biogas_blender;2054;0
NetZero2050;r.A;t.biogas_blender;2055;0
NetZero2050;r.A;t.biogas_blender;2056;0
NetZero2050;r.A;t.biogas_blender;2057;0
NetZero2050;r.A;t.biogas_blender;2058;0
NetZero2050;r.A;t.biogas_blender;2059;0
NetZero2050;r.A;t.biogas_blender;2060;0
NetZero2050;r.A;t.biogas_blender;2061;0
NetZero2050;r.A;t.biogas_blender;2062;0
NetZero2050;r.A;t.biogas_blender;2063;0
NetZero2050;r.A;t.biogas_blender;2064;0
NetZero2050;r.A;t.biogas_blender;2065;0
NetZero2050;r.A;t.biogas_blender;2066;0
NetZero2050;r.A;t.biogas_blender;2067;0
NetZero2050;r.A;t.biogas_blender;2068;0
NetZero2050;r.A;t.biogas_blender;2069;0
NetZero2050;r.A;t.biogas_blender;2070;0
NetZero2050;r.A;t.hydrogen_blender;1990;0
NetZero2050;r.A;t.hydrogen_blender;1991;0
NetZero2050;r.A;t.hydrogen_blender;1992;0
NetZero2050;r.A;t.hydrogen_blender;1993;0
NetZero2050;r.A;t.hydrogen_blender;1994;0
NetZero2050;r.A;t.hydrogen_blender;1995;0
NetZero2050;r.A;t.hydrogen_blender;1996;0
NetZero2050;r.A;t.hydrogen_blender;1997;0
NetZero2050;r.A;t.hydrogen_blender;1998;0
NetZero2050;r.A;t.hydrogen_blender;1999;0
NetZero2050;r.A;t.hydrogen_blender;2000;0
NetZero2050;r.A;t.hydrogen_blender;2001;0
NetZero2050;r.A;t.hydrogen_blender;2002;0
NetZero2050;r.A;t.hydrogen_blender;2003;0
NetZero2050;r.A;t.hydrogen_blender;2004;0
NetZero2050;r.A;t.hydrogen_blender;2005;0
NetZero2050;r.A;t.hydrogen_blender;2006;0
NetZero2050;r.A;t.hydrogen_blender;2007;0
NetZero2050;r.A;t.hydrogen_blender;2008;0
NetZero2050;r.A;t.hydrogen_blender;2009;0
NetZero2050;r.A;t.hydrogen_blender;2010;0
NetZero2050;r.A;t.hydrogen_blender;2011;0
NetZero2050;r.A;t.hydrogen_blender;2012;0
NetZero2050;r.A;t.hydrogen_blender;2013;0
NetZero2050;r.A;t.hydrogen_blender;2014;0
NetZero2050;r.A;t.hydrogen_blender;2015;0
NetZero2050;r.A;t.hydrogen_blender;2016;0
NetZero2050;r.A;t.hydrogen_blender;2017;0
NetZero2050;r.A;t.hydrogen_blender;2018;0
NetZero2050;r.A;t.hydrogen_blender;2019;0
NetZero2050;r.A;t.hydrogen_blender;2020;0
NetZero2050;r.A;t.hydrogen_blender;2021;0
NetZero2050;r.A;t.hydrogen_blender;2022;0
NetZero2050;r.A;t.hydrogen_blender;2023;0
NetZero2050;r.A;t.hydrogen_blender;2024;0
NetZero2050;r.A;t.hydrogen_blender;2025;0
NetZero2050;r.A;t.hydrogen_blender;2026;0
NetZero2050;r.A;t.hydrogen_blender;2027;0
NetZero2050;r.A;t.hydrogen_blender;2028;0
NetZero2050;r.A;t.hydrogen_blender;2029;0
NetZero2050;r.A;t.hydrogen_blender;2030;0
NetZero2050;r.A;t.hydrogen_blender;2031;0.001405169
NetZero2050;r.A;t.hydrogen_blender;2032;6.39E-05
NetZero2050;r.A;t.hydrogen_blender;2033;0.000341135
NetZero2050;r.A;t.hydrogen_blender;2034;0
NetZero2050;r.A;t.hydrogen_blender;2035;0
NetZero2050;r.A;t.hydrogen_blender;2036;0
NetZero2050;r.A;t.hydrogen_blender;2037;0
NetZero2050;r.A;t.hydrogen_blender;2038;0
NetZero2050;r.A;t.hydrogen_blender;2039;0
NetZero2050;r.A;t.hydrogen_blender;2040;0
NetZero2050;r.A;t.hydrogen_blender;2041;0.000324386
NetZero2050;r.A;t.hydrogen_blender;2042;0.000253536
NetZero2050;r.A;t.hydrogen_blender;2043;0
NetZero2050;r.A;t.hydrogen_blender;2044;0
NetZero2050;r.A;t.hydrogen_blender;2045;0
NetZero2050;r.A;t.hydrogen_blender;2046;0
NetZero2050;r.A;t.hydrogen_blender;2047;0
NetZero2050;r.A;t.hydrogen_blender;2048;0
NetZero2050;r.A;t.hydrogen_blender;2049;0
NetZero2050;r.A;t.hydrogen_blender;2050;0.010727019
NetZero2050;r.A;t.hydrogen_blender;2051;30.36716855
NetZero2050;r.A;t.hydrogen_blender;2052;0
NetZero2050;r.A;t.hydrogen_blender;2053;0
NetZero2050;r.A;t.hydrogen_blender;2054;0
NetZero2050;r.A;t.hydrogen_blender;2055;0
NetZero2050;r.A;t.hydrogen_blender;2056;0
NetZero2050;r.A;t.hydrogen_blender;2057;0
NetZero2050;r.A;t.hydrogen_blender;2058;0
NetZero2050;r.A;t.hydrogen_blender;2059;0
NetZero2050;r.A;t.hydrogen_blender;2060;0
NetZero2050;r.A;t.hydrogen_blender;2061;0
NetZero2050;r.A;t.hydrogen_blender;2062;0
NetZero2050;r.A;t.hydrogen_blender;2063;0
NetZero2050;r.A;t.hydrogen_blender;2064;0
NetZero2050;r.A;t.hydrogen_blender;2065;0
NetZero2050;r.A;t.hydrogen_blender;2066;0
NetZero2050;r.A;t.hydrogen_blender;2067;0
NetZero2050;r.A;t.hydrogen_blender;2068;0
NetZero2050;r.A;t.hydrogen_blender;2069;0
NetZero2050;r.A;t.hydrogen_blender;2070;0
NetZero2050;r.A;t.DAC;1990;0
NetZero2050;r.A;t.DAC;1991;0
NetZero2050;r.A;t.DAC;1992;0
NetZero2050;r.A;t.DAC;1993;0
NetZero2050;r.A;t.DAC;1994;0
NetZero2050;r.A;t.DAC;1995;0
NetZero2050;r.A;t.DAC;1996;0
NetZero2050;r.A;t.DAC;1997;0
NetZero2050;r.A;t.DAC;1998;0
NetZero2050;r.A;t.DAC;1999;0
NetZero2050;r.A;t.DAC;2000;0
NetZero2050;r.A;t.DAC;2001;0
NetZero2050;r.A;t.DAC;2002;0
NetZero2050;r.A;t.DAC;2003;0
NetZero2050;r.A;t.DAC;2004;0
NetZero2050;r.A;t.DAC;2005;0
NetZero2050;r.A;t.DAC;2006;0
NetZero2050;r.A;t.DAC;2007;0
NetZero2050;r.A;t.DAC;2008;0
NetZero2050;r.A;t.DAC;2009;0
NetZero2050;r.A;t.DAC;2010;0
NetZero2050;r.A;t.DAC;2011;0
NetZero2050;r.A;t.DAC;2012;0
NetZero2050;r.A;t.DAC;2013;0
NetZero2050;r.A;t.DAC;2014;0
NetZero2050;r.A;t.DAC;2015;0
NetZero2050;r.A;t.DAC;2016;0
NetZero2050;r.A;t.DAC;2017;28.07487071
NetZero2050;r.A;t.DAC;2018;0
NetZero2050;r.A;t.DAC;2019;0
NetZero2050;r.A;t.DAC;2020;0
NetZero2050;r.A;t.DAC;2021;0
NetZero2050;r.A;t.DAC;2022;0
NetZero2050;r.A;t.DAC;2023;1
NetZero2050;r.A;t.DAC;2024;5
NetZero2050;r.A;t.DAC;2025;10
NetZero2050;r.A;t.DAC;2026;10
NetZero2050;r.A;t.DAC;2027;10
NetZero2050;r.A;t.DAC;2028;10
NetZero2050;r.A;t.DAC;2029;10
NetZero2050;r.A;t.DAC;2030;10
NetZero2050;r.A;t.DAC;2031;0
NetZero2050;r.A;t.DAC;2032;0
NetZero2050;r.A;t.DAC;2033;0
NetZero2050;r.A;t.DAC;2034;10
NetZero2050;r.A;t.DAC;2035;10
NetZero2050;r.A;t.DAC;2036;10
NetZero2050;r.A;t.DAC;2037;10
NetZero2050;r.A;t.DAC;2038;10
NetZero2050;r.A;t.DAC;2039;10
NetZero2050;r.A;t.DAC;2040;0
NetZero2050;r.A;t.DAC;2041;0
NetZero2050;r.A;t.DAC;2042;0
NetZero2050;r.A;t.DAC;2043;0
NetZero2050;r.A;t.DAC;2044;0
NetZero2050;r.A;t.DAC;2045;0
NetZero2050;r.A;t.DAC;2046;10
NetZero2050;r.A;t.DAC;2047;10
NetZero2050;r.A;t.DAC;2048;10
NetZero2050;r.A;t.DAC;2049;10
NetZero2050;r.A;t.DAC;2050;10
NetZero2050;r.A;t.DAC;2051;13.46204267
NetZero2050;r.A;t.DAC;2052;6.523135228
NetZero2050;r.A;t.DAC;2053;6.853368604
NetZero2050;r.A;t.DAC;2054;7.315159555
NetZero2050;r.A;t.DAC;2055;8.099967586
NetZero2050;r.A;t.DAC;2056;8.868668234
NetZero2050;r.A;t.DAC;2057;10.42722127
NetZero2050;r.A;t.DAC;2058;12.41895584
NetZero2050;r.A;t.DAC;2059;12.95788554
NetZero2050;r.A;t.DAC;2060;8.953494494
NetZero2050;r.A;t.DAC;2061;5.782545093
NetZero2050;r.A;t.DAC;2062;5.477944352
NetZero2050;r.A;t.DAC;2063;5.246466388
NetZero2050;r.A;t.DAC;2064;5.262405268
NetZero2050;r.A;t.DAC;2065;5.317423671
NetZero2050;r.A;t.DAC;2066;5.529083187
NetZero2050;r.A;t.DAC;2067;5.832341282
NetZero2050;r.A;t.DAC;2068;6.081671455
NetZero2050;r.A;t.DAC;2069;6.545474858
NetZero2050;r.A;t.DAC;2070;6.868026607
